{
    "@class": "com.kony.gen.viz.model.component.KVizButton",
    "DNDConfig": null,
    "__parentReadjusting__": false,
    "_height_": {
        "type": "string",
        "value": "50dp"
    },
    "_left_": {
        "type": "string",
        "value": "4.92%"
    },
    "_margin_": [
        6,
        6,
        6,
        6
    ],
    "_padding_": [
        0,
        0,
        0,
        0
    ],
    "_skin_": "s7fe965834914666b8b106bfa6fb37b7",
    "_text_": "Convert String (number) to number",
    "_top_": {
        "type": "string",
        "value": "64.28%"
    },
    "_width_": {
        "type": "string",
        "value": "300dp"
    },
    "canUpdateUI": true,
    "centerx": {
        "type": "string",
        "value": "50%"
    },
    "containerweight": 100,
    "contentalignment": 5,
    "displaytext": true,
    "focusskin": "sc126d97a5f7484a855685d432cbc66a",
    "id": "CopyButton0cc6d33d50aa646",
    "info": null,
    "iscustomlayout": false,
    "isvisible": true,
    "kuid": "i201a6568fba48f99f591c0cc28b1e57",
    "name": "kony.ui.Button",
    "onclick": "AS_Button_c3506d1be9a7457d8707e99bff748809",
    "parent": "FlexContainer0ff299898edb941",
    "pf": "Form1",
    "retaincontentalignment": false,
    "retainflexpositionproperties": false,
    "wType": "Button",
    "zindex": 1
}