{
    "@class": "com.kony.gen.viz.model.component.KVizButton",
    "DNDConfig": null,
    "__parentReadjusting__": false,
    "_height_": {
        "type": "string",
        "value": "50dp"
    },
    "_left_": {
        "type": "string",
        "value": "9.46%"
    },
    "_margin_": [
        6,
        6,
        6,
        6
    ],
    "_padding_": [
        0,
        0,
        0,
        0
    ],
    "_skin_": "s7fe965834914666b8b106bfa6fb37b7",
    "_text_": "Get a unique identifier for the device",
    "_top_": {
        "type": "string",
        "value": "101.47%"
    },
    "_width_": {
        "type": "string",
        "value": "300dp"
    },
    "canUpdateUI": true,
    "centerx": {
        "type": "string",
        "value": "49.97%"
    },
    "containerweight": 100,
    "contentalignment": 5,
    "displaytext": true,
    "focusskin": "sc126d97a5f7484a855685d432cbc66a",
    "id": "CopyButton0cf52eb625db440",
    "info": null,
    "iscustomlayout": false,
    "isvisible": true,
    "kuid": "c2c43bf3b9d44ae585856aa3ec411049",
    "name": "kony.ui.Button",
    "onclick": "AS_Button_a439d9b11bf64203850860ecd3d78a54",
    "parent": "FlexContainer0d7c2df31944a42",
    "pf": "Form1",
    "retaincontentalignment": false,
    "retainflexpositionproperties": false,
    "wType": "Button",
    "zindex": 1
}