{
    "@class": "com.kony.gen.viz.model.component.KVizButton",
    "DNDConfig": null,
    "__parentReadjusting__": false,
    "_height_": {
        "type": "string",
        "value": "50dp"
    },
    "_left_": {
        "type": "string",
        "value": "9.96%"
    },
    "_margin_": [
        6,
        6,
        6,
        6
    ],
    "_padding_": [
        0,
        0,
        0,
        0
    ],
    "_skin_": "s7fe965834914666b8b106bfa6fb37b7",
    "_text_": "Check Device for Accelerometer Support",
    "_top_": {
        "type": "string",
        "value": "56.10%"
    },
    "_width_": {
        "type": "string",
        "value": "300dp"
    },
    "canUpdateUI": true,
    "centerx": {
        "type": "string",
        "value": "49.97%"
    },
    "containerweight": 100,
    "contentalignment": 5,
    "displaytext": true,
    "focusskin": "sc126d97a5f7484a855685d432cbc66a",
    "id": "CopyButton0fdb632d83a854f",
    "info": null,
    "iscustomlayout": false,
    "isvisible": true,
    "kuid": "db7daf4e157048808b840472c7f7b216",
    "name": "kony.ui.Button",
    "onclick": "AS_Button_ad4acab61bbe4e90a0e369051c7e293c",
    "parent": "FlexContainer0d7c2df31944a42",
    "pf": "Form1",
    "retaincontentalignment": false,
    "retainflexpositionproperties": false,
    "wType": "Button",
    "zindex": 1
}