{
    "@class": "com.kony.gen.viz.model.component.KVizButton",
    "DNDConfig": null,
    "__parentReadjusting__": false,
    "_height_": {
        "type": "string",
        "value": "50dp"
    },
    "_left_": {
        "type": "string",
        "value": "9.98%"
    },
    "_margin_": [
        6,
        6,
        6,
        6
    ],
    "_padding_": [
        0,
        0,
        0,
        0
    ],
    "_skin_": "s7fe965834914666b8b106bfa6fb37b7",
    "_text_": "Check Device for Touch Support",
    "_top_": {
        "type": "string",
        "value": "92.85%"
    },
    "_width_": {
        "type": "string",
        "value": "300dp"
    },
    "canUpdateUI": true,
    "centerx": {
        "type": "string",
        "value": "50.03%"
    },
    "containerweight": 100,
    "contentalignment": 5,
    "displaytext": true,
    "focusskin": "sc126d97a5f7484a855685d432cbc66a",
    "id": "CopyButton0ce7c086fea7a4a",
    "info": null,
    "iscustomlayout": false,
    "isvisible": true,
    "kuid": "aedfa2e630624f89abdd952dad5b9985",
    "name": "kony.ui.Button",
    "onclick": "AS_Button_i62956de3829427a84775f9109255782",
    "parent": "FlexContainer0d7c2df31944a42",
    "pf": "Form1",
    "retaincontentalignment": false,
    "retainflexpositionproperties": false,
    "wType": "Button",
    "zindex": 1
}