{
    "@class": "com.kony.gen.viz.model.component.KVizButton",
    "DNDConfig": null,
    "__parentReadjusting__": false,
    "_height_": {
        "type": "string",
        "value": "50dp"
    },
    "_left_": {
        "type": "string",
        "value": "9.97%"
    },
    "_margin_": [
        6,
        6,
        6,
        6
    ],
    "_padding_": [
        0,
        0,
        0,
        0
    ],
    "_skin_": "s7fe965834914666b8b106bfa6fb37b7",
    "_text_": "Check Device for GPS Support",
    "_top_": {
        "type": "string",
        "value": "74.06%"
    },
    "_width_": {
        "type": "string",
        "value": "300dp"
    },
    "canUpdateUI": true,
    "centerx": {
        "type": "string",
        "value": "50.06%"
    },
    "containerweight": 100,
    "contentalignment": 5,
    "displaytext": true,
    "focusskin": "sc126d97a5f7484a855685d432cbc66a",
    "id": "CopyButton0df3f69aaf58741",
    "info": null,
    "iscustomlayout": false,
    "isvisible": true,
    "kuid": "ec531fbe52844e018e6d99aa1d97b619",
    "name": "kony.ui.Button",
    "onclick": "AS_Button_b27715e65df94a52b3d406f2f8a963a4",
    "parent": "FlexContainer0d7c2df31944a42",
    "pf": "Form1",
    "retaincontentalignment": false,
    "retainflexpositionproperties": false,
    "wType": "Button",
    "zindex": 1
}