{
    "@class": "com.kony.gen.viz.model.component.KVizButton",
    "DNDConfig": null,
    "__parentReadjusting__": false,
    "_height_": {
        "type": "string",
        "value": "50dp"
    },
    "_left_": {
        "type": "string",
        "value": "9.90%"
    },
    "_margin_": [
        6,
        6,
        6,
        6
    ],
    "_padding_": [
        0,
        0,
        0,
        0
    ],
    "_render_": true,
    "_skin_": "s7fe965834914666b8b106bfa6fb37b7",
    "_text_": "Get Device ID",
    "_top_": {
        "type": "string",
        "value": "110.10%"
    },
    "_width_": {
        "type": "string",
        "value": "300dp"
    },
    "android": {
        "render": true
    },
    "canUpdateUI": true,
    "centerx": {
        "type": "string",
        "value": "49.94%"
    },
    "containerweight": 100,
    "contentalignment": 5,
    "displaytext": true,
    "focusskin": "sc126d97a5f7484a855685d432cbc66a",
    "id": "CopyButton0a9d77708c9c548",
    "info": null,
    "iphone": {
        "render": false
    },
    "iscustomlayout": false,
    "isvisible": true,
    "kuid": "jbb9ea1478eb4ea9a0ced50943284c0b",
    "name": "kony.ui.Button",
    "onclick": "AS_Button_e8949534feea49cc8fe3a488ff7b48af",
    "parent": "FlexContainer0d7c2df31944a42",
    "pf": "Form1",
    "retaincontentalignment": false,
    "retainflexpositionproperties": false,
    "spaan": {
        "render": true
    },
    "spabb": {
        "render": false
    },
    "spaip": {
        "render": false
    },
    "spawinphone8": {
        "render": false
    },
    "wType": "Button",
    "winphone8": {
        "render": false
    },
    "zindex": 1
}