{
    "DNDConfig": null,
    "__parentReadjusting__": false,
    "_height_": {
        "type": "string",
        "value": "223dp"
    },
    "_left_": {
        "type": "string",
        "value": "3.70%"
    },
    "_margin_": [
        0,
        0,
        0,
        0
    ],
    "_orientation_": 6,
    "_padding_": [
        0,
        0,
        0,
        0
    ],
    "_percent_": true,
    "_render_": true,
    "_skin_": "sed70602c3b04eb4bdd8f104bdc04317",
    "_top_": {
        "type": "string",
        "value": "117.07%"
    },
    "_width_": {
        "type": "string",
        "value": "88.89%"
    },
    "allboxes": [],
    "android": {
        "render": true
    },
    "autogrowmode": 0,
    "canUpdateUI": true,
    "centerx": {
        "type": "string",
        "value": "50%"
    },
    "children": [
        "tbx",
        "CopyButton0e087acae185648",
        "CopyButton0cc6d33d50aa646"
    ],
    "clipbounds": true,
    "containerweight": 100,
    "enablescrolling": true,
    "id": "FlexContainer0ff299898edb941",
    "info": null,
    "iphone": {
        "render": false
    },
    "iscustomlayout": false,
    "isvisible": true,
    "kuid": "bab1c8aa859d4e4cbc92d0bfb0f49af0",
    "layouttype": 2,
    "name": "kony.ui.FlexContainer",
    "parent": "FlexContainer0d7c2df31944a42",
    "pf": "Form1",
    "retaincontentalignment": false,
    "retainflexpositionproperties": false,
    "retainflowhorizontalalignment": false,
    "snapgridsize": 10,
    "snaptogrid": true,
    "spaan": {
        "render": true
    },
    "spabb": {
        "render": true
    },
    "spaip": {
        "render": false
    },
    "spawinphone8": {
        "render": true
    },
    "wType": "FlexContainer",
    "widgetalignment": 1,
    "winphone8": {
        "render": true
    },
    "zindex": 1
}