{
    "DNDConfig": null,
    "__parentReadjusting__": false,
    "_height_": {
        "type": "string",
        "value": "94.38%"
    },
    "_left_": {
        "type": "string",
        "value": "0dp"
    },
    "_margin_": [
        0,
        0,
        0,
        0
    ],
    "_orientation_": 6,
    "_padding_": [
        0,
        0,
        0,
        0
    ],
    "_percent_": true,
    "_skin_": "se986322007c462fa1750da8d0da67c9",
    "_top_": {
        "type": "string",
        "value": "40dp"
    },
    "_width_": {
        "type": "string",
        "value": "100%"
    },
    "allboxes": [],
    "allowhorizontalbounce": false,
    "allowverticalbounce": true,
    "bounces": true,
    "canUpdateUI": true,
    "children": [
        "Label0g0066b0f20bd47",
        "Button0bab0fd0f9ebf4d",
        "CopyButton0daa4628bf14848",
        "CopyButton0c63014b7ec7743",
        "CopyButton0a9d77708c9c548",
        "CopyButton0i0fe241cc1bf4c",
        "CopyButton0fdb632d83a854f",
        "CopyButton0h06b6ab555414e",
        "CopyButton0df3f69aaf58741",
        "CopyButton0fe9aa53c276b4e",
        "CopyButton0ce7c086fea7a4a",
        "CopyButton0cf52eb625db440",
        "FlexContainer0ff299898edb941"
    ],
    "clipbounds": true,
    "containerweight": 100,
    "decelerat": false,
    "dragg": false,
    "enablescrolling": true,
    "horizontalscrollindicator": true,
    "id": "FlexContainer0d7c2df31944a42",
    "info": null,
    "iscustomlayout": false,
    "isvisible": true,
    "kuid": "de26f8e5104946e88f22d8ba92c727be",
    "layouttype": 2,
    "name": "kony.ui.FlexScrollContainer",
    "pagingenabled": false,
    "parent": "Form1",
    "pf": "Form1",
    "retaincontentalignment": false,
    "retainflexpositionproperties": false,
    "retainflowhorizontalalignment": false,
    "scrolldirection": 2,
    "snapgridsize": 10,
    "snaptogrid": true,
    "track": false,
    "verticalscrollindicator": true,
    "vizProps": {},
    "wType": "FlexScrollContainer",
    "widgetalignment": 1,
    "zindex": 1
}