{
    "@class": "com.kony.gen.viz.model.component.KVizTextBox2",
    "DNDConfig": null,
    "__parentReadjusting__": false,
    "_height_": {
        "type": "string",
        "value": "40dp"
    },
    "_left_": {
        "type": "string",
        "value": "15dp"
    },
    "_margin_": [
        0,
        0,
        0,
        0
    ],
    "_padding_": [
        3,
        0,
        0,
        0
    ],
    "_placeholder_": "Enter any Number or String for conversion",
    "_skin_": "s4ed459870204d3e959e26a2d66ba31e",
    "_text_": "",
    "_top_": {
        "type": "string",
        "value": "23dp"
    },
    "_width_": {
        "type": "string",
        "value": "300dp"
    },
    "autocapitalize": "none",
    "autocomplete": false,
    "autocorrect": false,
    "autofilter": false,
    "canUpdateUI": true,
    "centerx": {
        "type": "string",
        "value": "50%"
    },
    "containerheight": "",
    "containerheightmode": 1,
    "containerweight": 100,
    "contentalignment": 4,
    "focusskin": "s51d89a358af42f39b2131ef53b459fe",
    "id": "tbx",
    "info": null,
    "iscustomlayout": false,
    "isvisible": true,
    "keyboardtype": "A",
    "kuid": "ffd3838ce36344799d1b3e8da0f8212f",
    "mode": "A",
    "name": "kony.ui.TextBox2",
    "parent": "FlexContainer0ff299898edb941",
    "pf": "Form1",
    "placeholderskin": "s50a437363724203bd026b9ea81accd0",
    "retaincontentalignment": false,
    "retainflexpositionproperties": false,
    "securetextentry": false,
    "textinputmode": "A",
    "tooltip": "",
    "viewtype": "default",
    "wType": "TextField",
    "zindex": 1
}