{
    "@class": "com.kony.gen.viz.model.component.KVizButton",
    "DNDConfig": null,
    "__parentReadjusting__": false,
    "_height_": {
        "type": "string",
        "value": "50dp"
    },
    "_left_": {
        "type": "string",
        "value": "9.35%"
    },
    "_margin_": [
        6,
        6,
        6,
        6
    ],
    "_padding_": [
        0,
        0,
        0,
        0
    ],
    "_skin_": "s550af05964542c19f7ceab8d47b7342",
    "_text_": "Check whether the string contains ASCII alphabets",
    "_top_": {
        "type": "string",
        "value": "150dp"
    },
    "_width_": {
        "type": "string",
        "value": "300dp"
    },
    "canUpdateUI": true,
    "centerx": {
        "type": "string",
        "value": "50.03%"
    },
    "containerweight": 100,
    "contentalignment": 5,
    "displaytext": true,
    "focusskin": "sc309733adb74f52942dd18a09c87981",
    "id": "btnASCII",
    "info": null,
    "iscustomlayout": false,
    "isvisible": true,
    "kuid": "hceeeeea62784838a2ce7b954a1320f4",
    "name": "kony.ui.Button",
    "onclick": "AS_Button_b87b7a1cd8c14ecdb10a82cf7a6140bf",
    "parent": "FlexContainer0j0929fecb58f40",
    "pf": "Form2",
    "retaincontentalignment": false,
    "retainflexpositionproperties": false,
    "wType": "Button",
    "zindex": 1
}