{
    "@class": "com.kony.gen.viz.model.component.KVizButton",
    "DNDConfig": null,
    "__parentReadjusting__": false,
    "_height_": {
        "type": "string",
        "value": "50dp"
    },
    "_left_": {
        "type": "string",
        "value": "29.30%"
    },
    "_margin_": [
        6,
        6,
        6,
        6
    ],
    "_padding_": [
        0,
        0,
        0,
        0
    ],
    "_skin_": "s550af05964542c19f7ceab8d47b7342",
    "_text_": "Back",
    "_top_": {
        "type": "string",
        "value": "583dp"
    },
    "_width_": {
        "type": "string",
        "value": "149dp"
    },
    "canUpdateUI": true,
    "containerweight": 100,
    "contentalignment": 5,
    "displaytext": true,
    "focusskin": "sc309733adb74f52942dd18a09c87981",
    "id": "btnBack",
    "info": null,
    "iscustomlayout": false,
    "isvisible": true,
    "kuid": "i8b50f1a54bc4df4b1ab2e1825a7966a",
    "name": "kony.ui.Button",
    "onclick": "AS_Button_c9fa59e43a3e4eee89c370a943669670",
    "parent": "FlexContainer0j0929fecb58f40",
    "pf": "Form2",
    "retaincontentalignment": false,
    "retainflexpositionproperties": false,
    "wType": "Button",
    "zindex": 1
}