{
    "@class": "com.kony.gen.viz.model.component.KVizButton",
    "DNDConfig": null,
    "__parentReadjusting__": false,
    "_height_": {
        "type": "string",
        "value": "50dp"
    },
    "_left_": {
        "type": "string",
        "value": "9.78%"
    },
    "_margin_": [
        6,
        6,
        6,
        6
    ],
    "_padding_": [
        0,
        0,
        0,
        0
    ],
    "_skin_": "s550af05964542c19f7ceab8d47b7342",
    "_text_": "Concatenate the string with itself",
    "_top_": {
        "type": "string",
        "value": "388dp"
    },
    "_width_": {
        "type": "string",
        "value": "300dp"
    },
    "canUpdateUI": true,
    "centerx": {
        "type": "string",
        "value": "50.03%"
    },
    "containerweight": 100,
    "contentalignment": 5,
    "displaytext": true,
    "focusskin": "sc309733adb74f52942dd18a09c87981",
    "id": "btnConcatenate",
    "info": null,
    "iscustomlayout": false,
    "isvisible": true,
    "kuid": "fe3c554456684c358f6db660d0b61c48",
    "name": "kony.ui.Button",
    "onclick": "AS_Button_bc9bc7ed509b45bca7e8b2c17b7be86e",
    "parent": "FlexContainer0j0929fecb58f40",
    "pf": "Form2",
    "retaincontentalignment": false,
    "retainflexpositionproperties": false,
    "wType": "Button",
    "zindex": 1
}