{
    "@class": "com.kony.gen.viz.model.component.KVizButton",
    "DNDConfig": null,
    "__parentReadjusting__": false,
    "_height_": {
        "type": "string",
        "value": "50dp"
    },
    "_left_": {
        "type": "string",
        "value": "9.36%"
    },
    "_margin_": [
        6,
        6,
        6,
        6
    ],
    "_padding_": [
        0,
        0,
        0,
        0
    ],
    "_skin_": "s550af05964542c19f7ceab8d47b7342",
    "_text_": "Check whether the string contains only Numeric characters",
    "_top_": {
        "type": "string",
        "value": "270dp"
    },
    "_width_": {
        "type": "string",
        "value": "300dp"
    },
    "canUpdateUI": true,
    "centerx": {
        "type": "string",
        "value": "50.08%"
    },
    "containerweight": 100,
    "contentalignment": 5,
    "displaytext": true,
    "focusskin": "sc309733adb74f52942dd18a09c87981",
    "id": "CopybtnASCIIAlphanumeric0a841e363f73848",
    "info": null,
    "iscustomlayout": false,
    "isvisible": true,
    "kuid": "j1c59a56afca425180b12db1c501eb03",
    "name": "kony.ui.Button",
    "onclick": "AS_Button_gc36fee38d314b7a99ae6a79294c9124",
    "parent": "FlexContainer0j0929fecb58f40",
    "pf": "Form2",
    "retaincontentalignment": false,
    "retainflexpositionproperties": false,
    "wType": "Button",
    "zindex": 1
}