{
    "DNDConfig": null,
    "__parentReadjusting__": false,
    "_height_": {
        "type": "string",
        "value": "100.83%"
    },
    "_left_": {
        "type": "string",
        "value": "0dp"
    },
    "_margin_": [
        0,
        0,
        0,
        0
    ],
    "_orientation_": 6,
    "_padding_": [
        0,
        0,
        0,
        0
    ],
    "_percent_": true,
    "_skin_": "s5115fdbfa284d57b0f802d78db4a430",
    "_top_": {
        "type": "string",
        "value": "-7dp"
    },
    "_width_": {
        "type": "string",
        "value": "100%"
    },
    "allboxes": [],
    "autogrowmode": 0,
    "canUpdateUI": true,
    "children": [
        "tbxInputString",
        "btnASCII",
        "btnASCIIAlphanumeric",
        "CopybtnASCIIAlphanumeric0a841e363f73848",
        "btnEmail",
        "btnConcatenate",
        "btnReverse",
        "btnTrim",
        "btnBack",
        "Label0e71f69cb7bd743"
    ],
    "clipbounds": true,
    "containerweight": 100,
    "enablescrolling": true,
    "id": "FlexContainer0j0929fecb58f40",
    "info": null,
    "iscustomlayout": false,
    "isvisible": true,
    "kuid": "b5a2ef1f38c746e29e33626b4ca0b33a",
    "layouttype": 2,
    "name": "kony.ui.FlexContainer",
    "parent": "Form2",
    "pf": "Form2",
    "retaincontentalignment": false,
    "retainflexpositionproperties": false,
    "retainflowhorizontalalignment": false,
    "snapgridsize": 10,
    "snaptogrid": true,
    "wType": "FlexContainer",
    "widgetalignment": 1,
    "zindex": 1
}