{
    "@class": "com.kony.gen.viz.model.component.KVizTextBox2",
    "DNDConfig": null,
    "__parentReadjusting__": false,
    "_height_": {
        "type": "string",
        "value": "40dp"
    },
    "_left_": {
        "type": "string",
        "value": "35dp"
    },
    "_margin_": [
        0,
        0,
        0,
        0
    ],
    "_padding_": [
        3,
        0,
        0,
        0
    ],
    "_placeholder_": "Enter any string",
    "_skin_": "se9daeae6bdf49f7b1fe1212268827cc",
    "_text_": "",
    "_top_": {
        "type": "string",
        "value": "80dp"
    },
    "_width_": {
        "type": "string",
        "value": "300dp"
    },
    "autocapitalize": "none",
    "autocomplete": false,
    "autocorrect": false,
    "autofilter": false,
    "canUpdateUI": true,
    "centerx": {
        "type": "string",
        "value": "50.09%"
    },
    "containerheight": "",
    "containerheightmode": 1,
    "containerweight": 100,
    "contentalignment": 4,
    "focusskin": "sac0daf8cf9e4cbcb0dbb08282a436b2",
    "id": "tbxInputString",
    "info": null,
    "iscustomlayout": false,
    "isvisible": true,
    "keyboardtype": "A",
    "kuid": "h97250b1a408478a94b16d5e26ab5901",
    "mode": "A",
    "name": "kony.ui.TextBox2",
    "parent": "FlexContainer0j0929fecb58f40",
    "pf": "Form2",
    "placeholderskin": "s8ca9d8d34b141c6ad298c50f4d1357d",
    "retaincontentalignment": false,
    "retainflexpositionproperties": false,
    "securetextentry": false,
    "textinputmode": "A",
    "tooltip": "",
    "viewtype": "default",
    "wType": "TextField",
    "zindex": 1
}