{
    "@class": "com.kony.gen.viz.model.component.KVizButton",
    "DNDConfig": null,
    "__parentReadjusting__": false,
    "_height_": {
        "type": "string",
        "value": "50dp"
    },
    "_left_": {
        "type": "string",
        "value": "27dp"
    },
    "_margin_": [
        6,
        6,
        6,
        6
    ],
    "_padding_": [
        0,
        0,
        0,
        0
    ],
    "_skin_": "saac0cc0a3a14cf19611db6eb9ac4601",
    "_text_": "Read settings",
    "_top_": {
        "type": "string",
        "value": "21dp"
    },
    "_width_": {
        "type": "string",
        "value": "300dp"
    },
    "canUpdateUI": true,
    "centerx": {
        "type": "string",
        "value": "50%"
    },
    "containerweight": 100,
    "contentalignment": 5,
    "displaytext": true,
    "focusskin": "saac0cc0a3a14cf19611db6eb9ac4601",
    "id": "Button0dbdaf9b1c79040",
    "info": null,
    "iscustomlayout": false,
    "isvisible": true,
    "kuid": "c1882a75a83d41dcb6ade3ea29c517fe",
    "name": "kony.ui.Button",
    "onclick": "AS_Button_bc380ffea8874a35b59959c358aeffda",
    "parent": "frmAppSettings",
    "pf": "frmAppSettings",
    "retaincontentalignment": false,
    "retainflexpositionproperties": false,
    "wType": "Button",
    "zindex": 1
}