{
  "android": {
    "font_name": "default"
  },
  "androidwearos": {
    "font_name": "default"
  },
  "background_color": "ffffffff",
  "bg_type": "one",
  "border_color": "4b88f1ff",
  "border_style": "plain",
  "border_type": 0,
  "border_width": 1,
  "desktopweb": {
    "font_name": "Helvetica"
  },
  "font_color": "333333ff",
  "font_name": "iphoneSystem",
  "font_size": 107,
  "font_style": "normal",
  "font_weight": "400",
  "ipad": {
    "font_name": "System"
  },
  "iphone": {
    "font_name": "System"
  },
  "isDefaultSkin": true,
  "kiosk": {
    "font_name": "None"
  },
  "kuid": "sac0daf8cf9e4cbcb0dbb08282a436b2",
  "spaan": {
    "font_name": "Helvetica"
  },
  "spaandroidtablet": {
    "font_name": "Helvetica"
  },
  "spabb": {
    "font_name": "Helvetica"
  },
  "spaip": {
    "font_name": "Helvetica"
  },
  "spaipad": {
    "font_name": "Helvetica"
  },
  "spawindowstablet": {
    "font_name": "Helvetica"
  },
  "spawinphone8": {
    "font_name": "Helvetica"
  },
  "tabrcandroid": {
    "font_name": "default"
  },
  "wType": "TextField",
  "watchos": {
    "font_name": "System"
  },
  "windows8": {
    "font_name": "None"
  },
  "winphone8": {
    "font_name": "None"
  }
}