{
    "@class": "com.kony.gen.viz.model.component.KVizButton",
    "DNDConfig": null,
    "__parentReadjusting__": false,
    "_height_": {
        "type": "string",
        "value": "50dp"
    },
    "_left_": {
        "type": "string",
        "value": "65.89%"
    },
    "_margin_": [
        6,
        6,
        6,
        6
    ],
    "_padding_": [
        0,
        0,
        0,
        0
    ],
    "_skin_": "s969fc8fadb34dc5957ac520dad8fe23",
    "_text_": "Remove",
    "_top_": {
        "type": "string",
        "value": "258dp"
    },
    "_width_": {
        "type": "string",
        "value": "111dp"
    },
    "canUpdateUI": true,
    "centerx": {
        "type": "string",
        "value": "80.68%"
    },
    "containerweight": 100,
    "contentalignment": 5,
    "displaytext": true,
    "focusskin": "s84a4a9f4622481288cbbd0c4dbaa5af",
    "id": "btnRemove",
    "info": null,
    "iscustomlayout": false,
    "isvisible": true,
    "kuid": "e7eb06a4b0894f23a53f6fe986c4b2bd",
    "name": "kony.ui.Button",
    "onclick": "AS_Button_e4b5d71a0512417194f9bbe12d89a6b9",
    "parent": "flxBody",
    "pf": "frmHome",
    "retaincontentalignment": false,
    "retainflexpositionproperties": false,
    "wType": "Button",
    "zindex": 1
}