{
    "@class": "com.kony.gen.viz.model.component.KVizButton",
    "DNDConfig": null,
    "__parentReadjusting__": false,
    "_height_": {
        "type": "string",
        "value": "50dp"
    },
    "_left_": {
        "type": "string",
        "value": "34.80%"
    },
    "_margin_": [
        6,
        6,
        6,
        6
    ],
    "_padding_": [
        0,
        0,
        0,
        0
    ],
    "_skin_": "s2405f71cd3c4f029b1d9580af04e423",
    "_text_": "Retreive",
    "_top_": {
        "type": "string",
        "value": "258dp"
    },
    "_width_": {
        "type": "string",
        "value": "110dp"
    },
    "canUpdateUI": true,
    "centerx": {
        "type": "string",
        "value": "48.89%"
    },
    "containerweight": 100,
    "contentalignment": 5,
    "displaytext": true,
    "focusskin": "s84a4a9f4622481288cbbd0c4dbaa5af",
    "id": "btnRetreive",
    "info": null,
    "iscustomlayout": false,
    "isvisible": true,
    "kuid": "ade38fbfa9be4d7eaa2d6d3d5c161db1",
    "name": "kony.ui.Button",
    "onclick": "AS_Button_h0aa65b0b27540dc80c99ce25f001672",
    "parent": "flxBody",
    "pf": "frmHome",
    "retaincontentalignment": false,
    "retainflexpositionproperties": false,
    "wType": "Button",
    "zindex": 1
}