{
    "@class": "com.kony.gen.viz.model.component.KVizButton",
    "DNDConfig": null,
    "__parentReadjusting__": false,
    "_height_": {
        "type": "string",
        "value": "50dp"
    },
    "_left_": {
        "type": "string",
        "value": "4.54%"
    },
    "_margin_": [
        6,
        6,
        6,
        6
    ],
    "_padding_": [
        0,
        0,
        0,
        0
    ],
    "_skin_": "s6330b764e324c90b6aa9f6f0fbb4450",
    "_text_": "Save",
    "_top_": {
        "type": "string",
        "value": "258dp"
    },
    "_width_": {
        "type": "string",
        "value": "107dp"
    },
    "canUpdateUI": true,
    "centerx": {
        "type": "string",
        "value": "18.46%"
    },
    "containerweight": 100,
    "contentalignment": 5,
    "displaytext": true,
    "focusskin": "s84a4a9f4622481288cbbd0c4dbaa5af",
    "id": "btnSave",
    "info": null,
    "iscustomlayout": false,
    "isvisible": true,
    "kuid": "a602c5577e564c3f8ce510b5aa60843f",
    "name": "kony.ui.Button",
    "onclick": "AS_Button_d0b4f1654622443eae80bc95496aface",
    "parent": "flxBody",
    "pf": "frmHome",
    "retaincontentalignment": false,
    "retainflexpositionproperties": false,
    "wType": "Button",
    "zindex": 1
}