{
    "@class": "com.kony.gen.viz.model.component.KVizTextBox2",
    "DNDConfig": null,
    "__parentReadjusting__": false,
    "_height_": {
        "type": "string",
        "value": "127dp"
    },
    "_left_": {
        "type": "string",
        "value": "17dp"
    },
    "_margin_": [
        0,
        0,
        0,
        0
    ],
    "_padding_": [
        3,
        0,
        0,
        0
    ],
    "_placeholder_": "Enter your data",
    "_right_": {
        "type": "string",
        "value": "17dp"
    },
    "_skin_": "s7d6ca19e42247bda68c32e38f652d49",
    "_text_": "",
    "_top_": {
        "type": "string",
        "value": "108dp"
    },
    "_width_": {
        "type": "ref",
        "value": "preferred"
    },
    "autocapitalize": "none",
    "autocomplete": false,
    "autocorrect": false,
    "autofilter": false,
    "canUpdateUI": true,
    "centerx": {
        "type": "string",
        "value": "50%"
    },
    "containerheight": "",
    "containerheightmode": 1,
    "containerweight": 100,
    "contentalignment": 1,
    "focusskin": "s9dc04a4b50443fcac9c70e03329beaf",
    "id": "tbxData",
    "info": null,
    "iscustomlayout": false,
    "isvisible": true,
    "keyboardtype": "A",
    "kuid": "c8c0bd6781814b0982fb63eab82ea412",
    "mode": "A",
    "name": "kony.ui.TextBox2",
    "parent": "flxBody",
    "pf": "frmHome",
    "placeholderskin": "s6c08595434848139256f5fba26257a8",
    "retaincontentalignment": false,
    "retainflexpositionproperties": false,
    "securetextentry": false,
    "textinputmode": "A",
    "tooltip": "",
    "viewtype": "default",
    "wType": "TextField",
    "zindex": 1
}