{
    "@class": "com.kony.gen.viz.model.component.KVizButton",
    "DNDConfig": null,
    "_height_": {
        "type": "string",
        "value": "30dp"
    },
    "_margin_": [
        6,
        6,
        6,
        6
    ],
    "_padding_": [
        0,
        0,
        0,
        0
    ],
    "_right_": {
        "type": "string",
        "value": "10dp"
    },
    "_skin_": "sf4565da52804e00ba870677dfe0d738",
    "_text_": "Save",
    "_top_": {
        "type": "string",
        "value": "7dp"
    },
    "_width_": {
        "type": "string",
        "value": "50dp"
    },
    "canUpdateUI": true,
    "centery": {
        "type": "string",
        "value": "50%"
    },
    "containerweight": 100,
    "contentalignment": 5,
    "displaytext": true,
    "focusskin": "sf4565da52804e00ba870677dfe0d738",
    "id": "btnSave",
    "ide_onClick": "AS_Button_fe707d42faa34d21b308e753a91dbce8",
    "info": null,
    "iscustomlayout": false,
    "isvisible": false,
    "kuid": "ha3c2ef56b854b1b99818cc507bacde8",
    "name": "kony.ui.Button",
    "parent": "FlexContainer0fc9a547e1cda40",
    "pf": "Form1",
    "retaincontentalignment": false,
    "retainflexpositionproperties": false,
    "wType": "Button",
    "zindex": 1
}