{
    "@class": "com.kony.gen.viz.model.component.KVizButton",
    "DNDConfig": null,
    "_height_": {
        "type": "string",
        "value": "80%"
    },
    "_left_": {
        "type": "string",
        "value": "170dp"
    },
    "_margin_": [
        6,
        6,
        6,
        6
    ],
    "_padding_": [
        0,
        0,
        0,
        0
    ],
    "_skin_": "saa607c1d9434f3da44e089054948bcc",
    "_text_": "WIRE",
    "_width_": {
        "type": "string",
        "value": "110dp"
    },
    "canUpdateUI": true,
    "centery": {
        "type": "string",
        "value": "50%"
    },
    "containerweight": 100,
    "contentalignment": 5,
    "displaytext": true,
    "focusskin": "saa607c1d9434f3da44e089054948bcc",
    "id": "btnwire",
    "ide_onClick": "AS_Button_dbc193feb0f545609b2b19499c2ef7a8",
    "info": null,
    "iscustomlayout": false,
    "isvisible": true,
    "kuid": "ff199297dd704bceb09a6e82d3675bf5",
    "name": "kony.ui.Button",
    "parent": "CopyFlexContainer0b7c155798cd34c",
    "pf": "Form1",
    "retaincontentalignment": false,
    "retainflexpositionproperties": false,
    "wType": "Button",
    "zindex": 1
}