{
    "DNDConfig": null,
    "_height_": {
        "type": "string",
        "value": "50dp"
    },
    "_left_": {
        "type": "string",
        "value": "0dp"
    },
    "_margin_": [
        0,
        0,
        0,
        0
    ],
    "_orientation_": 6,
    "_padding_": [
        0,
        0,
        0,
        0
    ],
    "_percent_": true,
    "_skin_": "s1ffc1a70a2842b08ec917b12c1328e8",
    "_top_": {
        "type": "string",
        "value": "110dp"
    },
    "_width_": {
        "type": "string",
        "value": "100%"
    },
    "allboxes": [],
    "autogrowmode": 0,
    "canUpdateUI": true,
    "children": [
        "CopyLabel0ga666d269cf94b",
        "CopyLabel0daf551fff9d14b",
        "lblCardnum",
        "CopyLabel0f3acd8d2ede242",
        "imgcard",
        "FlexContainerblur"
    ],
    "clipbounds": true,
    "containerweight": 100,
    "enablescrolling": true,
    "id": "CopyFlexContainer0i69a24fe2d4b4a",
    "info": null,
    "iscustomlayout": false,
    "isvisible": true,
    "kuid": "ad8750eeeb2e4e79a41a0532dbdcb29e",
    "layouttype": 2,
    "name": "kony.ui.FlexContainer",
    "parent": "Flxtop1",
    "pf": "Form1",
    "retaincontentalignment": false,
    "retainflexpositionproperties": false,
    "snapgridsize": 10,
    "snaptogrid": true,
    "wType": "FlexContainer",
    "widgetalignment": 1,
    "zindex": 1
}