{
    "DNDConfig": null,
    "_height_": {
        "type": "string",
        "value": "70%"
    },
    "_left_": {
        "type": "string",
        "value": "20dp"
    },
    "_margin_": [
        0,
        0,
        0,
        0
    ],
    "_orientation_": 6,
    "_padding_": [
        0,
        0,
        0,
        0
    ],
    "_percent_": true,
    "_skin_": "sa1885b2255944079e668b4f7256bad8",
    "_width_": {
        "type": "string",
        "value": "40%"
    },
    "allboxes": [],
    "autogrowmode": 0,
    "canUpdateUI": true,
    "centery": {
        "type": "string",
        "value": "50%"
    },
    "children": [
        "CopyImage0i940a0e6abc74a"
    ],
    "clipbounds": true,
    "containerweight": 100,
    "enablescrolling": true,
    "id": "CopyFlexContainer0f5b73af9897b4d",
    "ide_onClick": "AS_FlexContainer_ef7d90f4e60d4c5bb0236b1843d7d6b6",
    "info": null,
    "iscustomlayout": false,
    "isvisible": true,
    "kuid": "ba88380f34b445d7b3083014193f2984",
    "layouttype": 2,
    "name": "kony.ui.FlexContainer",
    "parent": "flxwire",
    "pf": "Form1",
    "retaincontentalignment": false,
    "retainflexpositionproperties": false,
    "snapgridsize": 10,
    "snaptogrid": true,
    "wType": "FlexContainer",
    "widgetalignment": 1,
    "zindex": 1
}