{
    "DNDConfig": null,
    "_bottom_": {
        "type": "string",
        "value": "-6dp"
    },
    "_height_": {
        "type": "string",
        "value": "50dp"
    },
    "_left_": {
        "type": "string",
        "value": "0dp"
    },
    "_margin_": [
        0,
        0,
        0,
        0
    ],
    "_orientation_": 6,
    "_padding_": [
        0,
        0,
        0,
        0
    ],
    "_percent_": true,
    "_skin_": "s2020406483e4e239427deb36e29f8e7",
    "_width_": {
        "type": "string",
        "value": "100%"
    },
    "allboxes": [],
    "autogrowmode": 0,
    "canUpdateUI": true,
    "children": [
        "Label0c63925eddacc47",
        "Image0j1e85d44442a46"
    ],
    "clipbounds": true,
    "containerweight": 100,
    "enablescrolling": true,
    "id": "FlexContainer0d34a8521156f46",
    "ide_onClick": "AS_FlexContainer_a2b17c51de7c4e3ca5c4109bc2a73714",
    "info": null,
    "iscustomlayout": false,
    "isvisible": true,
    "kuid": "cf3bd7b0183745b6ba3dc60cd59e892b",
    "layouttype": 2,
    "name": "kony.ui.FlexContainer",
    "parent": "FlxBlur",
    "pf": "Form1",
    "retaincontentalignment": false,
    "retainflexpositionproperties": false,
    "snapgridsize": 10,
    "snaptogrid": true,
    "wType": "FlexContainer",
    "widgetalignment": 1,
    "zindex": 2
}