{
    "DNDConfig": null,
    "_height_": {
        "type": "string",
        "value": "60%"
    },
    "_left_": {
        "type": "string",
        "value": "0%"
    },
    "_margin_": [
        0,
        0,
        0,
        0
    ],
    "_orientation_": 6,
    "_padding_": [
        0,
        0,
        0,
        0
    ],
    "_percent_": true,
    "_skin_": "s5876f85a4c24ba794563f2ad72a512b",
    "_top_": {
        "type": "string",
        "value": "100%"
    },
    "_width_": {
        "type": "string",
        "value": "100%"
    },
    "allboxes": [],
    "autogrowmode": 0,
    "canUpdateUI": true,
    "children": [
        "FlexContainer0h6eacd971f0047",
        "CopyFlexContainer0b7c155798cd34c"
    ],
    "clipbounds": true,
    "containerweight": 100,
    "enablescrolling": true,
    "id": "FlexContainer0b7b0d407f9544c",
    "info": null,
    "iscustomlayout": false,
    "ismodalcontainer": false,
    "isvisible": true,
    "kuid": "ecdb17c82b7946cb9c21d6d65012b211",
    "layouttype": 2,
    "name": "kony.ui.FlexContainer",
    "parent": "Form1",
    "pf": "Form1",
    "retaincontentalignment": false,
    "retainflexpositionproperties": false,
    "snapgridsize": 10,
    "snaptogrid": true,
    "vizProps": {},
    "wType": "FlexContainer",
    "widgetalignment": 1,
    "zindex": 1
}