{
    "DNDConfig": null,
    "_height_": {
        "type": "ref",
        "value": "preferred"
    },
    "_left_": {
        "type": "string",
        "value": "0%"
    },
    "_margin_": [
        0,
        0,
        0,
        0
    ],
    "_orientation_": 6,
    "_padding_": [
        0,
        0,
        0,
        0
    ],
    "_percent_": true,
    "_skin_": "s782a64fe3884792bbd6761572eb7141",
    "_top_": {
        "type": "string",
        "value": "50dp"
    },
    "_width_": {
        "type": "string",
        "value": "100%"
    },
    "allboxes": [],
    "autogrowmode": 1,
    "canUpdateUI": true,
    "children": [
        "FlexContainer0jae3ac79161e4a",
        "SegCards",
        "flxwire"
    ],
    "clipbounds": true,
    "containerweight": 100,
    "enablescrolling": true,
    "id": "FlexContainer0h6eacd971f0047",
    "info": null,
    "iscustomlayout": false,
    "isvisible": true,
    "kuid": "aa5dcff34d2543f490a4b9a3e7cd8d4a",
    "layouttype": 4,
    "name": "kony.ui.FlexContainer",
    "parent": "FlexContainer0b7b0d407f9544c",
    "pf": "Form1",
    "retaincontentalignment": false,
    "retainflexpositionproperties": false,
    "snapgridsize": 10,
    "snaptogrid": true,
    "wType": "FlexContainer",
    "widgetalignment": 1,
    "zindex": 1
}