{
    "DNDConfig": null,
    "_blur_": {
        "enabled": true,
        "value": 100
    },
    "_height_": {
        "type": "string",
        "value": "50%"
    },
    "_left_": {
        "type": "string",
        "value": "80dp"
    },
    "_margin_": [
        0,
        0,
        0,
        0
    ],
    "_orientation_": 6,
    "_padding_": [
        0,
        0,
        0,
        0
    ],
    "_percent_": true,
    "_skin_": "sea7c9387fa24431aaa333b94518a70c",
    "_top_": {
        "type": "string",
        "value": "0dp"
    },
    "_width_": {
        "type": "string",
        "value": "118dp"
    },
    "allboxes": [],
    "autogrowmode": 0,
    "canUpdateUI": true,
    "centery": {
        "type": "string",
        "value": "50%"
    },
    "children": [
        "lblBlur"
    ],
    "clipbounds": true,
    "containerweight": 100,
    "enablescrolling": true,
    "id": "FlexContainerblur",
    "info": null,
    "iscustomlayout": false,
    "isvisible": false,
    "kuid": "a8861df9a9224065ba70ebe37fc0e020",
    "layouttype": 2,
    "name": "kony.ui.FlexContainer",
    "parent": "CopyFlexContainer0i69a24fe2d4b4a",
    "pf": "Form1",
    "retaincontentalignment": false,
    "retainflexpositionproperties": false,
    "snapgridsize": 10,
    "snaptogrid": true,
    "wType": "FlexContainer",
    "widgetalignment": 1,
    "zindex": 10
}