{
    "DNDConfig": null,
    "_height_": {
        "type": "string",
        "value": "50dp"
    },
    "_left_": {
        "type": "string",
        "value": "0dp"
    },
    "_margin_": [
        0,
        0,
        0,
        0
    ],
    "_orientation_": 6,
    "_padding_": [
        0,
        0,
        0,
        0
    ],
    "_percent_": true,
    "_skin_": "s1ffc1a70a2842b08ec917b12c1328e8",
    "_top_": {
        "type": "string",
        "value": "0dp"
    },
    "_width_": {
        "type": "string",
        "value": "100%"
    },
    "allboxes": [],
    "autogrowmode": 0,
    "canUpdateUI": true,
    "children": [
        "Label0eba89b5bfbf94c",
        "imgPlus",
        "btnSave"
    ],
    "clipbounds": true,
    "containerweight": 100,
    "enablescrolling": true,
    "id": "FlexContainer0fc9a547e1cda40",
    "ide_onClick": "AS_FlexContainer_h21f8de12a7f494d83ac1fa7d37acf4c",
    "info": null,
    "iscustomlayout": false,
    "isvisible": true,
    "kuid": "d9301a33f217411caf85b34bde8bcf55",
    "layouttype": 2,
    "name": "kony.ui.FlexContainer",
    "parent": "FlexContainer0jae3ac79161e4a",
    "pf": "Form1",
    "retaincontentalignment": false,
    "retainflexpositionproperties": false,
    "snapgridsize": 10,
    "snaptogrid": true,
    "wType": "FlexContainer",
    "widgetalignment": 1,
    "zindex": 1
}