{
    "DNDConfig": null,
    "_height_": {
        "type": "string",
        "value": "60dp"
    },
    "_left_": {
        "type": "string",
        "value": "0dp"
    },
    "_margin_": [
        0,
        0,
        0,
        0
    ],
    "_orientation_": 6,
    "_padding_": [
        0,
        0,
        0,
        0
    ],
    "_percent_": true,
    "_skin_": "s1ffc1a70a2842b08ec917b12c1328e8",
    "_top_": {
        "type": "string",
        "value": "175dp"
    },
    "_width_": {
        "type": "string",
        "value": "100%"
    },
    "allboxes": [],
    "autogrowmode": 0,
    "canUpdateUI": true,
    "children": [
        "btnRate",
        "btnCancel"
    ],
    "clipbounds": true,
    "containerweight": 100,
    "enablescrolling": true,
    "id": "FlexContainer0d949e12e6e4145",
    "info": null,
    "iscustomlayout": false,
    "isvisible": true,
    "kuid": "ea28eb068c5b441c8846564c7dafc177",
    "layouttype": 3,
    "name": "kony.ui.FlexContainer",
    "parent": "FlxRating",
    "pf": "Form1",
    "retaincontentalignment": false,
    "retainflexpositionproperties": false,
    "snapgridsize": 10,
    "snaptogrid": true,
    "wType": "FlexContainer",
    "widgetalignment": 1,
    "zindex": 1
}