{
    "DNDConfig": null,
    "_height_": {
        "type": "string",
        "value": "70%"
    },
    "_left_": {
        "type": "string",
        "value": "20dp"
    },
    "_margin_": [
        0,
        0,
        0,
        0
    ],
    "_orientation_": 6,
    "_padding_": [
        0,
        0,
        0,
        0
    ],
    "_percent_": true,
    "_skin_": "sa1885b2255944079e668b4f7256bad8",
    "_width_": {
        "type": "string",
        "value": "40%"
    },
    "allboxes": [],
    "autogrowmode": 0,
    "canUpdateUI": true,
    "centery": {
        "type": "string",
        "value": "50%"
    },
    "children": [
        "Image0ee65f9d789ce44"
    ],
    "clipbounds": true,
    "containerweight": 100,
    "enablescrolling": true,
    "id": "FlexContainer0b6f90c1384ba42",
    "ide_onClick": "AS_FlexContainer_e9b04d36791049f1b9cdefbba0110a39",
    "info": null,
    "iscustomlayout": false,
    "isvisible": false,
    "kuid": "f6e2777c1a0b4055942beb25ddbeed63",
    "layouttype": 2,
    "name": "kony.ui.FlexContainer",
    "parent": "flxwire",
    "pf": "Form1",
    "retaincontentalignment": false,
    "retainflexpositionproperties": false,
    "snapgridsize": 10,
    "snaptogrid": true,
    "wType": "FlexContainer",
    "widgetalignment": 1,
    "zindex": 1
}