{
    "DNDConfig": null,
    "_blur_": {
        "enabled": false,
        "value": 92
    },
    "_height_": {
        "type": "string",
        "value": "200dp"
    },
    "_margin_": [
        0,
        0,
        0,
        0
    ],
    "_orientation_": 6,
    "_padding_": [
        0,
        0,
        0,
        0
    ],
    "_percent_": true,
    "_right_": {
        "type": "string",
        "value": "20dp"
    },
    "_skin_": "s1ffc1a70a2842b08ec917b12c1328e8",
    "_top_": {
        "type": "string",
        "value": "2dp"
    },
    "_width_": {
        "type": "string",
        "value": "95%"
    },
    "allboxes": [],
    "autogrowmode": 0,
    "canUpdateUI": true,
    "centerx": {
        "type": "string",
        "value": "50%"
    },
    "children": [
        "CopyFlexContainer0ce72fee0a7e04d",
        "CopyFlexContainer0f9e216b7321345",
        "CopyFlexContainer0dd9ec95bca8147",
        "CopyFlexContainer0gf6701ac8ae44a"
    ],
    "clipbounds": true,
    "containerweight": 100,
    "enablescrolling": true,
    "id": "flxCreditCard",
    "info": null,
    "iscustomlayout": false,
    "isvisible": false,
    "kuid": "g4a4854a27a948d6a946f34b131f827f",
    "layouttype": 2,
    "name": "kony.ui.FlexContainer",
    "parent": "FlexContainer0jae3ac79161e4a",
    "pf": "Form1",
    "retaincontentalignment": false,
    "retainflexpositionproperties": false,
    "snapgridsize": 10,
    "snaptogrid": true,
    "wType": "FlexContainer",
    "widgetalignment": 1,
    "zindex": 1
}