{
    "DNDConfig": null,
    "_blur_": {
        "enabled": false,
        "value": 60
    },
    "_height_": {
        "type": "string",
        "value": "250dp"
    },
    "_left_": {
        "type": "string",
        "value": "0dp"
    },
    "_margin_": [
        0,
        0,
        0,
        0
    ],
    "_orientation_": 6,
    "_padding_": [
        0,
        0,
        0,
        0
    ],
    "_percent_": true,
    "_skin_": "s0644e521cab4dbdbec91b00c9aa0bbb",
    "_top_": {
        "type": "string",
        "value": "153dp"
    },
    "_width_": {
        "type": "string",
        "value": "90%"
    },
    "allboxes": [],
    "autogrowmode": 0,
    "canUpdateUI": true,
    "centerx": {
        "type": "string",
        "value": "50%"
    },
    "children": [
        "imgLogo",
        "lblLine",
        "lblRatingNote",
        "FlexContainer0d949e12e6e4145"
    ],
    "clipbounds": true,
    "containerweight": 100,
    "enablescrolling": true,
    "id": "FlxRating",
    "info": null,
    "iscustomlayout": false,
    "ismodalcontainer": true,
    "isvisible": false,
    "kuid": "g4ce61667ee04b85932d230350ccbdfc",
    "layouttype": 2,
    "name": "kony.ui.FlexContainer",
    "parent": "Form1",
    "pf": "Form1",
    "retaincontentalignment": false,
    "retainflexpositionproperties": false,
    "snapgridsize": 10,
    "snaptogrid": true,
    "wType": "FlexContainer",
    "widgetalignment": 1,
    "zindex": 2
}