{
    "DNDConfig": null,
    "_height_": {
        "type": "string",
        "value": "240dp"
    },
    "_left_": {
        "type": "string",
        "value": "0dp"
    },
    "_margin_": [
        0,
        0,
        0,
        0
    ],
    "_orientation_": 6,
    "_padding_": [
        0,
        0,
        0,
        0
    ],
    "_percent_": true,
    "_skin_": "s0644e521cab4dbdbec91b00c9aa0bbb",
    "_top_": {
        "type": "string",
        "value": "65dp"
    },
    "_width_": {
        "type": "string",
        "value": "90%"
    },
    "allboxes": [],
    "autogrowmode": 0,
    "canUpdateUI": true,
    "centerx": {
        "type": "string",
        "value": "50%"
    },
    "children": [
        "FlexContainer0a06fc547c4eb4c",
        "FlexContainer0fcbddbb0784c42",
        "CopyFlexContainer0i69a24fe2d4b4a",
        "FlexContainer0b91b8cb1d52b42"
    ],
    "clipbounds": true,
    "containerweight": 100,
    "enablescrolling": true,
    "id": "Flxtop1",
    "info": null,
    "iscustomlayout": false,
    "isvisible": true,
    "kuid": "fdef2c63c6df49d78a13a1ab6fdbf33e",
    "layouttype": 2,
    "name": "kony.ui.FlexContainer",
    "parent": "FlxBlur",
    "pf": "Form1",
    "retaincontentalignment": false,
    "retainflexpositionproperties": false,
    "snapgridsize": 10,
    "snaptogrid": true,
    "wType": "FlexContainer",
    "widgetalignment": 1,
    "zindex": 2
}