{
    "@class": "com.kony.gen.viz.model.component.KVizImage2",
    "DNDConfig": null,
    "_base64_": null,
    "_height_": {
        "type": "string",
        "value": "25dp"
    },
    "_left_": {
        "type": "string",
        "value": "10dp"
    },
    "_margin_": [
        0,
        0,
        0,
        0
    ],
    "_padding_": [
        0,
        0,
        0,
        0
    ],
    "_skin_": "s744b19992a24a85a85d96e3054e3f7f",
    "_src_": "arrow_left_white_icon.png",
    "_top_": {
        "type": "string",
        "value": "25dp"
    },
    "_width_": {
        "type": "string",
        "value": "25dp"
    },
    "canUpdateUI": true,
    "centery": {
        "type": "string",
        "value": "50%"
    },
    "containerweight": 100,
    "id": "Image0c6a2ebdcc8bd46",
    "ide_onTouchEnd": "AS_Image_h14beb642a1a4a93ac58e329e8e71892",
    "imagescalemode": 1,
    "info": null,
    "invokedProperty": "src",
    "iscustomlayout": false,
    "isvisible": true,
    "kuid": "d57bcca76716486ab1ad4aa3d664bb83",
    "name": "kony.ui.Image2",
    "parent": "FlexContainer0i16a6cc2706b4a",
    "pf": "Form1",
    "retaincontentalignment": false,
    "retainflexpositionproperties": false,
    "srcType": 1,
    "wType": "Image",
    "widgetalignment": 5,
    "zindex": 1
}