{
    "@class": "com.kony.gen.viz.model.component.KVizImage2",
    "DNDConfig": null,
    "_base64_": null,
    "_height_": {
        "type": "string",
        "value": "90%"
    },
    "_margin_": [
        0,
        0,
        0,
        0
    ],
    "_padding_": [
        0,
        0,
        0,
        0
    ],
    "_right_": {
        "type": "string",
        "value": "20dp"
    },
    "_skin_": "s744b19992a24a85a85d96e3054e3f7f",
    "_src_": "imagedrag.png",
    "_top_": {
        "type": "string",
        "value": "8dp"
    },
    "_width_": {
        "type": "string",
        "value": "50dp"
    },
    "canUpdateUI": true,
    "centery": {
        "type": "string",
        "value": "50%"
    },
    "containerweight": 100,
    "id": "imgcard",
    "imagescalemode": 1,
    "info": null,
    "iscustomlayout": false,
    "isvisible": false,
    "kuid": "dd5548a704844fcab1b8a93e3e23adc7",
    "name": "kony.ui.Image2",
    "parent": "CopyFlexContainer0i69a24fe2d4b4a",
    "pf": "Form1",
    "retaincontentalignment": false,
    "retainflexpositionproperties": false,
    "srcType": 1,
    "wType": "Image",
    "widgetalignment": 5,
    "zindex": 1
}