{
    "@class": "com.kony.gen.viz.model.component.KVizTextBox2",
    "DNDConfig": null,
    "_height_": {
        "type": "string",
        "value": "40dp"
    },
    "_left_": {
        "type": "string",
        "value": "110dp"
    },
    "_margin_": [
        0,
        0,
        0,
        0
    ],
    "_padding_": [
        3,
        0,
        0,
        0
    ],
    "_placeholder_": "Card Holder Name",
    "_skin_": "s690b241ad584a24b449973267b3f141",
    "_text_": "",
    "_width_": {
        "type": "string",
        "value": "60%"
    },
    "android": {},
    "autocapitalize": "none",
    "autocomplete": false,
    "autocorrect": false,
    "autofilter": false,
    "canUpdateUI": true,
    "centery": {
        "type": "string",
        "value": "50%"
    },
    "containerheight": "",
    "containerheightmode": 1,
    "containerweight": 100,
    "contentalignment": 4,
    "focusskin": "sa0c8549da2746aeb45dd2f87e6d8f74",
    "id": "txtfldCardName",
    "info": null,
    "iscustomlayout": false,
    "isvisible": true,
    "keyboardtype": "A",
    "kuid": "h582dbe2083e45988e11c4db8039e715",
    "mode": "A",
    "name": "kony.ui.TextBox2",
    "parent": "CopyFlexContainer0ce72fee0a7e04d",
    "pf": "Form1",
    "placeholderskin": "sb68e7c7118f4decb438bdc6c1205b62",
    "retaincontentalignment": false,
    "retainflexpositionproperties": false,
    "securetextentry": false,
    "textinputmode": "A",
    "tooltip": "",
    "viewtype": "default",
    "wType": "TextField",
    "zindex": 1
}