{
    "@class": "com.kony.gen.viz.model.component.KVizTextBox2",
    "DNDConfig": null,
    "_height_": {
        "type": "string",
        "value": "40dp"
    },
    "_left_": {
        "type": "string",
        "value": "110dp"
    },
    "_margin_": [
        0,
        0,
        0,
        0
    ],
    "_padding_": [
        3,
        0,
        0,
        0
    ],
    "_placeholder_": "CVV",
    "_skin_": "s690b241ad584a24b449973267b3f141",
    "_text_": "",
    "_width_": {
        "type": "string",
        "value": "60%"
    },
    "android": {},
    "autocapitalize": "none",
    "autocomplete": false,
    "autocorrect": false,
    "autofilter": false,
    "canUpdateUI": true,
    "centery": {
        "type": "string",
        "value": "50%"
    },
    "containerheight": "",
    "containerheightmode": 1,
    "containerweight": 100,
    "contentalignment": 4,
    "focusskin": "sa0c8549da2746aeb45dd2f87e6d8f74",
    "id": "txtFldcvv",
    "info": null,
    "iscustomlayout": false,
    "isvisible": true,
    "keyboardstyle": "A",
    "keyboardtype": "A",
    "kuid": "i0b6cabf0da4462b8c29e7a17541f559",
    "maxtextlength": 3,
    "mode": "N",
    "name": "kony.ui.TextBox2",
    "parent": "CopyFlexContainer0gf6701ac8ae44a",
    "pf": "Form1",
    "placeholderskin": "sb68e7c7118f4decb438bdc6c1205b62",
    "retaincontentalignment": false,
    "retainflexpositionproperties": false,
    "securetextentry": false,
    "textinputmode": "N",
    "tooltip": "",
    "viewtype": "default",
    "wType": "TextField",
    "zindex": 1
}