{
    "@class": "com.kony.gen.viz.model.component.KVizButton",
    "DNDConfig": null,
    "__parentReadjusting__": false,
    "_height_": {
        "type": "string",
        "value": "50dp"
    },
    "_left_": {
        "type": "string",
        "value": "9.78%"
    },
    "_margin_": [
        6,
        6,
        6,
        6
    ],
    "_padding_": [
        0,
        0,
        0,
        0
    ],
    "_skin_": "sa5d9ede4af042169c15814be2236227",
    "_text_": "Click here to open Action Sheet",
    "_top_": {
        "type": "string",
        "value": "9.29%"
    },
    "_width_": {
        "type": "string",
        "value": "300dp"
    },
    "canUpdateUI": true,
    "containerweight": 100,
    "contentalignment": 5,
    "displaytext": true,
    "focusskin": "s435dbb0f5d248f2900edd18eb9b8d10",
    "id": "btnActionSheet",
    "info": null,
    "iscustomlayout": false,
    "isvisible": true,
    "kuid": "e1d7ba04d83d4c82848903c2d991dcec",
    "name": "kony.ui.Button",
    "onclick": "AS_Button_g218eaa450784ea48ca444e0a0816010",
    "parent": "flxBody",
    "pf": "frmHome",
    "retaincontentalignment": false,
    "retainflexpositionproperties": false,
    "wType": "Button",
    "zindex": 1
}