{
    "DNDConfig": null,
    "__parentReadjusting__": false,
    "_bottom_": {
        "type": "string",
        "value": "1.20%"
    },
    "_height_": {
        "type": "string",
        "value": "95dp"
    },
    "_left_": {
        "type": "string",
        "value": "0dp"
    },
    "_margin_": [
        0,
        0,
        0,
        0
    ],
    "_orientation_": 6,
    "_padding_": [
        0,
        0,
        0,
        0
    ],
    "_percent_": true,
    "_skin_": "s97e91abe8bf473f87174a43352742d8",
    "_width_": {
        "type": "string",
        "value": "97%"
    },
    "allboxes": [],
    "autogrowmode": 0,
    "canUpdateUI": true,
    "centerx": {
        "type": "string",
        "value": "50%"
    },
    "children": [
        "rbgDisplayPlace",
        "singleslider"
    ],
    "clipbounds": true,
    "containerweight": 100,
    "enablescrolling": true,
    "id": "flxbottom",
    "info": null,
    "iscustomlayout": false,
    "isvisible": true,
    "kuid": "fdd14ea62f31482aa2f87a54ec0b7303",
    "layouttype": 2,
    "name": "kony.ui.FlexContainer",
    "parent": "frmCircle",
    "pf": "frmCircle",
    "retaincontentalignment": false,
    "retainflexpositionproperties": false,
    "snapgridsize": 10,
    "snaptogrid": true,
    "wType": "FlexContainer",
    "widgetalignment": 1,
    "zindex": 1
}