{
    "@class": "com.kony.gen.viz.model.component.KVizRadio",
    "DNDConfig": null,
    "__parentReadjusting__": false,
    "_height_": {
        "type": "string",
        "value": "31.58%"
    },
    "_left_": {
        "type": "string",
        "value": "18dp"
    },
    "_margin_": [
        0,
        0,
        0,
        0
    ],
    "_padding_": [
        0,
        0,
        0,
        0
    ],
    "_skin_": "sc0dff13902e43c2a984d86600179cc1",
    "_top_": {
        "type": "string",
        "value": "13dp"
    },
    "_width_": {
        "type": "string",
        "value": "90%"
    },
    "android": {
        "psp": {
            "viewType": 0
        }
    },
    "canUpdateUI": true,
    "centerx": {
        "type": "string",
        "value": "50%"
    },
    "containerweight": 100,
    "groupcells": false,
    "id": "rbgDisplayPlace",
    "ide_onSelection": "AS_RadioButtonGroup_ee75d18a44a340958d993c0d9de579b9",
    "info": null,
    "ipad": {
        "psp": {
            "viewType": 0
        }
    },
    "iphone": {
        "psp": {
            "viewType": 0
        }
    },
    "iscustomlayout": false,
    "isvisible": true,
    "itemorientation": "horizontal",
    "kuid": "i833d86e13d047789e5a8337325c990d",
    "masterdata": [
        [
            "ny",
            "New York"
        ],
        [
            "wdc",
            "Washington, D.C."
        ]
    ],
    "name": "kony.ui.RadioButtonGroup",
    "onselection": "AS_RadioButtonGroup_ee75d18a44a340958d993c0d9de579b9",
    "paddinginpixel": false,
    "parent": "flxbottom",
    "pf": "frmCircle",
    "retaincontentalignment": false,
    "retainflexpositionproperties": false,
    "selectedkey": "ny",
    "selectedkeyvalue": [
        "ny",
        "New York"
    ],
    "size": 18,
    "tickedimage": "radioblue.png",
    "untickedimage": "radiogrey.png",
    "viewconfig": {
        "toggleViewConfig": {
            "viewStyle": 0
        }
    },
    "viewtype": 0,
    "wType": "RadioButtonGroup",
    "widgetalignment": 5,
    "zindex": 1
}