{
    "@class": "com.kony.gen.viz.model.component.KVizUserWidget",
    "DNDConfig": null,
    "__parentReadjusting__": false,
    "_children_": [],
    "_height_": {
        "type": "string",
        "value": "50%"
    },
    "_left_": {
        "type": "string",
        "value": "0dp"
    },
    "_margin_": [
        0,
        0,
        0,
        0
    ],
    "_orientation_": 1,
    "_padding_": [
        0,
        0,
        0,
        0
    ],
    "_percent_": true,
    "_render_": true,
    "_skin_": "s02c05b85b024c3f81d3794e522b5916",
    "_top_": {
        "type": "string",
        "value": "45%"
    },
    "_width_": {
        "type": "string",
        "value": "100%"
    },
    "autogrowmode": 0,
    "canUpdateUI": true,
    "clipbounds": true,
    "containerweight": 0,
    "data": {
        "divisions": 1,
        "endIndex": 5,
        "graduations": 10,
        "ide_onChangeEnd": "AS_UWI_e49cc8cf65fc4b3da117b488d42c03ca",
        "intervalDisplay": true,
        "maxValue": "10",
        "minValue": "0",
        "onChangeEnd": "AS_UWI_e49cc8cf65fc4b3da117b488d42c03ca"
    },
    "id": "singleslider",
    "info": null,
    "iscustomlayout": false,
    "isvisible": true,
    "kuid": "ea730dc4e2e4450ebed034d41fcf8653",
    "layouttype": 2,
    "masterType": 1,
    "name": "kony.ui.UserWidgetInstance",
    "parent": "flxbottom",
    "pf": "frmCircle",
    "retaincontentalignment": false,
    "retainflexpositionproperties": false,
    "snaptogrid": true,
    "sourceUserWidget": "u15ea09569154d12adfec70639e98c40",
    "wType": "UserWidgetInstance"
}