{
    "NativeFunctionAPI": {
        "iOS": {
            "11.0": {
                "Kony_FileStorage-iOS-11.0": {
                    "title": "Kony_FileStorage",
                    "platform": "iOS",
                    "os": "11.0",
                    "isDefault": true,
                    "url": "/Applications/KonyVisualizerEnterprise8.4.0.64/Kony_Visualizer_Enterprise/configuration/org.eclipse.osgi/bundles/458/1/.cp/resources/sdk/nativeBindings/Kony_FileStorage-iOS-11.0.zip",
                    "filepath": "/Users/kh2304/KonyVizEWS/8.4/reactNativeSample/nativebindings/iOS/11.0/Kony_FileStorage-iOS-11.0.zip",
                    "enable": true
                },
                "Kony_SyncV2-iOS-11.0": {
                    "title": "Kony_SyncV2",
                    "platform": "iOS",
                    "os": "11.0",
                    "isDefault": true,
                    "url": "/Applications/KonyVisualizerEnterprise8.4.0.64/Kony_Visualizer_Enterprise/configuration/org.eclipse.osgi/bundles/458/1/.cp/resources/sdk/nativeBindings/Kony_SyncV2-iOS-11.0.zip",
                    "filepath": "/Users/kh2304/KonyVizEWS/8.4/reactNativeSample/nativebindings/iOS/11.0/Kony_SyncV2-iOS-11.0.zip",
                    "enable": true
                },
                "Kony_SDKCommons-iOS-11.0": {
                    "title": "Kony_SDKCommons",
                    "platform": "iOS",
                    "os": "11.0",
                    "isDefault": true,
                    "url": "/Applications/KonyVisualizerEnterprise8.4.0.64/Kony_Visualizer_Enterprise/configuration/org.eclipse.osgi/bundles/458/1/.cp/resources/sdk/nativeBindings/Kony_SDKCommons-iOS-11.0.zip",
                    "filepath": "/Users/kh2304/KonyVizEWS/8.4/reactNativeSample/nativebindings/iOS/11.0/Kony_SDKCommons-iOS-11.0.zip",
                    "enable": true
                }
            }
        },
        "Android": {
            "4.0": {
                "Kony_FileStorage-Android-4.0": {
                    "title": "Kony_FileStorage",
                    "platform": "Android",
                    "os": "4.0",
                    "isDefault": true,
                    "url": "/Applications/KonyVisualizerEnterprise8.4.0.64/Kony_Visualizer_Enterprise/configuration/org.eclipse.osgi/bundles/458/1/.cp/resources/sdk/nativeBindings/Kony_FileStorage-Android-4.0.zip",
                    "filepath": "/Users/kh2304/KonyVizEWS/8.4/reactNativeSample/nativebindings/Android/4.0/Kony_FileStorage-Android-4.0.zip",
                    "enable": true
                },
                "Kony_SDKCommons-Android-4.0": {
                    "title": "Kony_SDKCommons",
                    "platform": "Android",
                    "os": "4.0",
                    "isDefault": true,
                    "url": "/Applications/KonyVisualizerEnterprise8.4.0.64/Kony_Visualizer_Enterprise/configuration/org.eclipse.osgi/bundles/458/1/.cp/resources/sdk/nativeBindings/Kony_SDKCommons-Android-4.0.zip",
                    "filepath": "/Users/kh2304/KonyVizEWS/8.4/reactNativeSample/nativebindings/Android/4.0/Kony_SDKCommons-Android-4.0.zip",
                    "enable": true
                },
                "Kony_SyncV2-Android-4.0": {
                    "title": "Kony_SyncV2",
                    "platform": "Android",
                    "os": "4.0",
                    "isDefault": true,
                    "url": "/Applications/KonyVisualizerEnterprise8.4.0.64/Kony_Visualizer_Enterprise/configuration/org.eclipse.osgi/bundles/458/1/.cp/resources/sdk/nativeBindings/Kony_SyncV2-Android-4.0.zip",
                    "filepath": "/Users/kh2304/KonyVizEWS/8.4/reactNativeSample/nativebindings/Android/4.0/Kony_SyncV2-Android-4.0.zip",
                    "enable": true
                }
            }
        }
    }
}