{
    "@class": "com.kony.gen.viz.model.component.KVizButton",
    "DNDConfig": null,
    "__parentReadjusting__": false,
    "_height_": {
        "type": "string",
        "value": "50dp"
    },
    "_left_": {
        "type": "string",
        "value": "37dp"
    },
    "_margin_": [
        6,
        6,
        6,
        6
    ],
    "_padding_": [
        0,
        0,
        0,
        0
    ],
    "_skin_": "sb5cc249eaee4ebbaa3f6780224ea3ae",
    "_text_": "Get All Themes",
    "_top_": {
        "type": "string",
        "value": "165dp"
    },
    "_width_": {
        "type": "string",
        "value": "300dp"
    },
    "canUpdateUI": true,
    "centerx": {
        "type": "string",
        "value": "49.94%"
    },
    "containerweight": 100,
    "contentalignment": 5,
    "displaytext": true,
    "focusskin": "s6eb261ba49249a9979dee854d8bfcd2",
    "id": "btnGetAll",
    "info": null,
    "iscustomlayout": false,
    "isvisible": true,
    "kuid": "b55a7c97e90c43f08fa0a474e00030d6",
    "name": "kony.ui.Button",
    "onclick": "AS_Button_a0d3e42a79c649b4b5d1ef5c4ae9946a",
    "parent": "frmHome",
    "pf": "frmHome",
    "retaincontentalignment": false,
    "retainflexpositionproperties": false,
    "wType": "Button",
    "zindex": 1
}