{
    "@class": "com.kony.gen.viz.model.component.KVizButton",
    "DNDConfig": null,
    "__parentReadjusting__": false,
    "_height_": {
        "type": "string",
        "value": "50dp"
    },
    "_left_": {
        "type": "string",
        "value": "37dp"
    },
    "_margin_": [
        6,
        6,
        6,
        6
    ],
    "_padding_": [
        0,
        0,
        0,
        0
    ],
    "_skin_": "sb5cc249eaee4ebbaa3f6780224ea3ae",
    "_text_": "Get Current Theme",
    "_top_": {
        "type": "string",
        "value": "245dp"
    },
    "_width_": {
        "type": "string",
        "value": "300dp"
    },
    "canUpdateUI": true,
    "centerx": {
        "type": "string",
        "value": "50.00%"
    },
    "containerweight": 100,
    "contentalignment": 5,
    "displaytext": true,
    "focusskin": "s6eb261ba49249a9979dee854d8bfcd2",
    "id": "btnGetCurrent",
    "info": null,
    "iscustomlayout": false,
    "isvisible": true,
    "kuid": "aa39bb1d02a149469682457048e1a539",
    "name": "kony.ui.Button",
    "onclick": "AS_Button_f6b38962df514ee689b76a6c38eebb40",
    "parent": "frmHome",
    "pf": "frmHome",
    "retaincontentalignment": false,
    "retainflexpositionproperties": false,
    "wType": "Button",
    "zindex": 1
}