{
    "@class": "com.kony.gen.viz.model.component.KVizButton",
    "DNDConfig": null,
    "__parentReadjusting__": false,
    "_height_": {
        "type": "string",
        "value": "50dp"
    },
    "_left_": {
        "type": "string",
        "value": "27dp"
    },
    "_margin_": [
        6,
        6,
        6,
        6
    ],
    "_padding_": [
        0,
        0,
        0,
        0
    ],
    "_skin_": "sb5cc249eaee4ebbaa3f6780224ea3ae",
    "_text_": "Is Dark Theme Present ",
    "_top_": {
        "type": "string",
        "value": "323dp"
    },
    "_width_": {
        "type": "string",
        "value": "300dp"
    },
    "canUpdateUI": true,
    "centerx": {
        "type": "string",
        "value": "50.01%"
    },
    "containerweight": 100,
    "contentalignment": 5,
    "displaytext": true,
    "focusskin": "s6eb261ba49249a9979dee854d8bfcd2",
    "id": "btnIsTheme",
    "info": null,
    "iscustomlayout": false,
    "isvisible": true,
    "kuid": "f5c932d71c9945e2bba059689a63a959",
    "name": "kony.ui.Button",
    "onclick": "AS_Button_f48239a3fb4349ab9a536e0b94baa258",
    "parent": "frmHome",
    "pf": "frmHome",
    "retaincontentalignment": false,
    "retainflexpositionproperties": false,
    "wType": "Button",
    "zindex": 1
}