{
    "DNDConfig": null,
    "__parentReadjusting__": false,
    "_height_": {
        "type": "string",
        "value": "43dp"
    },
    "_left_": {
        "type": "string",
        "value": "-3dp"
    },
    "_margin_": [
        0,
        0,
        0,
        0
    ],
    "_orientation_": 6,
    "_padding_": [
        0,
        0,
        0,
        0
    ],
    "_percent_": true,
    "_skin_": "s647386830ac49309d4040b1a3df22ba",
    "_top_": {
        "type": "string",
        "value": "-10dp"
    },
    "_width_": {
        "type": "string",
        "value": "101.33%"
    },
    "allboxes": [],
    "autogrowmode": 0,
    "canUpdateUI": true,
    "children": [
        "lblHeader"
    ],
    "clipbounds": true,
    "containerweight": 100,
    "enablescrolling": true,
    "id": "flxHeader",
    "info": null,
    "iscustomlayout": false,
    "isvisible": true,
    "kuid": "ad32dc226d3c49a49dc62e221c52810a",
    "layouttype": 2,
    "name": "kony.ui.FlexContainer",
    "parent": "frmHome",
    "pf": "frmHome",
    "retaincontentalignment": false,
    "retainflexpositionproperties": false,
    "retainflowhorizontalalignment": false,
    "snapgridsize": 10,
    "snaptogrid": true,
    "wType": "FlexContainer",
    "widgetalignment": 1,
    "zindex": 1
}