{
    "@class": "com.kony.gen.viz.model.component.KVizListBox",
    "DNDConfig": null,
    "__parentReadjusting__": false,
    "_height_": {
        "type": "string",
        "value": "40dp"
    },
    "_left_": {
        "type": "string",
        "value": "23dp"
    },
    "_margin_": [
        0,
        0,
        0,
        0
    ],
    "_padding_": [
        3,
        0,
        0,
        0
    ],
    "_placeholder_": "Select Theme",
    "_skin_": "s100c5db5c564f85845485e6f14b4886",
    "_top_": {
        "type": "string",
        "value": "47dp"
    },
    "_width_": {
        "type": "string",
        "value": "300dp"
    },
    "canUpdateUI": true,
    "centerx": {
        "type": "string",
        "value": "50.00%"
    },
    "containerweight": 100,
    "contentalignment": 4,
    "dropdownimage": "listboxarw.png",
    "focusskin": "s62d3138d4804643919455886f0cfb69",
    "groupcells": false,
    "id": "lstbox",
    "info": null,
    "iscustomlayout": false,
    "isvisible": true,
    "kuid": "b5cf6135b31c4f7a83945b7628489afc",
    "masterdata": [
        [
            "lb1",
            "Light"
        ],
        [
            "lb2",
            "Dark"
        ]
    ],
    "name": "kony.ui.ListBox",
    "onselection": "AS_ListBox_jf1a4b62f50d47aca1e9779c09ea90c9",
    "parent": "frmHome",
    "pf": "frmHome",
    "retaincontentalignment": false,
    "retainflexpositionproperties": false,
    "selectedkey": "lb1",
    "selectedkeys": null,
    "selectedkeyvalue": [
        "lb1",
        "Light"
    ],
    "selectedkeyvalues": null,
    "size": 18,
    "viewconfig": {
        "toggleViewConfig": {
            "viewStyle": 0
        }
    },
    "viewtype": 0,
    "wType": "ListBox",
    "zindex": 1
}