{
    "AS_AppEvents_e1cb5562819444eab57cf44be1fb0a1b": {
        "id": "AS_AppEvents_e1cb5562819444eab57cf44be1fb0a1b",
        "type": "ACTION_SEQUENCE",
        "params": [{
            "datatype": "collection",
            "name": "eventobject"
        }],
        "language": "js",
        "actions": [{
            "id": "ADD_SNIPPET_b4f223e8eb1847dc983711837b541467",
            "type": "ADD_SNIPPET",
            "codeSnippet": "var pushMod = require('./pushNotif');\n//setupPushCallbacks\npushMod.setupPushCallbacks();",
            "parentId": null
        }]
    }
}