{
    "AS_Button_c1d665ae23da4dffa245ecd44c9523ed": {
        "id": "AS_Button_c1d665ae23da4dffa245ecd44c9523ed",
        "type": "ACTION_SEQUENCE",
        "params": [{
            "datatype": "collection",
            "name": "eventobject"
        }],
        "contextObj": {
            "name": "frmAdhoc",
            "type": "forms",
            "platform": null,
            "KUID": "d5c0969fe64e41bf938e8cdb0b5a1333"
        },
        "language": "js",
        "actions": [{
            "id": "ADD_SNIPPET_ide_onClick_cdbe1e9c28ed41eb857ee0a911989258",
            "type": "ADD_SNIPPET",
            "codeSnippet": "var navigateToDetailsForm = new kony.mvc.Navigation(\"frmHome\");\nnavigateToDetailsForm.navigate();"
        }]
    }
}