{
    "AS_Button_f22a6c58f2d440b98183a114adbfd048": {
        "id": "AS_Button_f22a6c58f2d440b98183a114adbfd048",
        "type": "ACTION_SEQUENCE",
        "params": [{
            "datatype": "collection",
            "name": "eventobject"
        }],
        "contextObj": {
            "type": "forms",
            "platform": null,
            "KUID": "f278a2f447054bbb948813a1599571e5"
        },
        "language": "js",
        "actions": [{
            "id": "ADD_SNIPPET_ide_onClick_f27604aa94084b65b61829d76e8747ad",
            "type": "ADD_SNIPPET",
            "codeSnippet": "this.closePopUp();"
        }]
    }
}