{
    "AS_Button_e4e5613e617e42c59df4034f8d388b10": {
        "id": "AS_Button_e4e5613e617e42c59df4034f8d388b10",
        "type": "ACTION_SEQUENCE",
        "params": [{
            "datatype": "collection",
            "name": "eventobject"
        }],
        "contextObj": {
            "name": "frmEvent",
            "type": "forms",
            "platform": null,
            "KUID": "j1b85a31497a438d96ac097e2ee522f4"
        },
        "language": "js",
        "actions": [{
            "id": "ADD_SNIPPET_ide_onClick_i739788e057748d5bb3699d3e02cd8b7",
            "type": "ADD_SNIPPET",
            "codeSnippet": "var navigateToDetailsForm = new kony.mvc.Navigation(\"frmHome\");\nnavigateToDetailsForm.navigate();"
        }]
    }
}