{
    "AS_Button_f6187d252ef8437f8827ceba56b4c424": {
        "id": "AS_Button_f6187d252ef8437f8827ceba56b4c424",
        "type": "ACTION_SEQUENCE",
        "params": [{
            "datatype": "collection",
            "name": "eventobject"
        }],
        "contextObj": {
            "name": "frmPushHistory",
            "type": "forms",
            "platform": null,
            "KUID": "c97fb66858514e219f337b7d26ed6732"
        },
        "language": "js",
        "actions": [{
            "id": "ADD_SNIPPET_ide_onClick_f803622131de4c73b6a6db8d728f7422",
            "type": "ADD_SNIPPET",
            "codeSnippet": "var navigateToDetailsForm = new kony.mvc.Navigation(\"frmHome\");\nnavigateToDetailsForm.navigate();"
        }]
    }
}