{
    "AS_Button_dd4fc8624e5a413591d305927c67180a": {
        "id": "AS_Button_dd4fc8624e5a413591d305927c67180a",
        "type": "ACTION_SEQUENCE",
        "params": [{
            "datatype": "collection",
            "name": "eventobject"
        }],
        "contextObj": {
            "name": "frmReset",
            "type": "forms",
            "platform": null,
            "KUID": "ia4841b30aeb4f5b904a34ba4360e377"
        },
        "language": "js",
        "actions": [{
            "id": "ADD_SNIPPET_c9e4d1b889d94dfba3e148ccb1542a23",
            "type": "ADD_SNIPPET",
            "codeSnippet": "var navigateToDetailsForm = new voltmx.mvc.Navigation(\"frmHome\");\nnavigateToDetailsForm.navigate();"
        }]
    }
}