{
    "AS_Button_ic17ccd87e7e470e96a29c59f9babc0b": {
        "id": "AS_Button_ic17ccd87e7e470e96a29c59f9babc0b",
        "type": "ACTION_SEQUENCE",
        "params": [{
            "datatype": "collection",
            "name": "eventobject"
        }],
        "contextObj": {
            "name": "frmSubscription",
            "type": "forms",
            "platform": null,
            "KUID": "d9827b3a16634058892a7b30452cd67c"
        },
        "language": "js",
        "actions": [{
            "id": "ADD_SNIPPET_ide_onClick_d5254f0750bb42dfb6d691b0bf7364df",
            "type": "ADD_SNIPPET",
            "codeSnippet": "\nvar navigateToDetailsForm = new kony.mvc.Navigation(\"frmHome\");\nnavigateToDetailsForm.navigate();\n\n"
        }]
    }
}