{
    "AS_Button_d8f93166d7a44ffb85f7bf050faf2384": {
        "id": "AS_Button_d8f93166d7a44ffb85f7bf050faf2384",
        "type": "ACTION_SEQUENCE",
        "params": [{
            "datatype": "collection",
            "name": "eventobject"
        }],
        "contextObj": {
            "name": "frmSubscription",
            "type": "forms",
            "platform": null,
            "KUID": "d9827b3a16634058892a7b30452cd67c"
        },
        "language": "js",
        "actions": [{
            "id": "ADD_SNIPPET_ide_onClick_j3c4039188e042c9b1d7dcd7a11a87a1",
            "type": "ADD_SNIPPET",
            "codeSnippet": "this.pushRegistration()"
        }]
    }
}