{
    "AS_Button_bb436aaad90a4b8da2a03ccda6e221dc": {
        "id": "AS_Button_bb436aaad90a4b8da2a03ccda6e221dc",
        "type": "ACTION_SEQUENCE",
        "params": [{
            "datatype": "collection",
            "name": "eventobject"
        }],
        "contextObj": {
            "name": "frmHome",
            "type": "forms",
            "platform": null,
            "KUID": "g3d6376366e64b9abb80c51ec9263b8d"
        },
        "language": "js",
        "actions": [{
            "id": "ADD_SNIPPET_ide_onClick_c60ebc60b1404e99aab0a5f1c13a218b",
            "type": "ADD_SNIPPET",
            "codeSnippet": "var navigateToDetailsForm = new kony.mvc.Navigation(\"frmSubscription\");\nnavigateToDetailsForm.navigate(1);"
        }]
    }
}