{
    "AS_Button_j0cdb578c9584cff96feaea69c97ea33": {
        "id": "AS_Button_j0cdb578c9584cff96feaea69c97ea33",
        "type": "ACTION_SEQUENCE",
        "params": [{
            "datatype": "collection",
            "name": "eventobject"
        }],
        "contextObj": {
            "type": "forms",
            "platform": null,
            "KUID": "bbc41565f3354235af74fbd85eb5884a"
        },
        "language": "js",
        "actions": [{
            "id": "ADD_SNIPPET_ide_onClick_fbd4958f666a401d9b8811728a601664",
            "type": "ADD_SNIPPET",
            "codeSnippet": "this.closePopUp();"
        }]
    }
}