{
    "AS_Button_i4323c564d7640fdb106ce4ac89813fa": {
        "id": "AS_Button_i4323c564d7640fdb106ce4ac89813fa",
        "type": "ACTION_SEQUENCE",
        "params": [{
            "datatype": "collection",
            "name": "eventobject"
        }],
        "language": "js",
        "actions": [{
            "id": "ADD_SNIPPET_ide_onClick_c6b580ac87d2434fab1698fbd7f78194",
            "type": "ADD_SNIPPET",
            "codeSnippet": "\nvar navigateToDetailsForm = new kony.mvc.Navigation(\"frmHome\");\nnavigateToDetailsForm.navigate();\n\n"
        }]
    }
}