{
    "AS_Button_j3fb706dd924414287844fb41a834902": {
        "id": "AS_Button_j3fb706dd924414287844fb41a834902",
        "type": "ACTION_SEQUENCE",
        "params": [{
            "datatype": "collection",
            "name": "eventobject"
        }],
        "contextObj": {
            "type": "forms",
            "platform": null,
            "KUID": "af302cc27cac43e2a1b2105114a85a72"
        },
        "language": "js",
        "actions": [{
            "id": "ADD_SNIPPET_ide_onClick_i898a02b77cb4a91b6a00c23a0d627be",
            "type": "ADD_SNIPPET",
            "codeSnippet": "this.pushRegistration()"
        }]
    }
}