{
    "AS_Button_fe7a97a083bb4de19ce69471b37738fc": {
        "id": "AS_Button_fe7a97a083bb4de19ce69471b37738fc",
        "type": "ACTION_SEQUENCE",
        "params": [{
            "datatype": "collection",
            "name": "eventobject"
        }],
        "contextObj": {
            "type": "forms",
            "platform": null,
            "KUID": "a93a3c2f54424b8f875e33f68aa3e8a8"
        },
        "language": "js",
        "actions": [{
            "id": "ADD_SNIPPET_ide_onClick_d4095fea3c2e41e9854540558ddf06d1",
            "type": "ADD_SNIPPET",
            "codeSnippet": "this.closePopUp();"
        }]
    }
}