{
    "AS_Button_a0e1216c61594aeba28daad7f756ca64": {
        "id": "AS_Button_a0e1216c61594aeba28daad7f756ca64",
        "type": "ACTION_SEQUENCE",
        "params": [{
            "datatype": "collection",
            "name": "eventobject"
        }],
        "contextObj": {
            "name": "frmCampaign",
            "type": "forms",
            "platform": null,
            "KUID": "iad1b7928331480c85efbb3173e691af"
        },
        "language": "js",
        "actions": [{
            "id": "ADD_SNIPPET_ide_onClick_c8e389ec09f147f680a299c728bb8865",
            "type": "ADD_SNIPPET",
            "codeSnippet": "var navigateToDetailsForm = new kony.mvc.Navigation(\"frmHome\");\nnavigateToDetailsForm.navigate();"
        }]
    }
}