{
    "AS_Button_e7f759c5300849ceba45a9575986dc59": {
        "id": "AS_Button_e7f759c5300849ceba45a9575986dc59",
        "type": "ACTION_SEQUENCE",
        "params": [{
            "datatype": "collection",
            "name": "eventobject"
        }],
        "contextObj": {
            "name": "frmLogin",
            "type": "forms",
            "platform": null,
            "KUID": "f46ba478e0b843a2be742d3893520e4c"
        },
        "language": "js",
        "actions": [{
            "id": "ADD_SNIPPET_ide_onClick_h1a0de693a7f4080a78fc6c6da96c0ee",
            "type": "ADD_SNIPPET",
            "codeSnippet": "kony.ui.Alert({\n        message : \"Disclaimer: If you continue without Login, you will not be able to Trigger Events and Ad hoc Pushes.\",\n        alertType : constants.ALERT_TYPE_CONFIRMATION,\n        yesLabel : \"Continue\",\n       noLabel : \"Cancel\",\n        alertHandler : this.confirmationCallback\n      },{});\n\n"
        }]
    }
}