{
    "AS_Button_e4fb8a67bb404e188a77e833b5190160": {
        "id": "AS_Button_e4fb8a67bb404e188a77e833b5190160",
        "type": "ACTION_SEQUENCE",
        "params": [{
            "datatype": "collection",
            "name": "eventobject"
        }],
        "contextObj": {
            "name": "frmAdhoc",
            "type": "forms",
            "platform": null,
            "KUID": "d5c0969fe64e41bf938e8cdb0b5a1333"
        },
        "language": "js",
        "actions": [{
            "id": "ADD_SNIPPET_ide_onClick_f2f5a08e4a2f4e82a0a6858b49e4e1af",
            "type": "ADD_SNIPPET",
            "codeSnippet": "this.triggerAdhocPush();"
        }]
    }
}