{
    "AS_Button_f1b82fdd7e4d43789919b564c6d71d4f": {
        "id": "AS_Button_f1b82fdd7e4d43789919b564c6d71d4f",
        "type": "ACTION_SEQUENCE",
        "params": [{
            "datatype": "collection",
            "name": "eventobject"
        }],
        "contextObj": {
            "name": "frmLogin",
            "type": "forms",
            "platform": null,
            "KUID": "f46ba478e0b843a2be742d3893520e4c"
        },
        "language": "js",
        "actions": [{
            "id": "ADD_SNIPPET_ide_onClick_bd94ea2eacbf4ab495523de1ca2d1ccd",
            "type": "ADD_SNIPPET",
            "codeSnippet": "this.autenticateUser();"
        }]
    }
}