{
    "AS_Button_e6bd7fb3b0784d15bcb1824ec2edeea4": {
        "id": "AS_Button_e6bd7fb3b0784d15bcb1824ec2edeea4",
        "type": "ACTION_SEQUENCE",
        "params": [{
            "datatype": "collection",
            "name": "eventobject"
        }],
        "contextObj": {
            "name": "frmPushHistory",
            "type": "forms",
            "platform": null,
            "KUID": "c97fb66858514e219f337b7d26ed6732"
        },
        "language": "js",
        "actions": [{
            "id": "ADD_SNIPPET_ide_onClick_c42f7ef18e8c49eebf5d17172e0e68ae",
            "type": "ADD_SNIPPET",
            "codeSnippet": "this.closePopUp();"
        }]
    }
}