{
    "AS_Button_b99747711878424eab16c582d9f43a3f": {
        "id": "AS_Button_b99747711878424eab16c582d9f43a3f",
        "type": "ACTION_SEQUENCE",
        "params": [{
            "datatype": "collection",
            "name": "eventobject"
        }],
        "contextObj": {
            "type": "forms",
            "platform": null,
            "KUID": "ifaa5a4e37184bc5b326d0c2a429c51d"
        },
        "language": "js",
        "actions": [{
            "id": "ADD_SNIPPET_ide_onClick_e4927e8c13464bf4840864e044e316e2",
            "type": "ADD_SNIPPET",
            "codeSnippet": "this.closePopUp();"
        }]
    }
}