{
    "AS_Button_a7af263c7adc45e2823cca8976c4a01d": {
        "id": "AS_Button_a7af263c7adc45e2823cca8976c4a01d",
        "type": "ACTION_SEQUENCE",
        "params": [{
            "datatype": "collection",
            "name": "eventobject"
        }],
        "contextObj": {
            "name": "frmReset",
            "type": "forms",
            "platform": null,
            "KUID": "ia4841b30aeb4f5b904a34ba4360e377"
        },
        "language": "js",
        "actions": [{
            "id": "ADD_SNIPPET_ide_onClick_caf82d470159467aae63f1acce46b3bc",
            "type": "ADD_SNIPPET",
            "codeSnippet": "this.pushDeRegistration();"
        }]
    }
}