{
    "AS_Button_ba6f7509318648dc87bac62d63e665ad": {
        "id": "AS_Button_ba6f7509318648dc87bac62d63e665ad",
        "type": "ACTION_SEQUENCE",
        "params": [{
            "datatype": "collection",
            "name": "eventobject"
        }],
        "contextObj": {
            "name": "frmCampaign",
            "type": "forms",
            "platform": null,
            "KUID": "iad1b7928331480c85efbb3173e691af"
        },
        "language": "js",
        "actions": [{
            "id": "ADD_SNIPPET_ide_onClick_b9abda11f3d64b9aa1ca93615c8802e4",
            "type": "ADD_SNIPPET",
            "codeSnippet": "this.pushRegistration();\n"
        }]
    }
}