{
    "AS_FlexContainer_g6daf4c84e5944cd8c4d05dc91133c3d": {
        "id": "AS_FlexContainer_g6daf4c84e5944cd8c4d05dc91133c3d",
        "type": "ACTION_SEQUENCE",
        "params": [{
            "datatype": "collection",
            "name": "eventobject"
        }],
        "contextObj": {
            "name": "frmHome",
            "type": "forms",
            "platform": null,
            "KUID": "g3d6376366e64b9abb80c51ec9263b8d"
        },
        "language": "js",
        "actions": [{
            "id": "ADD_SNIPPET_ide_onClick_d115b284cdc7433391855dc4542124fb",
            "type": "ADD_SNIPPET",
            "codeSnippet": "this.loginCheck(1);"
        }]
    }
}