{
    "AS_FlexContainer_a1b71d32bb184bf9ac2a5dfb10a1453e": {
        "id": "AS_FlexContainer_a1b71d32bb184bf9ac2a5dfb10a1453e",
        "type": "ACTION_SEQUENCE",
        "params": [{
            "datatype": "collection",
            "name": "eventobject"
        }],
        "contextObj": {
            "name": "frmHome",
            "type": "forms",
            "platform": null,
            "KUID": "g3d6376366e64b9abb80c51ec9263b8d"
        },
        "language": "js",
        "actions": [{
            "id": "ADD_SNIPPET_ec151621105a4cdbb78ece74c5ba0d62",
            "type": "ADD_SNIPPET",
            "codeSnippet": "var navigateToDetailsForm = new voltmx.mvc.Navigation(\"frmCampaign\");\nnavigateToDetailsForm.navigate();"
        }]
    }
}