{
    "AS_FlexContainer_c5f1b2e4fcd44260ac2dfd7229e96bdb": {
        "id": "AS_FlexContainer_c5f1b2e4fcd44260ac2dfd7229e96bdb",
        "type": "ACTION_SEQUENCE",
        "params": [{
            "datatype": "collection",
            "name": "eventobject"
        }],
        "contextObj": {
            "name": "frmHome",
            "type": "forms",
            "platform": null,
            "KUID": "g3d6376366e64b9abb80c51ec9263b8d"
        },
        "language": "js",
        "actions": [{
            "id": "ADD_SNIPPET_ide_onClick_ae8fc12b126f4b948672a685aad0bfd1",
            "type": "ADD_SNIPPET",
            "codeSnippet": "this.loginCheck(0);"
        }]
    }
}