{
    "AS_Form_cf884b5dc0ab4e2fa4a05122ce428714": {
        "id": "AS_Form_cf884b5dc0ab4e2fa4a05122ce428714",
        "type": "ACTION_SEQUENCE",
        "params": [{
            "datatype": "collection",
            "name": "eventobject"
        }],
        "contextObj": {
            "name": "frmSplashScreen",
            "type": "forms",
            "platform": null,
            "KUID": "ccec20019e0f4f24afedf6a0d6379427"
        },
        "language": "js",
        "actions": [{
            "id": "ADD_SNIPPET_ide_postShow_b74e843114fe4eaca02265d655e7ae4b",
            "type": "ADD_SNIPPET",
            "codeSnippet": "kony.application.showLoadingScreen(\"sknLoading\", \"Loading..\", constants.LOADING_SCREEN_POSITION_FULL_SCREEN, true, true, null); \nkony.timer.schedule(\"show\", this.navigation,4,false);\n"
        }]
    }
}