{
    "AS_Form_b5e9519989d246ad85279a9b8a7b54af": {
        "id": "AS_Form_b5e9519989d246ad85279a9b8a7b54af",
        "type": "ACTION_SEQUENCE",
        "params": [{
            "datatype": "collection",
            "name": "eventobject"
        }],
        "contextObj": {
            "name": "frmPushHistory",
            "type": "forms",
            "platform": null,
            "KUID": "c97fb66858514e219f337b7d26ed6732"
        },
        "language": "js",
        "actions": [{
            "id": "ADD_SNIPPET_ide_postShow_jde4fc5044cc4991b28487391904bcad",
            "type": "ADD_SNIPPET",
            "codeSnippet": "this.fetchPushMessages();"
        }]
    }
}