{
    "AS_FlexContainer_b342d89d0e814418814041cd19807e1e": {
        "id": "AS_FlexContainer_b342d89d0e814418814041cd19807e1e",
        "type": "ACTION_SEQUENCE",
        "params": [{
            "datatype": "collection",
            "name": "eventobject"
        }],
        "contextObj": {
            "name": "frmHome",
            "type": "forms",
            "platform": null,
            "KUID": "g3d6376366e64b9abb80c51ec9263b8d"
        },
        "language": "js",
        "actions": [{
            "id": "ADD_SNIPPET_d2fc172a62eb4d6b82bb186ad4468518",
            "type": "ADD_SNIPPET",
            "codeSnippet": "var navigateToDetailsForm = new voltmx.mvc.Navigation(\"frmPushHistory\");\nnavigateToDetailsForm.navigate();"
        }]
    }
}