{
    "AS_Form_dc43bb3a714443759e5249fccdf35699": {
        "id": "AS_Form_dc43bb3a714443759e5249fccdf35699",
        "type": "ACTION_SEQUENCE",
        "params": [{
            "datatype": "collection",
            "name": "eventobject"
        }],
        "contextObj": {
            "name": "frmEvent",
            "type": "forms",
            "platform": null,
            "KUID": "j1b85a31497a438d96ac097e2ee522f4"
        },
        "language": "js",
        "actions": [{
            "id": "ADD_SNIPPET_ide_postShow_b48de88541f4432f954eda3529799b54",
            "type": "ADD_SNIPPET",
            "codeSnippet": "this.getAllEvents();"
        }]
    }
}