{
    "AS_Switch_ea50b7dac9d9409a8e7e6e7333893464": {
        "id": "AS_Switch_ea50b7dac9d9409a8e7e6e7333893464",
        "type": "ACTION_SEQUENCE",
        "params": [{
            "datatype": "collection",
            "name": "eventobject"
        }],
        "contextObj": {
            "name": "frmCampaign",
            "type": "forms",
            "platform": null,
            "KUID": "iad1b7928331480c85efbb3173e691af"
        },
        "language": "js",
        "actions": [{
            "id": "ADD_SNIPPET_ide_onSlide_h8c8dc423d6a495890757b91c436b5e8",
            "type": "ADD_SNIPPET",
            "codeSnippet": "this.pushRegistration();"
        }]
    }
}