{
    "AS_Segment_h50b52353efa4727baa96f1f0cc7743f": {
        "id": "AS_Segment_h50b52353efa4727baa96f1f0cc7743f",
        "type": "ACTION_SEQUENCE",
        "params": [{
            "datatype": "collection",
            "name": "eventobject"
        }, {
            "datatype": "number",
            "name": "sectionNumber"
        }, {
            "datatype": "number",
            "name": "rowNumber"
        }],
        "contextObj": {
            "name": "frmPushHistory",
            "type": "forms",
            "platform": null,
            "KUID": "c97fb66858514e219f337b7d26ed6732"
        },
        "language": "js",
        "actions": [{
            "id": "ADD_SNIPPET_ide_onRowClick_d22ff955bec44ce1bfdfc7ca87d7987d",
            "type": "ADD_SNIPPET",
            "codeSnippet": "\nthis.getMessageContent();"
        }]
    }
}