{
    "AS_Segment_cf7895f7f9d648edbc8c8c9645f3ee68": {
        "id": "AS_Segment_cf7895f7f9d648edbc8c8c9645f3ee68",
        "type": "ACTION_SEQUENCE",
        "params": [{
            "datatype": "collection",
            "name": "eventobject"
        }, {
            "datatype": "number",
            "name": "sectionNumber"
        }, {
            "datatype": "number",
            "name": "rowNumber"
        }],
        "contextObj": {
            "name": "frmEvent",
            "type": "forms",
            "platform": null,
            "KUID": "j1b85a31497a438d96ac097e2ee522f4"
        },
        "language": "js",
        "actions": [{
            "id": "ADD_SNIPPET_ide_onRowClick_gfaf20a3837248f88754abf12ad27482",
            "type": "ADD_SNIPPET",
            "codeSnippet": "this.showPopUp();"
        }]
    }
}