{
    "AS_AppEvents_j7c791d2c02a470d9624c8933043a98b": {
        "id": "AS_AppEvents_j7c791d2c02a470d9624c8933043a98b",
        "type": "ACTION_SEQUENCE",
        "params": [{
            "datatype": "collection",
            "name": "eventobject"
        }],
        "language": "js",
        "actions": [{
            "id": "ADD_SNIPPET_a82a9e1d34b3462696178a449a8f611a",
            "type": "ADD_SNIPPET",
            "codeSnippet": "var pushMod = require('./pushNotif');\n//setupPushCallbacks\npushMod.setupPushCallbacks();",
            "parentId": null
        }]
    }
}