{
    "AS_Button_c2d80691a5734fa28fa4d1a0a48c5daa": {
        "id": "AS_Button_c2d80691a5734fa28fa4d1a0a48c5daa",
        "type": "ACTION_SEQUENCE",
        "params": [{
            "datatype": "collection",
            "name": "eventobject"
        }],
        "contextObj": {
            "name": "frmLogin",
            "type": "forms",
            "platform": "",
            "KUID": "b3664088ef9a45088047a07b02d404c0"
        },
        "language": "js",
        "actions": [{
            "id": "ADD_SNIPPET_f47e09266de641858357d5014e5d9029",
            "type": "ADD_SNIPPET",
            "codeSnippet": "voltmx.ui.Alert({\n        message : \"Disclaimer: If you continue without Login, you will not be able to Trigger Events and Ad hoc Pushes.\",\n        alertType : constants.ALERT_TYPE_CONFIRMATION,\n        yesLabel : \"Continue\",\n       noLabel : \"Cancel\",\n        alertHandler : this.confirmationCallback\n      },{});\n\n",
            "parentId": null
        }]
    }
}