{
    "AS_Button_g492e28be9fc4115817072f235eafc2c": {
        "id": "AS_Button_g492e28be9fc4115817072f235eafc2c",
        "type": "ACTION_SEQUENCE",
        "params": [{
            "datatype": "collection",
            "name": "eventobject"
        }],
        "language": "js",
        "actions": [{
            "id": "ADD_SNIPPET_ide_onClick_b6cc15a425264aff80f4c23d8ffe62a2",
            "type": "ADD_SNIPPET",
            "codeSnippet": "var navigateToDetailsForm = new kony.mvc.Navigation(\"frmHome\");\nnavigateToDetailsForm.navigate();"
        }]
    }
}