{
    "AS_Button_cac46240cbc24940b45627e01a13bd60": {
        "id": "AS_Button_cac46240cbc24940b45627e01a13bd60",
        "type": "ACTION_SEQUENCE",
        "params": [{
            "datatype": "collection",
            "name": "eventobject"
        }],
        "language": "js",
        "actions": [{
            "id": "ADD_SNIPPET_ide_onClick_c5d5080ebc1c42bc90f9ff208802e25c",
            "type": "ADD_SNIPPET",
            "codeSnippet": "var navigateToDetailsForm = new kony.mvc.Navigation(\"frmHome\");\nnavigateToDetailsForm.navigate();"
        }]
    }
}