{
    "AS_Button_a75837bcc3864bf7b40785da70cf6846": {
        "id": "AS_Button_a75837bcc3864bf7b40785da70cf6846",
        "type": "ACTION_SEQUENCE",
        "params": [{
            "datatype": "collection",
            "name": "eventobject"
        }],
        "language": "js",
        "actions": [{
            "id": "ADD_SNIPPET_bac09e0143d54bbaa7b067adfe7dcce8",
            "type": "ADD_SNIPPET",
            "codeSnippet": "var navigateToDetailsForm = new voltmx.mvc.Navigation(\"frmHome\");\nnavigateToDetailsForm.navigate();"
        }]
    }
}