{
    "AS_Button_i2a11357548b4e01ba0548d1f6ff92f5": {
        "id": "AS_Button_i2a11357548b4e01ba0548d1f6ff92f5",
        "type": "ACTION_SEQUENCE",
        "params": [{
            "datatype": "collection",
            "name": "eventobject"
        }],
        "language": "js",
        "actions": [{
            "id": "ADD_SNIPPET_g2a09d08b9ba4cee851ae9e3d8c19442",
            "type": "ADD_SNIPPET",
            "codeSnippet": "this.pushDeRegistration();",
            "parentId": null
        }]
    }
}