{
    "AS_Button_dbc9c1f6cdeb4be38dc8973822d828de": {
        "id": "AS_Button_dbc9c1f6cdeb4be38dc8973822d828de",
        "type": "ACTION_SEQUENCE",
        "params": [{
            "datatype": "collection",
            "name": "eventobject"
        }],
        "contextObj": {
            "type": "forms",
            "platform": null,
            "KUID": "fd2db10f643644f6af6a6256995b210b"
        },
        "language": "js",
        "actions": [{
            "id": "ADD_SNIPPET_ide_onClick_c5f98cdb9f6f4c948d091e4b7e90f776",
            "type": "ADD_SNIPPET",
            "codeSnippet": "this.pushRegistration()"
        }]
    }
}