{
    "AS_Button_b8cb89d45500488cb3d7e53651060ec3": {
        "id": "AS_Button_b8cb89d45500488cb3d7e53651060ec3",
        "type": "ACTION_SEQUENCE",
        "params": [{
            "datatype": "collection",
            "name": "eventobject"
        }],
        "contextObj": {
            "type": "forms",
            "platform": null,
            "KUID": "j78794661fc34aae98a320ad94ffc9fd"
        },
        "language": "js",
        "actions": [{
            "id": "ADD_SNIPPET_ide_onClick_b8dd42c27fcb414aaef3702414d339f8",
            "type": "ADD_SNIPPET",
            "codeSnippet": "this.closePopUp();"
        }]
    }
}