{
    "AS_Button_ed1f80b5a13a404a9a3d7b4bc083ae98": {
        "id": "AS_Button_ed1f80b5a13a404a9a3d7b4bc083ae98",
        "type": "ACTION_SEQUENCE",
        "params": [{
            "datatype": "collection",
            "name": "eventobject"
        }],
        "contextObj": {
            "type": "forms",
            "platform": null,
            "KUID": "f2e515919f9a4733b6e2d2040865b5a7"
        },
        "language": "js",
        "actions": [{
            "id": "ADD_SNIPPET_ide_onClick_f4d7f6e3ecaa4bb19e7891f301131b43",
            "type": "ADD_SNIPPET",
            "codeSnippet": "this.pushRegistration()"
        }]
    }
}