{
    "AS_Button_i51997646abf42f0affc900e7c44217d": {
        "id": "AS_Button_i51997646abf42f0affc900e7c44217d",
        "type": "ACTION_SEQUENCE",
        "params": [{
            "datatype": "collection",
            "name": "eventobject"
        }],
        "contextObj": {
            "name": "frmLogin",
            "type": "forms",
            "platform": "",
            "KUID": "b3664088ef9a45088047a07b02d404c0"
        },
        "language": "js",
        "actions": [{
            "id": "ADD_SNIPPET_d6c16ae39e26453198ac115def02f970",
            "type": "ADD_SNIPPET",
            "codeSnippet": "this.autenticateUser();",
            "parentId": null
        }]
    }
}