{
    "AS_Button_f5a1c74f309141308e5db28200691d91": {
        "id": "AS_Button_f5a1c74f309141308e5db28200691d91",
        "type": "ACTION_SEQUENCE",
        "params": [{
            "datatype": "collection",
            "name": "eventobject"
        }],
        "language": "js",
        "actions": [{
            "id": "INVOKE_FUNCTION__ide_onClick_c473e916c3b6432ab3833ae806fc0153",
            "type": "INVOKE_FUNCTION",
            "sequenceKUID": "resetback",
            "display": "resetback",
            "inputparams": [],
            "callbackType": null,
            "disabled": null,
            "source": "module"
        }]
    }
}