{
    "AS_Button_e442b059f6754dd4b907ccae74fb26d7": {
        "id": "AS_Button_e442b059f6754dd4b907ccae74fb26d7",
        "type": "ACTION_SEQUENCE",
        "params": [{
            "datatype": "collection",
            "name": "eventobject"
        }],
        "language": "js",
        "actions": [{
            "id": "ADD_SNIPPET_ide_onClick_d0ab0c64b49f481cad4c4605320325b2",
            "type": "ADD_SNIPPET",
            "codeSnippet": "var navigateToDetailsForm = new kony.mvc.Navigation(\"frmHome\");\nnavigateToDetailsForm.navigate();"
        }]
    }
}