{
    "AS_Button_c0a75d387f964a0ebb22c8eb69f187d2": {
        "id": "AS_Button_c0a75d387f964a0ebb22c8eb69f187d2",
        "type": "ACTION_SEQUENCE",
        "params": [{
            "datatype": "collection",
            "name": "eventobject"
        }],
        "contextObj": {
            "type": "forms",
            "platform": null,
            "KUID": "j78794661fc34aae98a320ad94ffc9fd"
        },
        "language": "js",
        "actions": [{
            "id": "ADD_SNIPPET_ide_onClick_cb073a614bba4d828fc12ebbd76e7ec5",
            "type": "ADD_SNIPPET",
            "codeSnippet": "this.pushRegistration()"
        }]
    }
}