{
    "AS_Button_f0f36806a1064fd9ba7e6dede5062ee5": {
        "id": "AS_Button_f0f36806a1064fd9ba7e6dede5062ee5",
        "type": "ACTION_SEQUENCE",
        "params": [{
            "datatype": "collection",
            "name": "eventobject"
        }],
        "contextObj": {
            "name": "frmSubscription",
            "type": "forms",
            "platform": null,
            "KUID": "d13482b35a7644538ba472d98d534b27"
        },
        "language": "js",
        "actions": [{
            "id": "ADD_SNIPPET_ide_onClick_ff8d9bd842e24dc585d22e5d5fb0cce5",
            "type": "ADD_SNIPPET",
            "codeSnippet": "\nvar navigateToDetailsForm = new kony.mvc.Navigation(\"frmHome\");\nnavigateToDetailsForm.navigate();\n\n"
        }]
    }
}