{
    "AS_Button_f700550d63a845b286e9293cdabc7d74": {
        "id": "AS_Button_f700550d63a845b286e9293cdabc7d74",
        "type": "ACTION_SEQUENCE",
        "params": [{
            "datatype": "collection",
            "name": "eventobject"
        }],
        "language": "js",
        "actions": [{
            "id": "NAVIGATE_TO_FORM__ide_onClick_cb27e388bf5f4575a021e791b86a0c3e",
            "type": "NAVIGATE_TO_FORM",
            "formKUID": "f2e515919f9a4733b6e2d2040865b5a7",
            "mappings": {},
            "mappingsOrder": [],
            "enableMappingEditor": true,
            "package": "",
            "isCustomInput": false
        }]
    }
}