{
    "AS_Button_h8f0371c071f43cb91e11e1e576a7198": {
        "id": "AS_Button_h8f0371c071f43cb91e11e1e576a7198",
        "type": "ACTION_SEQUENCE",
        "params": [{
            "datatype": "collection",
            "name": "eventobject"
        }],
        "language": "js",
        "actions": [{
            "id": "ADD_SNIPPET_ide_onClick_gb4c00f525d34df69ec78c07e5b501cb",
            "type": "ADD_SNIPPET",
            "codeSnippet": "var navigateToDetailsForm = new kony.mvc.Navigation(\"frmHome\");\nnavigateToDetailsForm.navigate();"
        }]
    }
}