{
    "AS_Button_dcdd1abca1f74450835832904a0bf822": {
        "id": "AS_Button_dcdd1abca1f74450835832904a0bf822",
        "type": "ACTION_SEQUENCE",
        "params": [{
            "datatype": "collection",
            "name": "eventobject"
        }],
        "language": "js",
        "actions": [{
            "id": "ADD_SNIPPET_ide_onClick_e3d42125881f4615b877dee745d92bcc",
            "type": "ADD_SNIPPET",
            "codeSnippet": "alert(\"Disclaimer: If you continue without Login with your fabric credentials you will not be able to trigger events and custom pushes\");\nvar navigateToDetailsForm = new kony.mvc.Navigation(\"frmSplashScreen\");\nnavigateToDetailsForm.navigate();"
        }]
    }
}