{
    "AS_Button_fcc4d36c290e4ff6a3752770ada384e9": {
        "id": "AS_Button_fcc4d36c290e4ff6a3752770ada384e9",
        "type": "ACTION_SEQUENCE",
        "params": [{
            "datatype": "collection",
            "name": "eventobject"
        }],
        "language": "js",
        "actions": [{
            "id": "ADD_SNIPPET_i8bd1d8d7466423b9f2ba768b45c2b6b",
            "type": "ADD_SNIPPET",
            "codeSnippet": "var navigateToDetailsForm = new voltmx.mvc.Navigation(\"frmSubscription\");\nnavigateToDetailsForm.navigate(1);"
        }]
    }
}