{
    "AS_Button_f2180919a6b843829f8232bf92289c7a": {
        "id": "AS_Button_f2180919a6b843829f8232bf92289c7a",
        "type": "ACTION_SEQUENCE",
        "params": [{
            "datatype": "collection",
            "name": "eventobject"
        }],
        "contextObj": {
            "name": "frmSubscription",
            "type": "forms",
            "platform": null,
            "KUID": "d13482b35a7644538ba472d98d534b27"
        },
        "language": "js",
        "actions": [{
            "id": "ADD_SNIPPET_ide_onClick_f5e5a5475914422094c418dbc51d989f",
            "type": "ADD_SNIPPET",
            "codeSnippet": "this.pushRegistration()"
        }]
    }
}