{
    "AS_Button_h78e6dcd65f248eabaff346024f5624b": {
        "id": "AS_Button_h78e6dcd65f248eabaff346024f5624b",
        "type": "ACTION_SEQUENCE",
        "params": [{
            "datatype": "collection",
            "name": "eventobject"
        }],
        "contextObj": {
            "type": "forms",
            "platform": null,
            "KUID": "b3664088ef9a45088047a07b02d404c0",
            "name": "frmLogin"
        },
        "language": "js",
        "actions": [{
            "id": "ADD_SNIPPET_cd699d88c00b4c2fa622b08884741470",
            "type": "ADD_SNIPPET",
            "codeSnippet": "this.autenticateUser();",
            "parentId": null
        }]
    }
}