{
    "AS_Form_fdd79eca79164adcb1f29ae0f90fdc10": {
        "id": "AS_Form_fdd79eca79164adcb1f29ae0f90fdc10",
        "type": "ACTION_SEQUENCE",
        "params": [{
            "datatype": "collection",
            "name": "eventobject"
        }],
        "contextObj": {
            "KUID": "cf357d5e3ed64f5cbe24d0e31ff73be9",
            "platform": "",
            "type": "forms"
        },
        "language": "js",
        "actions": [{
            "id": "ADD_SNIPPET_h136dfaee6a8409fbedd269205e456be",
            "type": "ADD_SNIPPET",
            "codeSnippet": "frmFilters.lblLocationText.text=frmGeoLocations.lblSearchLocation.text;\nfrmFilters.lblLatitudeText.text=lat;\nfrmFilters.lblLongitudeText.text=lon;",
            "parentId": null
        }]
    }
}