{
    "AS_FlexContainer_dbdbd8ad480440cabf826f35ecd01470": {
        "id": "AS_FlexContainer_dbdbd8ad480440cabf826f35ecd01470",
        "type": "ACTION_SEQUENCE",
        "params": [{
            "datatype": "collection",
            "name": "eventobject"
        }],
        "contextObj": {
            "name": "frmHome",
            "type": "forms",
            "platform": "",
            "KUID": "h4f31276b9114dc49cfce567fbd8055c"
        },
        "language": "js",
        "actions": [{
            "id": "ADD_SNIPPET_ecb0da658a1d47efb4df78e107d9fa06",
            "type": "ADD_SNIPPET",
            "codeSnippet": "var navigateToDetailsForm = new voltmx.mvc.Navigation(\"frmCampaign\");\nnavigateToDetailsForm.navigate();"
        }]
    }
}