{
    "AS_Form_b756c9d67fec4728a2d2407f99bc7829": {
        "id": "AS_Form_b756c9d67fec4728a2d2407f99bc7829",
        "type": "ACTION_SEQUENCE",
        "params": [{
            "datatype": "collection",
            "name": "eventobject"
        }],
        "contextObj": {
            "type": "forms",
            "platform": null,
            "KUID": "a786793a3ef54e8f9aea8f0818f001ae",
            "name": "frmSplashScreen"
        },
        "language": "js",
        "actions": [{
            "id": "ADD_SNIPPET_ad43585d41f841f3b6fd02da353001b8",
            "type": "ADD_SNIPPET",
            "codeSnippet": "voltmx.application.showLoadingScreen(\"loading\"); ",
            "parentId": null
        }]
    }
}