{
    "AS_Form_dce060d5c01744b4904f338c499ea6cf": {
        "id": "AS_Form_dce060d5c01744b4904f338c499ea6cf",
        "type": "ACTION_SEQUENCE",
        "params": [{
            "datatype": "collection",
            "name": "eventobject"
        }],
        "contextObj": {
            "type": "forms",
            "platform": "",
            "KUID": "a0de2d0e86bf4272a6f6b6dbdefb0953",
            "name": "frmEvent"
        },
        "language": "js",
        "actions": [{
            "id": "ADD_SNIPPET_c0c3dacf77e64054844024e15d9cd7f2",
            "type": "ADD_SNIPPET",
            "codeSnippet": "this.getAllEvents();",
            "parentId": null
        }]
    }
}