{
    "AS_Form_g89688b5d0a04e9c9aacfb3b40374cee": {
        "id": "AS_Form_g89688b5d0a04e9c9aacfb3b40374cee",
        "type": "ACTION_SEQUENCE",
        "params": [{
            "datatype": "collection",
            "name": "eventobject"
        }],
        "contextObj": {
            "type": "forms",
            "platform": "",
            "KUID": "h18e8f7885b847fd9d577e308e6ee419",
            "name": "frmPushHistory"
        },
        "language": "js",
        "actions": [{
            "id": "ADD_SNIPPET_j61b6f6c1759440497e5d7f96f69590c",
            "type": "ADD_SNIPPET",
            "codeSnippet": "this.fetchPushMessages();",
            "parentId": null
        }]
    }
}