{
    "AS_Form_cf96ee9bdcee49598b78bf2a37276d3f": {
        "id": "AS_Form_cf96ee9bdcee49598b78bf2a37276d3f",
        "type": "ACTION_SEQUENCE",
        "params": [{
            "datatype": "collection",
            "name": "eventobject"
        }],
        "contextObj": {
            "type": "forms",
            "platform": "",
            "KUID": "a786793a3ef54e8f9aea8f0818f001ae",
            "name": "frmSplashScreen"
        },
        "language": "js",
        "actions": [{
            "id": "ADD_SNIPPET_je1ef0bf842c4e408ef49c83dcab3b8e",
            "type": "ADD_SNIPPET",
            "codeSnippet": "kony.application.showLoadingScreen(\"sknLoading\", \"Loading..\", constants.LOADING_SCREEN_POSITION_FULL_SCREEN, true, true, null); \nkony.timer.schedule(\"show\", this.navigation,4,false);\n",
            "parentId": null
        }]
    }
}