{
    "AS_Form_a17355baac5f45ddb493bfa64d14877c": {
        "id": "AS_Form_a17355baac5f45ddb493bfa64d14877c",
        "type": "ACTION_SEQUENCE",
        "params": [{
            "datatype": "collection",
            "name": "eventobject"
        }],
        "contextObj": {
            "type": "forms",
            "platform": null,
            "KUID": "a786793a3ef54e8f9aea8f0818f001ae",
            "name": "frmSplashScreen"
        },
        "language": "js",
        "actions": [{
            "id": "ADD_SNIPPET_cb8a0717a48a4215a7a9b7b27859b3f2",
            "type": "ADD_SNIPPET",
            "codeSnippet": " var navigateToDetailsForm1 = new kony.mvc.Navigation(\"frmSubscription\");\n navigateToDetailsForm1.navigate();\n  ",
            "parentId": null
        }]
    }
}