{
    "AS_Form_ea483fca7ced486388e56e850fa8acf6": {
        "id": "AS_Form_ea483fca7ced486388e56e850fa8acf6",
        "type": "ACTION_SEQUENCE",
        "params": [{
            "datatype": "collection",
            "name": "eventobject"
        }],
        "contextObj": {
            "KUID": "de046c0d72154263a27c00140d19cf93",
            "platform": null,
            "type": "forms",
            "name": "frmReset"
        },
        "language": "js",
        "actions": [{
            "id": "ADD_SNIPPET_a6bc54693fd741f8b9720765688deb41",
            "type": "ADD_SNIPPET",
            "codeSnippet": "frmSetting.txtBoxurl.text=KMSPROP.kmsServerUrl;\n frmSetting.txtBoxAppId.text=KMSPROP.appId;\n frmSetting.txtBoxSenderID.text=KMSPROP.senderID; ",
            "parentId": null
        }]
    }
}