{
    "AS_Form_da37a522b5f14d2c8f49e03500a8f2f5": {
        "id": "AS_Form_da37a522b5f14d2c8f49e03500a8f2f5",
        "type": "ACTION_SEQUENCE",
        "params": [{
            "datatype": "collection",
            "name": "eventobject"
        }],
        "contextObj": {
            "type": "forms",
            "platform": "",
            "KUID": "h9b992c0bc294e63b28b23682d7edf15"
        },
        "language": "js",
        "actions": [{
            "id": "ADD_SNIPPET_d9c5c1b19e3f4e40b361bf586723bb57",
            "type": "ADD_SNIPPET",
            "codeSnippet": "this.view.txtBoxSenderID.setEnabled(false);",
            "parentId": null
        }]
    }
}