{
    "AS_Form_ge285e471c43403f8d0581e053fbef88": {
        "id": "AS_Form_ge285e471c43403f8d0581e053fbef88",
        "type": "ACTION_SEQUENCE",
        "params": [{
            "datatype": "collection",
            "name": "eventobject"
        }],
        "contextObj": {
            "type": "forms",
            "platform": null,
            "KUID": "a786793a3ef54e8f9aea8f0818f001ae",
            "name": "frmSplashScreen"
        },
        "language": "js",
        "actions": [{
            "id": "ADD_SNIPPET_gcfc0667ef2e49158e91c4514067d09d",
            "type": "ADD_SNIPPET",
            "codeSnippet": "voltmx.application.showLoadingScreen(\"loading\");",
            "parentId": null
        }]
    }
}