{
    "AS_Form_a4b6bb99fbe242aeaac3a4f7379fc4c5": {
        "id": "AS_Form_a4b6bb99fbe242aeaac3a4f7379fc4c5",
        "type": "ACTION_SEQUENCE",
        "params": [{
            "datatype": "collection",
            "name": "eventobject"
        }],
        "contextObj": {
            "type": "forms",
            "platform": "",
            "KUID": "h9b992c0bc294e63b28b23682d7edf15"
        },
        "language": "js",
        "actions": [{
            "id": "ADD_SNIPPET_d25728e22978452788116cc4f49d08f4",
            "type": "ADD_SNIPPET",
            "codeSnippet": " voltmx.application.dismissLoadingScreen();",
            "parentId": null
        }]
    }
}