{
    "AS_FlexContainer_jf5ce4816a88478ba6ac64eab3423252": {
        "id": "AS_FlexContainer_jf5ce4816a88478ba6ac64eab3423252",
        "type": "ACTION_SEQUENCE",
        "params": [{
            "datatype": "collection",
            "name": "eventobject"
        }],
        "language": "js",
        "actions": [{
            "id": "ADD_SNIPPET_ide_onClick_dba971103b114a0b9ede4a446b3c887f",
            "type": "ADD_SNIPPET",
            "codeSnippet": "if(this.view.lblPassword.top==\"23%\"){\n  this.view.flxLblPassword.isVisible=false;\n  this.invokeTouch(this.view.lblPassword,\"16%\");\n}\nthis.view.forceLayout();",
            "callbackType": null
        }]
    }
}