{
    "AS_FlexContainer_j8ad3ebe1faa4a37a754ba4f3793e869": {
        "id": "AS_FlexContainer_j8ad3ebe1faa4a37a754ba4f3793e869",
        "type": "ACTION_SEQUENCE",
        "params": [{
            "datatype": "collection",
            "name": "eventobject"
        }],
        "contextObj": {
            "name": "frmHome",
            "type": "forms",
            "platform": "",
            "KUID": "h4f31276b9114dc49cfce567fbd8055c"
        },
        "language": "js",
        "actions": [{
            "id": "ADD_SNIPPET_jbb9e549a64d450fbf069e7c99caa7f8",
            "type": "ADD_SNIPPET",
            "codeSnippet": "var navigateToDetailsForm = new voltmx.mvc.Navigation(\"frmPushHistory\");\nnavigateToDetailsForm.navigate();"
        }]
    }
}