{
    "AS_FlexContainer_e3d5b984706d4a9eab4af70ba30051eb": {
        "id": "AS_FlexContainer_e3d5b984706d4a9eab4af70ba30051eb",
        "type": "ACTION_SEQUENCE",
        "params": [{
            "datatype": "collection",
            "name": "eventobject"
        }],
        "contextObj": {
            "name": "frmHome",
            "type": "forms",
            "platform": "",
            "KUID": "h4f31276b9114dc49cfce567fbd8055c"
        },
        "language": "js",
        "actions": [{
            "id": "ADD_SNIPPET_a8ee1fadf3ec4770afaeb44b443033a6",
            "type": "ADD_SNIPPET",
            "codeSnippet": "this.loginCheck(0);",
            "parentId": null
        }]
    }
}