{
    "AS_Form_bcb8b905783947968c6896bed2ee8012": {
        "id": "AS_Form_bcb8b905783947968c6896bed2ee8012",
        "type": "ACTION_SEQUENCE",
        "params": [{
            "datatype": "collection",
            "name": "eventobject"
        }],
        "contextObj": {
            "KUID": "b4fe88e4f4a5469aadea173633d5449e",
            "platform": "",
            "type": "forms"
        },
        "language": "js",
        "actions": [{
            "id": "ADD_SNIPPET_cb92f38f04354111b04a4f30a581b5b7",
            "type": "ADD_SNIPPET",
            "codeSnippet": "frmGeoLocations.btnMap.text=\"Map\";\nfrmGeoLocations.segLocations.isVisible=true;\nfrmGeoLocations.mapLocations.isVisible=false;",
            "parentId": null
        }]
    }
}