{
    "AS_FlexContainer_f99055be30bf434dbe3a8931219dd280": {
        "id": "AS_FlexContainer_f99055be30bf434dbe3a8931219dd280",
        "type": "ACTION_SEQUENCE",
        "params": [{
            "datatype": "collection",
            "name": "eventobject"
        }],
        "contextObj": {
            "name": "frmHome",
            "type": "forms",
            "platform": "",
            "KUID": "h4f31276b9114dc49cfce567fbd8055c"
        },
        "language": "js",
        "actions": [{
            "id": "ADD_SNIPPET_b5f6d77a6cd14a71aea8f348cddf5aae",
            "type": "ADD_SNIPPET",
            "codeSnippet": "this.loginCheck(1);"
        }]
    }
}