{
    "AS_ListBox_f46c62833ad54cda9cf04fd663b0d7a8": {
        "id": "AS_ListBox_f46c62833ad54cda9cf04fd663b0d7a8",
        "type": "ACTION_SEQUENCE",
        "params": [{
            "datatype": "collection",
            "name": "eventobject"
        }],
        "language": "js",
        "actions": [{
            "id": "ADD_SNIPPET_ide_onSelection_c4f39548ccea43d08f71d24b3c52a34d",
            "type": "ADD_SNIPPET",
            "codeSnippet": "selectedState=frmProfile.lstboxStates.selectedKeyValue[1];\n //alert(selectedState);"
        }]
    }
}