{
    "AS_ListBox_f16bc64c5de541079e5ed11ffe6879e2": {
        "id": "AS_ListBox_f16bc64c5de541079e5ed11ffe6879e2",
        "type": "ACTION_SEQUENCE",
        "params": [{
            "datatype": "collection",
            "name": "eventobject"
        }],
        "contextObj": {
            "type": "forms",
            "platform": "",
            "KUID": "fd2db10f643644f6af6a6256995b210b"
        },
        "language": "js",
        "actions": [{
            "id": "ADD_SNIPPET_f1aff2a293884b348cfe0d546463fc81",
            "type": "ADD_SNIPPET",
            "codeSnippet": "",
            "parentId": null
        }]
    }
}