{
    "AS_ListBox_e4dd5c3c51694322975596dac718771f": {
        "id": "AS_ListBox_e4dd5c3c51694322975596dac718771f",
        "type": "ACTION_SEQUENCE",
        "params": [{
            "datatype": "collection",
            "name": "eventobject"
        }],
        "language": "js",
        "actions": [{
            "id": "ADD_SNIPPET_ide_onSelection_d85d3cde1a3f4b7db3e4b0a52a7616e2",
            "type": "ADD_SNIPPET",
            "codeSnippet": "selectedCountry=frmProfile.listbox5316540885527.selectedKeyValue[1];\n if(selectedCountry==\"United States\"){\n frmProfile.lstboxStates.placeholder=\"Select State\";\n frmProfile.lstboxStates.setVisibility(true);\n frmProfile.lineState.setVisibility(true);\n }else{ \n frmProfile.lstboxStates.setVisibility(false);\n frmProfile.lineState.setVisibility(false);\n selectedState=\"\";\n }"
        }]
    }
}