{
    "AS_Switch_cd7ae6aeed8b421ebfabb534e70f919c": {
        "id": "AS_Switch_cd7ae6aeed8b421ebfabb534e70f919c",
        "type": "ACTION_SEQUENCE",
        "params": [{
            "datatype": "collection",
            "name": "eventobject"
        }],
        "contextObj": {
            "name": "frmCampaign",
            "type": "forms",
            "platform": "",
            "KUID": "gc08cc024967486c9486577afc272a1b"
        },
        "language": "js",
        "actions": [{
            "id": "ADD_SNIPPET_a1aec7f75c3b4ec9ab1bc2f96caa5c5b",
            "type": "ADD_SNIPPET",
            "codeSnippet": "this.pushRegistration();",
            "parentId": null
        }]
    }
}