{
    "AS_Segment_ae4fb07f2d224aa49d84525fbc423034": {
        "id": "AS_Segment_ae4fb07f2d224aa49d84525fbc423034",
        "type": "ACTION_SEQUENCE",
        "params": [{
            "datatype": "collection",
            "name": "eventobject"
        }, {
            "datatype": "number",
            "name": "sectionNumber"
        }, {
            "datatype": "number",
            "name": "rowNumber"
        }],
        "contextObj": {
            "type": "forms",
            "platform": "",
            "KUID": "a0de2d0e86bf4272a6f6b6dbdefb0953",
            "name": "frmEvent"
        },
        "language": "js",
        "actions": [{
            "id": "ADD_SNIPPET_ddce96dadb7c4d34963e7ad608eb4cc8",
            "type": "ADD_SNIPPET",
            "codeSnippet": "this.showPopUp();",
            "parentId": null
        }]
    }
}