{
    "AS_Segment_d7baf88d930542559dc9dc51ed960473": {
        "id": "AS_Segment_d7baf88d930542559dc9dc51ed960473",
        "type": "ACTION_SEQUENCE",
        "params": [{
            "datatype": "collection",
            "name": "eventobject"
        }, {
            "datatype": "number",
            "name": "sectionNumber"
        }, {
            "datatype": "number",
            "name": "rowNumber"
        }],
        "contextObj": {
            "type": "forms",
            "platform": "",
            "KUID": "h18e8f7885b847fd9d577e308e6ee419",
            "name": "frmPushHistory"
        },
        "language": "js",
        "actions": [{
            "id": "ADD_SNIPPET_a975c839a7994e0588109eff1ee26567",
            "type": "ADD_SNIPPET",
            "codeSnippet": "\nthis.getMessageContent();",
            "parentId": null
        }]
    }
}