{
    "AS_Switch_ca5eaf62727b40cfb18cd04104b1e644": {
        "id": "AS_Switch_ca5eaf62727b40cfb18cd04104b1e644",
        "type": "ACTION_SEQUENCE",
        "params": [{
            "datatype": "collection",
            "name": "eventobject"
        }],
        "contextObj": {
            "type": "forms",
            "platform": "",
            "KUID": "be68c2bdc3c44688832e8bf6941761da"
        },
        "language": "js",
        "actions": [{
            "id": "ADD_SNIPPET_h1a085bf78a74e4b9cfcd2722c92a256",
            "type": "ADD_SNIPPET",
            "codeSnippet": "alert(this.view.swtSample.selectedIndex);",
            "parentId": null
        }]
    }
}