{
    "AS_TextField_heefefedf007495fa95a0cf554935bcd": {
        "id": "AS_TextField_heefefedf007495fa95a0cf554935bcd",
        "type": "ACTION_SEQUENCE",
        "params": [{
            "datatype": "collection",
            "name": "eventobject"
        }, {
            "datatype": "string",
            "name": "changedtext"
        }],
        "language": "js",
        "actions": [{
            "id": "ADD_SNIPPET_ide_onTextChange_a0b86f0edf2a45b996686cb8209dddec",
            "type": "ADD_SNIPPET",
            "codeSnippet": "frmEvent.lblInfo2.setVisibility(false);"
        }]
    }
}