{
    "AS_TextField_a7e6ff6dab634ceeaa8df84705caebc6": {
        "id": "AS_TextField_a7e6ff6dab634ceeaa8df84705caebc6",
        "type": "ACTION_SEQUENCE",
        "params": [{
            "datatype": "collection",
            "name": "eventobject"
        }, {
            "datatype": "string",
            "name": "changedtext"
        }],
        "contextObj": {
            "type": "forms",
            "platform": null,
            "KUID": "j78794661fc34aae98a320ad94ffc9fd"
        },
        "language": "js",
        "actions": [{
            "id": "ADD_SNIPPET_ide_onTextChange_c4de43ad550d4aeb92d24344c3b7fab8",
            "type": "ADD_SNIPPET",
            "codeSnippet": "this.checkBoxSelection(\"email\");"
        }]
    }
}