{
    "AS_TextField_d5b1f7ac197a425280e4485761348f51": {
        "id": "AS_TextField_d5b1f7ac197a425280e4485761348f51",
        "type": "ACTION_SEQUENCE",
        "params": [{
            "datatype": "collection",
            "name": "eventobject"
        }, {
            "datatype": "string",
            "name": "changedtext"
        }],
        "language": "js",
        "actions": [{
            "id": "ADD_SNIPPET_ide_onTextChange_e8cc4cabe48248db84f2d6c6bca5548a",
            "type": "ADD_SNIPPET",
            "codeSnippet": "frmSetting.txtBoxurl.text=\"https://mycompany.messaging. konycloud.com\";\n "
        }]
    }
}