{
    "AS_TextField_d71d3040f1bd46a696308b8fb6ff39dd": {
        "id": "AS_TextField_d71d3040f1bd46a696308b8fb6ff39dd",
        "type": "ACTION_SEQUENCE",
        "params": [{
            "datatype": "collection",
            "name": "eventobject"
        }, {
            "datatype": "string",
            "name": "changedtext"
        }],
        "contextObj": {
            "type": "forms",
            "platform": null,
            "KUID": "f2e515919f9a4733b6e2d2040865b5a7"
        },
        "language": "js",
        "actions": [{
            "id": "ADD_SNIPPET_ide_onTextChange_a61631ec43ee42979d54b07a44b2011a",
            "type": "ADD_SNIPPET",
            "codeSnippet": "this.checkBoxSelection(\"email\");"
        }]
    }
}