{
    "AS_TextField_c570ecf645a54d3284736e95ca8a37ea": {
        "id": "AS_TextField_c570ecf645a54d3284736e95ca8a37ea",
        "type": "ACTION_SEQUENCE",
        "params": [{
            "datatype": "collection",
            "name": "eventobject"
        }, {
            "datatype": "string",
            "name": "changedtext"
        }],
        "contextObj": {
            "name": "frmSubscription",
            "type": "forms",
            "platform": "",
            "KUID": "d13482b35a7644538ba472d98d534b27"
        },
        "language": "js",
        "actions": [{
            "id": "ADD_SNIPPET_f9bc752f9cb941f0956d93d7b1ebe1de",
            "type": "ADD_SNIPPET",
            "codeSnippet": "",
            "parentId": null
        }]
    }
}