{
    "keys": [
        "i18n.APPROVED.text",
        "i18n.AccountCode.text",
        "i18n.Addcomments(Optional).text",
        "i18n.Addcomments.text",
        "i18n.ApprovalWorkflow.text",
        "i18n.Approve.text",
        "i18n.Attachments.text",
        "i18n.Category.text",
        "i18n.Code.text",
        "i18n.Comments.text",
        "i18n.CostCentre.text",
        "i18n.Date.text",
        "i18n.Decline.text",
        "i18n.DeliveryDate.text",
        "i18n.Description.text",
        "i18n.DoyouwanttoproceedwithPOapproval?.text",
        "i18n.DoyouwanttoproceedwithPOdeclined?.text",
        "i18n.Filter.text",
        "i18n.ItemDetails.text",
        "i18n.ItemNo..text",
        "i18n.NetValue.text",
        "i18n.No.text",
        "i18n.PENDING.text",
        "i18n.POID.text",
        "i18n.Plant.text",
        "i18n.PurchaseOrderDetails.text",
        "i18n.PurchaseOrders.text",
        "i18n.Quantity.text",
        "i18n.STATUSCaps.text",
        "i18n.Sort.text",
        "i18n.Status.text",
        "i18n.Type.text",
        "i18n.UnitPrice.text",
        "i18n.Value.text",
        "i18n.Yes.text"
    ],
    "locales": {
        "en_US": {
            "i18nStrings": {
                "i18n.APPROVED.text": "APPROVED",
                "i18n.AccountCode.text": "Account Code",
                "i18n.Addcomments(Optional).text": "Add comments (Optional)",
                "i18n.Addcomments.text": "Add comments",
                "i18n.ApprovalWorkflow.text": "Approval Workflow",
                "i18n.Approve.text": "Approve",
                "i18n.Attachments.text": "Attachments",
                "i18n.Category.text": "Category",
                "i18n.Code.text": "Code",
                "i18n.Comments.text": "Comments",
                "i18n.CostCentre.text": "Cost Centre",
                "i18n.Date.text": "Date",
                "i18n.Decline.text": "Decline",
                "i18n.DeliveryDate.text": "Delivery Date",
                "i18n.Description.text": "Description",
                "i18n.DoyouwanttoproceedwithPOapproval?.text": "Do you want to proceed with Purchase Order approval ?",
                "i18n.DoyouwanttoproceedwithPOdeclined?.text": "Do you really want to reject this Purchase Order? ",
                "i18n.Filter.text": "Filter",
                "i18n.ItemDetails.text": "Item Details",
                "i18n.ItemNo..text": "Item No.",
                "i18n.NetValue.text": "Net Value",
                "i18n.No.text": "No",
                "i18n.PENDING.text": "PENDING",
                "i18n.POID.text": "POID",
                "i18n.Plant.text": "Plant",
                "i18n.PurchaseOrderDetails.text": "Purchase Order Details",
                "i18n.PurchaseOrders.text": "Purchase Orders",
                "i18n.Quantity.text": "Quantity",
                "i18n.STATUSCaps.text": "STATUS",
                "i18n.Sort.text": "Sort",
                "i18n.Status.text": "Status",
                "i18n.Type.text": "Type",
                "i18n.UnitPrice.text": "Unit Price",
                "i18n.Value.text": "Value",
                "i18n.Yes.text": "Yes"
            },
            "isCustomLocale": false,
            "isSelected": true
        }
    }
}