{
    "AS_Button_f0264c2f820d4cd9a15b35202fa972d9": {
        "id": "AS_Button_f0264c2f820d4cd9a15b35202fa972d9",
        "type": "ACTION_SEQUENCE",
        "params": [{
            "datatype": "collection",
            "name": "eventobject"
        }],
        "contextObj": {
            "name": "Form1",
            "type": "forms",
            "platform": "",
            "KUID": "c7ca094ba5ff41c0bf6eca9bbb6d02f3"
        },
        "language": "js",
        "actions": [{
            "id": "INVOKE_FUNCTION___ge23a1d777584e2695aca7c48ac894c2",
            "type": "INVOKE_FUNCTION",
            "sequenceKUID": "print",
            "display": "print",
            "inputparams": [],
            "parentId": null,
            "callbackType": null,
            "disabled": null,
            "source": "controller"
        }]
    }
}