{
    "AS_Button_c148c141e85b484cbb8333b70e7afe51": {
        "id": "AS_Button_c148c141e85b484cbb8333b70e7afe51",
        "type": "ACTION_SEQUENCE",
        "params": [{
            "datatype": "collection",
            "name": "eventobject"
        }],
        "contextObj": {
            "name": "Form1",
            "type": "forms",
            "platform": "",
            "KUID": "c7ca094ba5ff41c0bf6eca9bbb6d02f3"
        },
        "language": "js",
        "actions": [{
            "id": "INVOKE_FUNCTION___i818a8e5ef9446a9b56a7e72a1b00296",
            "type": "INVOKE_FUNCTION",
            "sequenceKUID": "convertToBase64",
            "display": "convertToBase64",
            "inputparams": [],
            "parentId": null,
            "callbackType": null,
            "disabled": null,
            "source": "controller"
        }]
    }
}