{
    "AS_Button_g94550903bd84d0bb9c9f160ffb53654": {
        "id": "AS_Button_g94550903bd84d0bb9c9f160ffb53654",
        "type": "ACTION_SEQUENCE",
        "params": [{
            "datatype": "collection",
            "name": "eventobject"
        }],
        "contextObj": {
            "name": "Form1",
            "type": "forms",
            "platform": "",
            "KUID": "c7ca094ba5ff41c0bf6eca9bbb6d02f3"
        },
        "language": "js",
        "actions": [{
            "id": "INVOKE_FUNCTION__onClick_c019b183506647ebb2e24eed4fbe0ad6",
            "type": "INVOKE_FUNCTION",
            "sequenceKUID": "convertBackToRawBytes",
            "display": "convertBackToRawBytes",
            "inputparams": [],
            "callbackType": null,
            "disabled": null,
            "source": "controller"
        }]
    }
}