{
    "AS_Button_j5825ce6856c42f080e01757f369ea3b": {
        "id": "AS_Button_j5825ce6856c42f080e01757f369ea3b",
        "type": "ACTION_SEQUENCE",
        "params": [{
            "datatype": "collection",
            "name": "eventobject"
        }],
        "contextObj": {
            "name": "Form1",
            "type": "forms",
            "platform": "",
            "KUID": "c7ca094ba5ff41c0bf6eca9bbb6d02f3"
        },
        "language": "js",
        "actions": [{
            "id": "INVOKE_FUNCTION__onClick_h7b8e09f5f954266b9638d7943560bd0",
            "type": "INVOKE_FUNCTION",
            "sequenceKUID": "getError",
            "display": "getError",
            "inputparams": [],
            "callbackType": null,
            "disabled": null,
            "source": "controller"
        }]
    }
}