{
    "AS_Button_jda49e9a54b74da3a28544d662a120cc": {
        "id": "AS_Button_jda49e9a54b74da3a28544d662a120cc",
        "type": "ACTION_SEQUENCE",
        "params": [{
            "datatype": "collection",
            "name": "eventobject"
        }],
        "contextObj": {
            "name": "Form1",
            "type": "forms",
            "platform": "",
            "KUID": "c7ca094ba5ff41c0bf6eca9bbb6d02f3"
        },
        "language": "js",
        "actions": [{
            "id": "INVOKE_FUNCTION___dd8fd3da62a4472da8693469596473d1",
            "type": "INVOKE_FUNCTION",
            "sequenceKUID": "type",
            "display": "type",
            "inputparams": [],
            "parentId": null,
            "callbackType": null,
            "disabled": null,
            "source": "controller"
        }]
    }
}