{
    "AS_Camera_a0403e7016354f729118c79958884b94": {
        "id": "AS_Camera_a0403e7016354f729118c79958884b94",
        "type": "ACTION_SEQUENCE",
        "params": [{
            "datatype": "collection",
            "name": "eventobject"
        }],
        "contextObj": {
            "name": "Form1",
            "type": "forms",
            "platform": null,
            "KUID": "c7ca094ba5ff41c0bf6eca9bbb6d02f3"
        },
        "language": "js",
        "actions": [{
            "id": "ADD_SNIPPET__bd84c0c0c499430eba26d2ae5ccace81",
            "type": "ADD_SNIPPET",
            "codeSnippet": "var rawBytes = this.view.Camera1.rawBytes;\nthis.view.image1.rawBytes= rawBytes;",
            "parentId": null,
            "callbackType": null
        }]
    }
}