{
    "@class": "com.kony.gen.viz.model.component.KVizButton",
    "DNDConfig": null,
    "__parentReadjusting__": false,
    "_height_": {
        "type": "string",
        "value": "57dp"
    },
    "_left_": {
        "type": "string",
        "value": "20dp"
    },
    "_margin_": [
        6,
        6,
        6,
        6
    ],
    "_padding_": [
        0,
        0,
        0,
        0
    ],
    "_skin_": "sf5139db81614d0eb164c5ec135d34ea",
    "_text_": "Show Route",
    "_top_": {
        "type": "string",
        "value": "490dp"
    },
    "_width_": {
        "type": "string",
        "value": "189dp"
    },
    "canUpdateUI": true,
    "containerweight": 100,
    "contentalignment": 5,
    "displaytext": true,
    "focusskin": "sf5139db81614d0eb164c5ec135d34ea",
    "id": "btnSearch",
    "ide_onClick": "AS_Button_c9fc9f47540142aa89ca9af0171b917d",
    "info": null,
    "iscustomlayout": false,
    "isvisible": true,
    "kuid": "h73443b2aa024dec9c5e4de8c0b611f2",
    "name": "kony.ui.Button",
    "onclick": "AS_Button_c9fc9f47540142aa89ca9af0171b917d",
    "parent": "flxMain",
    "pf": "frmSearchRoutes",
    "retaincontentalignment": false,
    "retainflexpositionproperties": false,
    "wType": "Button",
    "zindex": 1
}