{
    "@class": "com.kony.gen.viz.model.component.KVizRadio",
    "DNDConfig": null,
    "__parentReadjusting__": false,
    "_height_": {
        "type": "string",
        "value": "40dp"
    },
    "_left_": {
        "type": "string",
        "value": "55dp"
    },
    "_margin_": [
        0,
        0,
        0,
        0
    ],
    "_padding_": [
        2,
        0,
        0,
        0
    ],
    "_skin_": "sc0dff13902e43c2a984d86600179cc1",
    "_top_": {
        "type": "string",
        "value": "267dp"
    },
    "_width_": {
        "type": "string",
        "value": "260dp"
    },
    "android": {
        "psp": {
            "viewType": 0
        }
    },
    "canUpdateUI": true,
    "centerx": {
        "type": "string",
        "value": "52.40%"
    },
    "containerweight": 100,
    "groupcells": false,
    "id": "rbgSource",
    "info": null,
    "ipad": {
        "psp": {
            "viewType": 0
        }
    },
    "iphone": {
        "psp": {
            "viewType": 0
        }
    },
    "iscustomlayout": false,
    "isvisible": true,
    "itemorientation": "vertical",
    "kuid": "h3906a424d1549489b53ea0d9f824a8a",
    "masterdata": [
        [
            "rbg1",
            "Orlando - Airport"
        ]
    ],
    "name": "kony.ui.RadioButtonGroup",
    "paddinginpixel": false,
    "parent": "flxMain",
    "pf": "frmSearchRoutes",
    "retaincontentalignment": false,
    "retainflexpositionproperties": false,
    "selectedkey": "rbg1",
    "selectedkeyvalue": [
        "rbg1",
        "Orlando - Airport"
    ],
    "size": 18,
    "tickedimage": "radioblue.png",
    "untickedimage": "radiogrey.png",
    "viewconfig": {
        "toggleViewConfig": {
            "viewStyle": 0
        }
    },
    "viewtype": 0,
    "wType": "RadioButtonGroup",
    "widgetalignment": 5,
    "zindex": 1
}