{
  "version" : "1.0",
  "intSvcs" : [ {
    "name" : "KeepAPI",
    "version" : "1.0",
    "etag" : "681442e8-ea55-4771-8ec5-7e0e113506b1"
  }, {
    "name" : "KeepAuthentication",
    "version" : "1.0",
    "etag" : "2f2ac907-dc93-4e4a-9d9e-2f5342b4c559"
  } ],
  "orchSvcs" : [ {
    "name" : "test",
    "version" : "1.0",
    "etag" : "140152e9-8567-4a48-a77e-f8c2435b5785"
  } ],
  "objectSvcs" : [ {
    "name" : "KeepObject",
    "version" : "1.0",
    "etag" : "d8af0175-0245-4947-8338-f2815f864d71"
  } ],
  "identity" : [ "KeepAuthentication" ]
}