{
    "AS_Button_c9c36d5019934bc5a049ef591d721de7": {
        "id": "AS_Button_c9c36d5019934bc5a049ef591d721de7",
        "type": "ACTION_SEQUENCE",
        "params": [{
            "datatype": "collection",
            "name": "eventobject"
        }],
        "language": "js",
        "actions": [{
            "id": "ADD_SNIPPET__be1d0279757c447b886a635d9f6e9ddd",
            "type": "ADD_SNIPPET",
            "codeSnippet": "this.view.pauseRecord.setVisibility(false);\nthis.view.btnPlay.setVisibility(true);",
            "parentId": null,
            "callbackType": null
        }, {
            "id": "INVOKE_FUNCTION__onClick_d0e7dd9a50fd4d3aba1564efd3d565b0",
            "type": "INVOKE_FUNCTION",
            "sequenceKUID": "stoprecordedfile",
            "display": "stoprecordedfile",
            "inputparams": [],
            "callbackType": null,
            "disabled": null,
            "source": "controller"
        }]
    }
}