{
    "AS_Button_g16a29e01ae243ada51b2531eab05679": {
        "id": "AS_Button_g16a29e01ae243ada51b2531eab05679",
        "type": "ACTION_SEQUENCE",
        "params": [{
            "datatype": "collection",
            "name": "eventobject"
        }, {
            "datatype": "string",
            "name": "x"
        }, {
            "datatype": "string",
            "name": "y"
        }],
        "contextObj": {
            "name": "frmRecord",
            "type": "forms",
            "platform": null,
            "KUID": "a719e551adb747c4a7dea8b41e7f6437"
        },
        "language": "js",
        "actions": []
    }
}