{
    "AS_Button_aa948f2a8eee4e0a96dfbf89eba851f6": {
        "id": "AS_Button_aa948f2a8eee4e0a96dfbf89eba851f6",
        "type": "ACTION_SEQUENCE",
        "params": [{
            "datatype": "collection",
            "name": "eventobject"
        }],
        "contextObj": {
            "name": "frmMedia",
            "type": "forms",
            "platform": "",
            "KUID": "a12be01557e342a5917c95ce8d94883d"
        },
        "language": "js",
        "actions": [{
            "id": "INVOKE_FUNCTION___a8814e7c63be4085b73139aae58d1cf3",
            "type": "INVOKE_FUNCTION",
            "sequenceKUID": "startRecord",
            "display": "startRecord",
            "inputparams": [],
            "parentId": null,
            "callbackType": null,
            "disabled": null,
            "source": "controller"
        }]
    }
}