{
    "AS_Button_f899717fc5d341988d8b22e0b748ff85": {
        "id": "AS_Button_f899717fc5d341988d8b22e0b748ff85",
        "type": "ACTION_SEQUENCE",
        "params": [{
            "datatype": "collection",
            "name": "eventobject"
        }],
        "contextObj": {
            "name": "frmRecord",
            "type": "forms",
            "platform": null,
            "KUID": "a719e551adb747c4a7dea8b41e7f6437"
        },
        "language": "js",
        "actions": [{
            "id": "INVOKE_FUNCTION___c13a7882d5054394afd0c0fbbf956db3",
            "type": "INVOKE_FUNCTION",
            "sequenceKUID": "StopRecording",
            "display": "StopRecording",
            "inputparams": [],
            "parentId": null,
            "callbackType": null,
            "disabled": null,
            "source": "controller"
        }]
    }
}