{
    "AS_Button_d71841fd6c0e4756bc303fee4dc6288f": {
        "id": "AS_Button_d71841fd6c0e4756bc303fee4dc6288f",
        "type": "ACTION_SEQUENCE",
        "params": [{
            "datatype": "collection",
            "name": "eventobject"
        }],
        "language": "js",
        "actions": [{
            "id": "ADD_SNIPPET_onClick_ce8cee4dcd2a4e8fa8d2806dcef51a7c",
            "type": "ADD_SNIPPET",
            "codeSnippet": "this.view.Pause.setVisibility(true);\nthis.view.btnPlay.setVisibility(false);",
            "callbackType": null
        }, {
            "id": "INVOKE_FUNCTION__onClick_jf25a7f988cb4edd9b2238cf06bd3db6",
            "type": "INVOKE_FUNCTION",
            "sequenceKUID": "playMedia",
            "display": "playMedia",
            "inputparams": [],
            "callbackType": null,
            "disabled": null,
            "source": "controller"
        }]
    }
}