{
    "AS_Button_bc902b20c8464db097a6d4feb14673dc": {
        "id": "AS_Button_bc902b20c8464db097a6d4feb14673dc",
        "type": "ACTION_SEQUENCE",
        "params": [{
            "datatype": "collection",
            "name": "eventobject"
        }],
        "language": "js",
        "actions": [{
            "id": "ADD_SNIPPET_onClick_f7ad6a0c550d49f29a77bcca45587192",
            "type": "ADD_SNIPPET",
            "codeSnippet": "this.view.Pause.setVisibility(true);\nthis.view.btnPlay.setVisibility(false);",
            "callbackType": null
        }, {
            "id": "INVOKE_FUNCTION__onClick_e8879c22147d489aa7f868250052833a",
            "type": "INVOKE_FUNCTION",
            "sequenceKUID": "playMedia",
            "display": "playMedia",
            "inputparams": [],
            "callbackType": null,
            "disabled": null,
            "source": "controller"
        }]
    }
}