{
    "AS_Button_f83bd66ada0d4c358840be58c91667e7": {
        "id": "AS_Button_f83bd66ada0d4c358840be58c91667e7",
        "type": "ACTION_SEQUENCE",
        "params": [{
            "datatype": "collection",
            "name": "eventobject"
        }],
        "contextObj": {
            "name": "frmMedia",
            "type": "forms",
            "platform": "",
            "KUID": "a12be01557e342a5917c95ce8d94883d"
        },
        "language": "js",
        "actions": [{
            "id": "ADD_SNIPPET__fd39a4c1735c4dcf8958a5d63fee80a7",
            "type": "ADD_SNIPPET",
            "codeSnippet": "this.view.Pause.setVisibility(true);\nthis.view.btnPlay.setVisibility(false);",
            "parentId": null,
            "callbackType": null
        }, {
            "id": "INVOKE_FUNCTION___f8321c69336f42d28442949351ec7243",
            "type": "INVOKE_FUNCTION",
            "sequenceKUID": "playMedia",
            "display": "playMedia",
            "inputparams": [],
            "parentId": null,
            "callbackType": null,
            "disabled": null,
            "source": "controller"
        }]
    }
}