{
    "AS_Button_d5199d5abd6543c7b9ba9ac080ef7014": {
        "id": "AS_Button_d5199d5abd6543c7b9ba9ac080ef7014",
        "type": "ACTION_SEQUENCE",
        "params": [{
            "datatype": "collection",
            "name": "eventobject"
        }],
        "contextObj": {
            "name": "frmHome",
            "type": "forms",
            "platform": null,
            "KUID": "id39c96d4ebd4421a54dcfa5801884ca"
        },
        "language": "js",
        "actions": [{
            "id": "NAVIGATE_TO_FORM___fd0135fed84f4304bc72273ff53cc1ee",
            "type": "NAVIGATE_TO_FORM",
            "formId": "frmRecord",
            "formKUID": "a719e551adb747c4a7dea8b41e7f6437",
            "mappings": {},
            "mappingsOrder": [],
            "parentId": "",
            "callbackType": null,
            "enableMappingEditor": true,
            "package": "",
            "navigationObj": "{\n    \"_meta_\": {\n        \"eventName\": \"onClick\",\n        \"widgetId\": \"CopyButton0afb30ec0b39d48\"\n    }\n}",
            "isCustomInput": false
        }]
    }
}