{
    "AS_Button_b13bae579e8940788598abe38d258a55": {
        "id": "AS_Button_b13bae579e8940788598abe38d258a55",
        "type": "ACTION_SEQUENCE",
        "params": [{
            "datatype": "collection",
            "name": "eventobject"
        }],
        "contextObj": {
            "name": "frmMedia",
            "type": "forms",
            "platform": "",
            "KUID": "a12be01557e342a5917c95ce8d94883d"
        },
        "language": "js",
        "actions": [{
            "id": "INVOKE_FUNCTION___i5a4fbbf1a344dc89ec5c081c16f03aa",
            "type": "INVOKE_FUNCTION",
            "sequenceKUID": "createMedia",
            "display": "createMedia",
            "inputparams": [],
            "parentId": null,
            "callbackType": null,
            "disabled": null,
            "source": "controller"
        }]
    }
}