{
    "AS_Button_b9af07901e08453c8d2b6572c73ecabb": {
        "id": "AS_Button_b9af07901e08453c8d2b6572c73ecabb",
        "type": "ACTION_SEQUENCE",
        "params": [{
            "datatype": "collection",
            "name": "eventobject"
        }],
        "language": "js",
        "actions": [{
            "id": "INVOKE_FUNCTION__onClick_gdfb9eb77c3142b8a28b6042536561d8",
            "type": "INVOKE_FUNCTION",
            "sequenceKUID": "stopMedia",
            "display": "stopMedia",
            "inputparams": [],
            "callbackType": null,
            "disabled": null,
            "source": "controller"
        }]
    }
}