{
    "AS_Button_dea673d2f11e4f5ea9b6c06dbb97978d": {
        "id": "AS_Button_dea673d2f11e4f5ea9b6c06dbb97978d",
        "type": "ACTION_SEQUENCE",
        "params": [{
            "datatype": "collection",
            "name": "eventobject"
        }],
        "contextObj": {
            "name": "frmRecord",
            "type": "forms",
            "platform": null,
            "KUID": "a719e551adb747c4a7dea8b41e7f6437"
        },
        "language": "js",
        "actions": [{
            "id": "INVOKE_FUNCTION___df147601d746431f8c86d0bbe835dbc4",
            "type": "INVOKE_FUNCTION",
            "sequenceKUID": "StartRecording",
            "display": "StartRecording",
            "inputparams": [],
            "parentId": null,
            "callbackType": null,
            "disabled": null,
            "source": "controller"
        }]
    }
}