{
    "AS_Button_c06a35cd683942b18329a89f5aaa7cc0": {
        "id": "AS_Button_c06a35cd683942b18329a89f5aaa7cc0",
        "type": "ACTION_SEQUENCE",
        "params": [{
            "datatype": "collection",
            "name": "eventobject"
        }],
        "contextObj": {
            "name": "frmMedia",
            "type": "forms",
            "platform": "",
            "KUID": "a12be01557e342a5917c95ce8d94883d"
        },
        "language": "js",
        "actions": [{
            "id": "INVOKE_FUNCTION___fe6eed23f0d943ad83ce30d459817468",
            "type": "INVOKE_FUNCTION",
            "sequenceKUID": "record",
            "display": "record",
            "inputparams": [],
            "parentId": null,
            "callbackType": null,
            "disabled": null,
            "source": "module"
        }, {
            "id": "NAVIGATE_TO_FORM___afa47a98ea484ea782121734430a597e",
            "type": "NAVIGATE_TO_FORM",
            "formId": "frmRecord",
            "formKUID": "a719e551adb747c4a7dea8b41e7f6437",
            "mappings": {},
            "mappingsOrder": [],
            "parentId": "",
            "callbackType": null,
            "enableMappingEditor": true,
            "package": "",
            "navigationObj": "{\n    \"_meta_\": {\n        \"eventName\": \"\",\n        \"widgetId\": \"\"\n    }\n}",
            "isCustomInput": false
        }]
    }
}