{
    "AS_Button_d952c9407f37483fb259b8b3d0e11b4d": {
        "id": "AS_Button_d952c9407f37483fb259b8b3d0e11b4d",
        "type": "ACTION_SEQUENCE",
        "params": [{
            "datatype": "collection",
            "name": "eventobject"
        }],
        "language": "js",
        "actions": [{
            "id": "ADD_SNIPPET_onClick_cab8f81b571247868ed3577956a134ff",
            "type": "ADD_SNIPPET",
            "codeSnippet": "this.view.pauseRecord.setVisibility(true);\nthis.view.btnPlay.setVisibility(false);",
            "callbackType": null
        }, {
            "id": "INVOKE_FUNCTION__onClick_g0b87081704047378589f33bbed49123",
            "type": "INVOKE_FUNCTION",
            "sequenceKUID": "playrecordedfile",
            "display": "playrecordedfile",
            "inputparams": [],
            "callbackType": null,
            "disabled": null,
            "source": "controller"
        }]
    }
}