{
    "AS_Button_g6e0788be9a34971bb78d2dec9f98f31": {
        "id": "AS_Button_g6e0788be9a34971bb78d2dec9f98f31",
        "type": "ACTION_SEQUENCE",
        "params": [{
            "datatype": "collection",
            "name": "eventobject"
        }],
        "contextObj": {
            "name": "frmMedia",
            "type": "forms",
            "platform": "",
            "KUID": "a12be01557e342a5917c95ce8d94883d"
        },
        "language": "js",
        "actions": [{
            "id": "INVOKE_FUNCTION___acf72a42a3b84ec2bf298e1ecf0dfe53",
            "type": "INVOKE_FUNCTION",
            "sequenceKUID": "stopMedia",
            "display": "stopMedia",
            "inputparams": [],
            "parentId": null,
            "callbackType": null,
            "disabled": null,
            "source": "controller"
        }]
    }
}