{
    "AS_Button_cb84f64325304fa8ae5c06f71beb8c56": {
        "id": "AS_Button_cb84f64325304fa8ae5c06f71beb8c56",
        "type": "ACTION_SEQUENCE",
        "params": [{
            "datatype": "collection",
            "name": "eventobject"
        }],
        "language": "js",
        "actions": [{
            "id": "NAVIGATE_TO_FORM__onClick_c1f835adc6304b7a8a2261402616fb33",
            "type": "NAVIGATE_TO_FORM",
            "formId": "frmHome",
            "formKUID": "id39c96d4ebd4421a54dcfa5801884ca",
            "mappings": {},
            "mappingsOrder": [],
            "parentId": "",
            "callbackType": null,
            "enableMappingEditor": true,
            "package": "",
            "navigationObj": "{\n    \"_meta_\": {\n        \"eventName\": \"onClick\",\n        \"widgetId\": \"headerButtonLeft\"\n    }\n}",
            "isCustomInput": false
        }]
    }
}