{
    "AS_Button_d4814c58550a408dbfd241a621c8297c": {
        "id": "AS_Button_d4814c58550a408dbfd241a621c8297c",
        "type": "ACTION_SEQUENCE",
        "params": [{
            "datatype": "collection",
            "name": "eventobject"
        }],
        "language": "js",
        "actions": [{
            "id": "NAVIGATE_TO_FORM___ad3b41392e8b4940b010071a1a679b50",
            "type": "NAVIGATE_TO_FORM",
            "formId": "frmMedia",
            "formKUID": "a12be01557e342a5917c95ce8d94883d",
            "mappings": {},
            "mappingsOrder": [],
            "parentId": "",
            "callbackType": null,
            "enableMappingEditor": true,
            "package": "",
            "navigationObj": "{\n    \"_meta_\": {\n        \"eventName\": \"onClick\",\n        \"widgetId\": \"Button0g2050c4484f342\"\n    }\n}",
            "isCustomInput": false
        }]
    }
}