{
    "AS_Button_d49eb22689484325b7fce8cac59aff45": {
        "id": "AS_Button_d49eb22689484325b7fce8cac59aff45",
        "type": "ACTION_SEQUENCE",
        "params": [{
            "datatype": "collection",
            "name": "eventobject"
        }],
        "contextObj": {
            "name": "frmMedia",
            "type": "forms",
            "platform": "",
            "KUID": "a12be01557e342a5917c95ce8d94883d"
        },
        "language": "js",
        "actions": [{
            "id": "INVOKE_FUNCTION___h51506a8da824e648edbc88d2a445514",
            "type": "INVOKE_FUNCTION",
            "sequenceKUID": "createMediaFromURI",
            "display": "createMediaFromURI",
            "inputparams": [],
            "parentId": null,
            "callbackType": null,
            "disabled": null,
            "source": "controller"
        }]
    }
}