{
    "AS_Button_d44c2f1921c54bb1812d63999edc68b6": {
        "id": "AS_Button_d44c2f1921c54bb1812d63999edc68b6",
        "type": "ACTION_SEQUENCE",
        "params": [{
            "datatype": "collection",
            "name": "eventobject"
        }],
        "language": "js",
        "actions": [{
            "id": "NAVIGATE_TO_FORM__onClick_cc8569a3309d40a5a942f6fdddfcd88b",
            "type": "NAVIGATE_TO_FORM",
            "formId": "frmHome",
            "formKUID": "id39c96d4ebd4421a54dcfa5801884ca",
            "mappings": {},
            "mappingsOrder": [],
            "parentId": "",
            "callbackType": null,
            "enableMappingEditor": true,
            "package": "",
            "navigationObj": "{\n    \"_meta_\": {\n        \"eventName\": \"onClick\",\n        \"widgetId\": \"headerButtonLeft\"\n    }\n}",
            "isCustomInput": false
        }]
    }
}