{
    "AS_Button_d8649be3fb9943eca24f1dc0ec312518": {
        "id": "AS_Button_d8649be3fb9943eca24f1dc0ec312518",
        "type": "ACTION_SEQUENCE",
        "params": [{
            "datatype": "collection",
            "name": "eventobject"
        }],
        "contextObj": {
            "name": "frmRecord",
            "type": "forms",
            "platform": "",
            "KUID": "a719e551adb747c4a7dea8b41e7f6437"
        },
        "language": "js",
        "actions": [{
            "id": "INVOKE_FUNCTION___fa08ffa54e854f73b766953d71795e92",
            "type": "INVOKE_FUNCTION",
            "sequenceKUID": "Record",
            "display": "Record",
            "inputparams": [],
            "parentId": null,
            "callbackType": null,
            "disabled": null,
            "source": "controller"
        }]
    }
}