{
    "AS_Button_ge167f27582943e180ae2668ff9910f6": {
        "id": "AS_Button_ge167f27582943e180ae2668ff9910f6",
        "type": "ACTION_SEQUENCE",
        "params": [{
            "datatype": "collection",
            "name": "eventobject"
        }],
        "language": "js",
        "actions": [{
            "id": "ADD_SNIPPET__aa585c5e2b7849ce9de03eb5cae4b38d",
            "type": "ADD_SNIPPET",
            "codeSnippet": "this.view.Pause.setVisibility(false);\nthis.view.btnPlay.setVisibility(true);",
            "parentId": null,
            "callbackType": null
        }, {
            "id": "INVOKE_FUNCTION__onClick_a309bec9a9e5493e81d662cbf3783db1",
            "type": "INVOKE_FUNCTION",
            "sequenceKUID": "stopMedia",
            "display": "stopMedia",
            "inputparams": [],
            "callbackType": null,
            "disabled": null,
            "source": "controller"
        }]
    }
}