{
    "AS_Button_d08d1a60a3a842bd9bfc74f2cc68108d": {
        "id": "AS_Button_d08d1a60a3a842bd9bfc74f2cc68108d",
        "type": "ACTION_SEQUENCE",
        "params": [{
            "datatype": "collection",
            "name": "eventobject"
        }],
        "contextObj": {
            "name": "frmMedia",
            "type": "forms",
            "platform": "",
            "KUID": "a12be01557e342a5917c95ce8d94883d"
        },
        "language": "js",
        "actions": [{
            "id": "INVOKE_FUNCTION___b114c1a3f7bf4813a8497ffc42c712f5",
            "type": "INVOKE_FUNCTION",
            "sequenceKUID": "playMedia",
            "display": "playMedia",
            "inputparams": [],
            "parentId": null,
            "callbackType": null,
            "disabled": null,
            "source": "controller"
        }]
    }
}