{
    "AS_FlexContainer_f67b35f2c4e2472ea9db6f4197b2bb05": {
        "id": "AS_FlexContainer_f67b35f2c4e2472ea9db6f4197b2bb05",
        "type": "ACTION_SEQUENCE",
        "params": [{
            "datatype": "collection",
            "name": "eventobject"
        }, {
            "datatype": "string",
            "name": "x"
        }, {
            "datatype": "string",
            "name": "y"
        }],
        "contextObj": {
            "name": "frmMedia",
            "type": "forms",
            "platform": "",
            "KUID": "a12be01557e342a5917c95ce8d94883d"
        },
        "language": "js",
        "actions": [{
            "id": "ADD_SNIPPET__b8977ba0c7924c7d943b82644c8db57e",
            "type": "ADD_SNIPPET",
            "codeSnippet": "this.view.Pause.setVisibility(false);\nthis.view.btnPlay.setVisibility(true);",
            "parentId": null,
            "callbackType": null
        }, {
            "id": "INVOKE_FUNCTION___c94fc927dc78439f9f805915a98e5a93",
            "type": "INVOKE_FUNCTION",
            "sequenceKUID": "stopMedia",
            "display": "stopMedia",
            "inputparams": [],
            "parentId": null,
            "callbackType": null,
            "disabled": null,
            "source": "controller"
        }]
    }
}