{
    "AS_FlexContainer_g0b35979f87b4f5b9b5d1855142198eb": {
        "id": "AS_FlexContainer_g0b35979f87b4f5b9b5d1855142198eb",
        "type": "ACTION_SEQUENCE",
        "params": [{
            "datatype": "collection",
            "name": "eventobject"
        }, {
            "datatype": "string",
            "name": "x"
        }, {
            "datatype": "string",
            "name": "y"
        }],
        "language": "js",
        "actions": [{
            "id": "ADD_SNIPPET_onTouchStart_d3d0135b38824dcf915a1429a69592e5",
            "type": "ADD_SNIPPET",
            "codeSnippet": "this.view.Pause.setVisibility(false);\nthis.view.btnPlay.setVisibility(true);",
            "callbackType": null
        }, {
            "id": "INVOKE_FUNCTION__onTouchStart_e6a061d7bc4a4e5abe8336a44eab855a",
            "type": "INVOKE_FUNCTION",
            "sequenceKUID": "stopMedia",
            "display": "stopMedia",
            "inputparams": [],
            "callbackType": null,
            "disabled": null,
            "source": "controller"
        }]
    }
}