{
    "AS_Label_f4e6fc03b041463e87f008614bb0a336": {
        "id": "AS_Label_f4e6fc03b041463e87f008614bb0a336",
        "type": "ACTION_SEQUENCE",
        "params": [{
            "datatype": "collection",
            "name": "eventobject"
        }, {
            "datatype": "string",
            "name": "x"
        }, {
            "datatype": "string",
            "name": "y"
        }],
        "language": "js",
        "actions": [{
            "id": "ADD_SNIPPET_onTouchStart_f266ee3efeae4c8c9e95268afae7ea95",
            "type": "ADD_SNIPPET",
            "codeSnippet": "this.view.Pause.setVisibility(false);\nthis.view.btnPlay.setVisibility(true);",
            "callbackType": null
        }, {
            "id": "INVOKE_FUNCTION__onTouchStart_a522bda523fd4322ae966cd5a3c33079",
            "type": "INVOKE_FUNCTION",
            "sequenceKUID": "pauseMedia",
            "display": "pauseMedia",
            "inputparams": [],
            "callbackType": null,
            "disabled": null,
            "source": "controller"
        }]
    }
}