{
    "AS_Label_j856ef0eb8cc42fda16a2c421b755a41": {
        "id": "AS_Label_j856ef0eb8cc42fda16a2c421b755a41",
        "type": "ACTION_SEQUENCE",
        "params": [{
            "datatype": "collection",
            "name": "eventobject"
        }, {
            "datatype": "string",
            "name": "x"
        }, {
            "datatype": "string",
            "name": "y"
        }],
        "contextObj": {
            "name": "frmMedia",
            "type": "forms",
            "platform": "",
            "KUID": "a12be01557e342a5917c95ce8d94883d"
        },
        "language": "js",
        "actions": [{
            "id": "ADD_SNIPPET__he3383c11a3041edbe42ff9785d6952c",
            "type": "ADD_SNIPPET",
            "codeSnippet": "this.view.Pause.setVisibility(false);\nthis.view.btnPlay.setVisibility(true);",
            "parentId": null,
            "callbackType": null
        }, {
            "id": "INVOKE_FUNCTION___jff3c73f785c4b4db46972fbab35ccd7",
            "type": "INVOKE_FUNCTION",
            "sequenceKUID": "pauseMedia",
            "display": "pauseMedia",
            "inputparams": [],
            "parentId": null,
            "callbackType": null,
            "disabled": null,
            "source": "controller"
        }]
    }
}