{
    "AS_Label_fe525ec07ee04ad69e95fd77ff340b4b": {
        "id": "AS_Label_fe525ec07ee04ad69e95fd77ff340b4b",
        "type": "ACTION_SEQUENCE",
        "params": [{
            "datatype": "collection",
            "name": "eventobject"
        }, {
            "datatype": "string",
            "name": "x"
        }, {
            "datatype": "string",
            "name": "y"
        }],
        "contextObj": {
            "name": "frmRecord",
            "type": "forms",
            "platform": "",
            "KUID": "a719e551adb747c4a7dea8b41e7f6437"
        },
        "language": "js",
        "actions": [{
            "id": "ADD_SNIPPET__f70dc91b49274caca9da4323dedab96d",
            "type": "ADD_SNIPPET",
            "codeSnippet": "this.view.pauseRecord.setVisibility(false);\nthis.view.btnPlay.setVisibility(true);",
            "parentId": null,
            "callbackType": null
        }, {
            "id": "INVOKE_FUNCTION___b81887c3de02467182f2d2b5aa1f451b",
            "type": "INVOKE_FUNCTION",
            "sequenceKUID": "pauserecordedfile",
            "display": "pauserecordedfile",
            "inputparams": [],
            "parentId": null,
            "callbackType": null,
            "disabled": null,
            "source": "controller"
        }]
    }
}