{
    "AS_Button_e489b70d0ab9453995da0292ae66e8fb": {
        "id": "AS_Button_e489b70d0ab9453995da0292ae66e8fb",
        "type": "ACTION_SEQUENCE",
        "params": [{
            "datatype": "collection",
            "name": "eventobject"
        }],
        "contextObj": {
            "name": "Form1",
            "type": "forms",
            "platform": "",
            "KUID": "ja8b2463b8204b15ae1473834e6e368d"
        },
        "language": "js",
        "actions": [{
            "id": "INVOKE_FUNCTION___e8cd950bd70a48c291656fd96e28c066",
            "type": "INVOKE_FUNCTION",
            "sequenceKUID": "addContact",
            "display": "addContact",
            "inputparams": [],
            "parentId": null,
            "callbackType": null,
            "disabled": null,
            "source": "controller"
        }]
    }
}