{
    "@class": "com.kony.gen.viz.model.component.KVizButton",
    "DNDConfig": null,
    "__parentReadjusting__": false,
    "_height_": {
        "type": "string",
        "value": "60dp"
    },
    "_left_": {
        "type": "string",
        "value": "43dp"
    },
    "_margin_": [
        6,
        6,
        6,
        6
    ],
    "_padding_": [
        0,
        0,
        0,
        0
    ],
    "_skin_": "s0878e1d583348ab9f759a0bc32cc847",
    "_text_": "Get Battery State",
    "_top_": {
        "type": "string",
        "value": "313dp"
    },
    "_width_": {
        "type": "string",
        "value": "300dp"
    },
    "canUpdateUI": true,
    "centerx": {
        "type": "string",
        "value": "50%"
    },
    "containerweight": 100,
    "contentalignment": 5,
    "displaytext": true,
    "focusskin": "s842b791c0ca441f8d764a43cbaa22f2",
    "id": "btnGetState",
    "info": null,
    "iscustomlayout": false,
    "isvisible": true,
    "kuid": "fd1330ee053042e4a6648efb99ece656",
    "name": "kony.ui.Button",
    "onclick": "AS_Button_fd3864ca96394624bd751663c05e6557",
    "parent": "flxHome",
    "pf": "frmHome",
    "retaincontentalignment": false,
    "retainflexpositionproperties": false,
    "wType": "Button",
    "zindex": 1
}