{
    "@class": "com.kony.gen.viz.model.component.KVizButton",
    "DNDConfig": null,
    "__parentReadjusting__": false,
    "_height_": {
        "type": "string",
        "value": "60dp"
    },
    "_left_": {
        "type": "string",
        "value": "43dp"
    },
    "_margin_": [
        6,
        6,
        6,
        6
    ],
    "_padding_": [
        0,
        0,
        0,
        0
    ],
    "_skin_": "sbd211180cb146fabb172716653d50e2",
    "_text_": "Get Battery Level",
    "_top_": {
        "type": "string",
        "value": "243dp"
    },
    "_width_": {
        "type": "string",
        "value": "300dp"
    },
    "canUpdateUI": true,
    "centerx": {
        "type": "string",
        "value": "50%"
    },
    "containerweight": 100,
    "contentalignment": 5,
    "displaytext": true,
    "focusskin": "sf3239e6dfb44691bbe5235ab1831d22",
    "id": "btnGetLevel",
    "info": null,
    "iscustomlayout": false,
    "isvisible": true,
    "kuid": "f50568d3b43f4a89bd6b59f6f86a8fc7",
    "name": "kony.ui.Button",
    "onclick": "AS_Button_db2abbef2d4c40b1ada92302d8ec1781",
    "parent": "flxHome",
    "pf": "frmHome",
    "retaincontentalignment": false,
    "retainflexpositionproperties": false,
    "wType": "Button",
    "zindex": 1
}