{
    "@class": "com.kony.gen.viz.model.component.KVizButton",
    "DNDConfig": null,
    "__parentReadjusting__": false,
    "_height_": {
        "type": "string",
        "value": "60dp"
    },
    "_left_": {
        "type": "string",
        "value": "43dp"
    },
    "_margin_": [
        6,
        6,
        6,
        6
    ],
    "_padding_": [
        0,
        0,
        0,
        0
    ],
    "_skin_": "s5413c5bbc56456a841d3bbd5b397316",
    "_text_": "Register Battery Service based on your device percentage",
    "_top_": {
        "type": "string",
        "value": "383dp"
    },
    "_width_": {
        "type": "string",
        "value": "300dp"
    },
    "canUpdateUI": true,
    "centerx": {
        "type": "string",
        "value": "50%"
    },
    "containerweight": 100,
    "contentalignment": 5,
    "displaytext": true,
    "focusskin": "s180dbd94b9c4cb2b258dd05c189a697",
    "id": "btnRegisterBatteryService",
    "info": null,
    "iscustomlayout": false,
    "isvisible": true,
    "kuid": "cb009f722e894dc09e2be2abe0195d22",
    "name": "kony.ui.Button",
    "onclick": "AS_Button_ca8bbccd20924aecb12688f4c5df9053",
    "parent": "flxHome",
    "pf": "frmHome",
    "retaincontentalignment": false,
    "retainflexpositionproperties": false,
    "wType": "Button",
    "zindex": 1
}