{
    "@class": "com.kony.gen.viz.model.component.KVizButton",
    "DNDConfig": null,
    "__parentReadjusting__": false,
    "_height_": {
        "type": "string",
        "value": "50dp"
    },
    "_margin_": [
        6,
        6,
        6,
        6
    ],
    "_padding_": [
        0,
        0,
        0,
        0
    ],
    "_skin_": "s906c9e617f5467d9a87356fb5461af0",
    "_text_": "CONTINUE",
    "_top_": {
        "type": "string",
        "value": "20dp"
    },
    "_width_": {
        "type": "string",
        "value": "260dp"
    },
    "canUpdateUI": true,
    "centerx": {
        "type": "string",
        "value": "50%"
    },
    "containerweight": 100,
    "contentalignment": 5,
    "displaytext": true,
    "focusskin": "s906c9e617f5467d9a87356fb5461af0",
    "id": "btnContinue",
    "ide_onClick": "AS_Button_db191fcc964649dda8efd10a0bf5cbbd",
    "info": null,
    "isvisible": true,
    "kuid": "d0a1206578c9461ea9dd6a24b20de7f6",
    "name": "kony.ui.Button",
    "parent": "flxRoot",
    "pf": "frmHome",
    "wType": "Button",
    "zindex": 1
}