{
    "AS_Button_h8306d48c64247be9e1ddafbd5571adb": {
        "id": "AS_Button_h8306d48c64247be9e1ddafbd5571adb",
        "type": "ACTION_SEQUENCE",
        "params": [{
            "datatype": "collection",
            "name": "eventobject"
        }],
        "contextObj": {
            "name": "Form1",
            "type": "forms",
            "platform": null,
            "KUID": "dbd7cff6df0a49a1ae1a1c6482cf5b07"
        },
        "language": "js",
        "actions": [{
            "id": "INVOKE_FUNCTION___h6c77659feb64ea396b7be159a30e349",
            "type": "INVOKE_FUNCTION",
            "sequenceKUID": "getDiskCapacity",
            "display": "getDiskCapacity",
            "inputparams": [],
            "parentId": null,
            "callbackType": null,
            "disabled": null,
            "source": "controller"
        }]
    }
}