{
    "AS_Button_baf0a7505f9a44e8948c8b0fbf9851ae": {
        "id": "AS_Button_baf0a7505f9a44e8948c8b0fbf9851ae",
        "type": "ACTION_SEQUENCE",
        "params": [{
            "datatype": "collection",
            "name": "eventobject"
        }],
        "contextObj": {
            "name": "Form1",
            "type": "forms",
            "platform": null,
            "KUID": "dbd7cff6df0a49a1ae1a1c6482cf5b07"
        },
        "language": "js",
        "actions": [{
            "id": "INVOKE_FUNCTION___ac973ee158c64d41a137779045668319",
            "type": "INVOKE_FUNCTION",
            "sequenceKUID": "getMemoryCapacity",
            "display": "getMemoryCapacity",
            "inputparams": [],
            "parentId": null,
            "callbackType": null,
            "disabled": null,
            "source": "controller"
        }]
    }
}