{
    "AS_Button_ef487e76a63845babbe970f0dbcccaf4": {
        "id": "AS_Button_ef487e76a63845babbe970f0dbcccaf4",
        "type": "ACTION_SEQUENCE",
        "params": [{
            "datatype": "collection",
            "name": "eventobject"
        }],
        "contextObj": {
            "name": "Form1",
            "type": "forms",
            "platform": null,
            "KUID": "dbd7cff6df0a49a1ae1a1c6482cf5b07"
        },
        "language": "js",
        "actions": [{
            "id": "INVOKE_FUNCTION___bf3b8e3ee86e46cba09ab18029593dc3",
            "type": "INVOKE_FUNCTION",
            "sequenceKUID": "currentMemoryUsage",
            "display": "currentMemoryUsage",
            "inputparams": [],
            "parentId": null,
            "callbackType": null,
            "disabled": null,
            "source": "controller"
        }]
    }
}