{
    "AS_Button_bb41151bf75247899c828b0a549f863a": {
        "id": "AS_Button_bb41151bf75247899c828b0a549f863a",
        "type": "ACTION_SEQUENCE",
        "params": [{
            "datatype": "collection",
            "name": "eventobject"
        }],
        "contextObj": {
            "name": "Form1",
            "type": "forms",
            "platform": null,
            "KUID": "dbd7cff6df0a49a1ae1a1c6482cf5b07"
        },
        "language": "js",
        "actions": [{
            "id": "INVOKE_FUNCTION___da9d5fd46ffb43baa77a060f6eb78054",
            "type": "INVOKE_FUNCTION",
            "sequenceKUID": "setMemoryandDiskCapacity",
            "display": "setMemoryandDiskCapacity",
            "inputparams": [],
            "parentId": null,
            "callbackType": null,
            "disabled": null,
            "source": "controller"
        }]
    }
}