{
    "AS_Button_j040cfa6ba07448c8bb474295ac0a43a": {
        "id": "AS_Button_j040cfa6ba07448c8bb474295ac0a43a",
        "type": "ACTION_SEQUENCE",
        "params": [{
            "datatype": "collection",
            "name": "eventobject"
        }],
        "contextObj": {
            "name": "Form1",
            "type": "forms",
            "platform": null,
            "KUID": "dbd7cff6df0a49a1ae1a1c6482cf5b07"
        },
        "language": "js",
        "actions": [{
            "id": "INVOKE_FUNCTION___eb0b715f394a4c70a3039915624a35c0",
            "type": "INVOKE_FUNCTION",
            "sequenceKUID": "currentDiskUsage",
            "display": "currentDiskUsage",
            "inputparams": [],
            "parentId": null,
            "callbackType": null,
            "disabled": null,
            "source": "controller"
        }]
    }
}