{
    "AS_Button_b1224d9e10b4444db19fe33daad41355": {
        "id": "AS_Button_b1224d9e10b4444db19fe33daad41355",
        "type": "ACTION_SEQUENCE",
        "params": [{
            "datatype": "collection",
            "name": "eventobject"
        }],
        "contextObj": {
            "name": "Form1",
            "type": "forms",
            "platform": null,
            "KUID": "dbd7cff6df0a49a1ae1a1c6482cf5b07"
        },
        "language": "js",
        "actions": [{
            "id": "INVOKE_FUNCTION___g13951c5f69e4e9c9adfb397684fd973",
            "type": "INVOKE_FUNCTION",
            "sequenceKUID": "setCacheConfig",
            "display": "setCacheConfig",
            "inputparams": [],
            "parentId": null,
            "callbackType": null,
            "disabled": null,
            "source": "controller"
        }]
    }
}