{
    "DNDConfig": null,
    "_height_": {
        "type": "string",
        "value": "80dp"
    },
    "_left_": {
        "type": "string",
        "value": "0dp"
    },
    "_margin_": [
        0,
        0,
        0,
        0
    ],
    "_orientation_": 6,
    "_padding_": [
        0,
        0,
        0,
        0
    ],
    "_percent_": true,
    "_skin_": "s849fb2563154330ada452c447e4645f",
    "_top_": {
        "type": "string",
        "value": "0dp"
    },
    "_width_": {
        "type": "string",
        "value": "100%"
    },
    "allboxes": [],
    "autogrowmode": 0,
    "canUpdateUI": true,
    "children": [
        "Image0c1a48ecdd8924b"
    ],
    "clipbounds": true,
    "containerId": true,
    "containerweight": 100,
    "controllerInfo": {
        "default": {
            "channel": "mobile",
            "name": "flxImgController"
        }
    },
    "enablescrolling": true,
    "id": "flxImg",
    "info": null,
    "iscustomlayout": false,
    "isvisible": true,
    "kuid": "bb2ae8a15c8146f4bbf3df082f6e7ffe",
    "layouttype": 2,
    "name": "kony.ui.FlexContainer",
    "parent": "SehTmpWthImg",
    "pf": "SehTmpWthImg",
    "retaincontentalignment": false,
    "retainflexpositionproperties": false,
    "snapgridsize": 10,
    "snaptogrid": true,
    "wType": "FlexContainer",
    "widgetalignment": 1
}