{
    "AS_Button_h6e20914ffb746e99f852564075591c6": {
        "id": "AS_Button_h6e20914ffb746e99f852564075591c6",
        "type": "ACTION_SEQUENCE",
        "params": [{
            "datatype": "collection",
            "name": "eventobject"
        }],
        "contextObj": {
            "name": "frmMapSearchResult",
            "type": "forms",
            "platform": "",
            "KUID": "a651cbdcbd37484894e58c63c05d5b74"
        },
        "language": "js",
        "actions": [{
            "id": "ADD_SNIPPET__jbb3b0fc874444c7b7c6cf874498aeff",
            "type": "ADD_SNIPPET",
            "codeSnippet": "this.showRoutes();\n",
            "parentId": null,
            "callbackType": null
        }]
    }
}