{
    "AS_Button_c3b0bf516f8046d2ad71eda8da1fa80e": {
        "id": "AS_Button_c3b0bf516f8046d2ad71eda8da1fa80e",
        "type": "ACTION_SEQUENCE",
        "params": [{
            "datatype": "collection",
            "name": "eventobject"
        }],
        "contextObj": {
            "name": "frmAPIs",
            "type": "forms",
            "platform": null,
            "KUID": "e1c638fb63bc4097bcb30c6a57f92a0f"
        },
        "language": "js",
        "actions": [{
            "id": "NAVIGATE_TO_FORM___b1635f82842e4a029606e7b7ab5ea40e",
            "type": "NAVIGATE_TO_FORM",
            "formId": "frmDistance",
            "formKUID": "a68bd6c9cffb4d5fbd6b9d5e6cda7342",
            "mappings": {},
            "mappingsOrder": [],
            "parentId": "",
            "callbackType": null,
            "enableMappingEditor": true,
            "package": "",
            "navigationObj": "{\n    \"_meta_\": {\n        \"eventName\": \"onClick\",\n        \"widgetId\": \"btnDistance\"\n    }\n}",
            "isCustomInput": false
        }]
    }
}