{
    "AS_Button_d860c52e5f674962800edc72475b5516": {
        "id": "AS_Button_d860c52e5f674962800edc72475b5516",
        "type": "ACTION_SEQUENCE",
        "params": [{
            "datatype": "collection",
            "name": "eventobject"
        }],
        "contextObj": {
            "name": "frmAPIs",
            "type": "forms",
            "platform": "",
            "KUID": "e1c638fb63bc4097bcb30c6a57f92a0f"
        },
        "language": "js",
        "actions": [{
            "id": "NAVIGATE_TO_FORM___ca80a876d10d44b396bd8387d2a1b56d",
            "type": "NAVIGATE_TO_FORM",
            "formId": "frmSearchRoutes",
            "formKUID": "h528762875294e90a5f7b46399a94b28",
            "mappings": {},
            "mappingsOrder": [],
            "parentId": "",
            "callbackType": null,
            "enableMappingEditor": true,
            "package": "",
            "navigationObj": "{\n    \"_meta_\": {\n        \"eventName\": \"onClick\",\n        \"widgetId\": \"btnSearchRoutes\"\n    }\n}",
            "isCustomInput": false
        }]
    }
}