{
    "AS_Button_fe4eff222d184cf9b110c94c01eb5e8e": {
        "id": "AS_Button_fe4eff222d184cf9b110c94c01eb5e8e",
        "type": "ACTION_SEQUENCE",
        "params": [{
            "datatype": "collection",
            "name": "eventobject"
        }],
        "language": "js",
        "actions": [{
            "id": "ADD_SNIPPET_onClick_bc9169392bad4fec8d165c98681247ef",
            "type": "ADD_SNIPPET",
            "codeSnippet": "var ntf=new kony.mvc.Navigation(\"frmLanding\");\nntf.navigate();",
            "callbackType": null
        }]
    }
}