{
    "AS_Button_fae3e424dd0d4dd0a4097a99412d6df7": {
        "id": "AS_Button_fae3e424dd0d4dd0a4097a99412d6df7",
        "type": "ACTION_SEQUENCE",
        "params": [{
            "datatype": "collection",
            "name": "eventobject"
        }],
        "contextObj": {
            "name": "frmContainsLocation",
            "type": "forms",
            "platform": null,
            "KUID": "fe656a5cedcb48f5926ce0d97bbb9f6c"
        },
        "language": "js",
        "actions": [{
            "id": "INVOKE_FUNCTION___i775996acc6245f8ac5582f80e012e2b",
            "type": "INVOKE_FUNCTION",
            "sequenceKUID": "containsLocation",
            "display": "containsLocation",
            "inputparams": [],
            "parentId": null,
            "callbackType": null,
            "disabled": null,
            "source": "controller"
        }]
    }
}