{
    "AS_Button_fe4a2f1457c3490b9d9d8348de5eac20": {
        "id": "AS_Button_fe4a2f1457c3490b9d9d8348de5eac20",
        "type": "ACTION_SEQUENCE",
        "params": [{
            "datatype": "collection",
            "name": "eventobject"
        }],
        "language": "js",
        "actions": [{
            "id": "ADD_SNIPPET_onClick_aa623e7f760c47a88089ee7773ed45ce",
            "type": "ADD_SNIPPET",
            "codeSnippet": "var ntf=new kony.mvc.Navigation(\"frmAPIs\");\nntf.navigate();",
            "callbackType": null
        }]
    }
}