{
    "AS_Button_jaf153c879674ed0928fa533bd5c217a": {
        "id": "AS_Button_jaf153c879674ed0928fa533bd5c217a",
        "type": "ACTION_SEQUENCE",
        "params": [{
            "datatype": "collection",
            "name": "eventobject"
        }],
        "language": "js",
        "actions": [{
            "id": "ADD_SNIPPET_onClick_a422160b0db34079a371caa7a83406d4",
            "type": "ADD_SNIPPET",
            "codeSnippet": "var ntf=new kony.mvc.Navigation(\"frmLanding\");\nntf.navigate();",
            "callbackType": null
        }]
    }
}