{
    "AS_Button_a32f79e0777d44f48bfa1076829b7fb6": {
        "id": "AS_Button_a32f79e0777d44f48bfa1076829b7fb6",
        "type": "ACTION_SEQUENCE",
        "params": [{
            "datatype": "collection",
            "name": "eventobject"
        }],
        "contextObj": {
            "name": "frmAddPin",
            "type": "forms",
            "platform": "",
            "KUID": "e51dbd6efab24153b9710974c6b87e8c"
        },
        "language": "js",
        "actions": [{
            "id": "ADD_SNIPPET__d0d90bd733774389b1db36fb89fe16b1",
            "type": "ADD_SNIPPET",
            "codeSnippet": "var ntf=new kony.mvc.Navigation(\"frmProperties\");\nntf.navigate();",
            "parentId": null,
            "callbackType": null
        }]
    }
}