{
    "AS_Button_b7f7f30c9fec401cb94519d359613475": {
        "id": "AS_Button_b7f7f30c9fec401cb94519d359613475",
        "type": "ACTION_SEQUENCE",
        "params": [{
            "datatype": "collection",
            "name": "eventobject"
        }],
        "contextObj": {
            "name": "frmAPIs",
            "type": "forms",
            "platform": null,
            "KUID": "e1c638fb63bc4097bcb30c6a57f92a0f"
        },
        "language": "js",
        "actions": [{
            "id": "NAVIGATE_TO_FORM___a1ab81d5f32848bb8ea28d8d9e727c55",
            "type": "NAVIGATE_TO_FORM",
            "formId": "frmContainsLocation",
            "formKUID": "fe656a5cedcb48f5926ce0d97bbb9f6c",
            "mappings": {},
            "mappingsOrder": [],
            "parentId": "",
            "callbackType": null,
            "enableMappingEditor": true,
            "package": "",
            "navigationObj": "{\n    \"_meta_\": {\n        \"eventName\": \"onClick\",\n        \"widgetId\": \"btnLocation\"\n    }\n}",
            "isCustomInput": false
        }]
    }
}