{
    "AS_Button_i8ff47cb72114b4f9429604d17bf3715": {
        "id": "AS_Button_i8ff47cb72114b4f9429604d17bf3715",
        "type": "ACTION_SEQUENCE",
        "params": [{
            "datatype": "collection",
            "name": "eventobject"
        }],
        "contextObj": {
            "name": "frmDistance",
            "type": "forms",
            "platform": "",
            "KUID": "a68bd6c9cffb4d5fbd6b9d5e6cda7342"
        },
        "language": "js",
        "actions": [{
            "id": "INVOKE_FUNCTION___e3482a6deb554f7497691a45cc625630",
            "type": "INVOKE_FUNCTION",
            "sequenceKUID": "addPins",
            "display": "addPins",
            "inputparams": [],
            "parentId": null,
            "callbackType": null,
            "disabled": null,
            "source": "controller"
        }]
    }
}