{
    "AS_Form_e9722f2f43ac42a398d5d414066b35a1": {
        "id": "AS_Form_e9722f2f43ac42a398d5d414066b35a1",
        "type": "ACTION_SEQUENCE",
        "params": [{
            "datatype": "collection",
            "name": "eventobject"
        }],
        "contextObj": {
            "name": "frmMapSearchResult",
            "type": "forms",
            "platform": "",
            "KUID": "a651cbdcbd37484894e58c63c05d5b74"
        },
        "language": "js",
        "actions": [{
            "id": "ADD_SNIPPET__c87da69921924eb2b6c7458731c871a2",
            "type": "ADD_SNIPPET",
            "codeSnippet": "this.callSearchRoutefunc();",
            "parentId": null,
            "callbackType": null
        }]
    }
}