{
    "AS_Form_f340c65d98c5420f88b87ab8423ea420": {
        "id": "AS_Form_f340c65d98c5420f88b87ab8423ea420",
        "type": "ACTION_SEQUENCE",
        "params": [{
            "datatype": "collection",
            "name": "eventobject"
        }],
        "contextObj": {
            "name": "frmContainsLocation",
            "type": "forms",
            "platform": "",
            "KUID": "fe656a5cedcb48f5926ce0d97bbb9f6c"
        },
        "language": "js",
        "actions": [{
            "id": "INVOKE_FUNCTION___bd375fffe59d4751a1adcade22dc8347",
            "type": "INVOKE_FUNCTION",
            "sequenceKUID": "addCircle",
            "display": "addCircle",
            "inputparams": [],
            "parentId": null,
            "callbackType": null,
            "disabled": null,
            "source": "controller"
        }]
    }
}