{
    "AS_Form_e0a6aab4dcd44dde9aff21098d5d3fea": {
        "id": "AS_Form_e0a6aab4dcd44dde9aff21098d5d3fea",
        "type": "ACTION_SEQUENCE",
        "params": [{
            "datatype": "collection",
            "name": "eventobject"
        }],
        "contextObj": {
            "name": "frmMapSearchResult",
            "type": "forms",
            "platform": "",
            "KUID": "a651cbdcbd37484894e58c63c05d5b74"
        },
        "language": "js",
        "actions": [{
            "id": "ADD_SNIPPET__j2b44a2c570248c0be165cda92c28c8f",
            "type": "ADD_SNIPPET",
            "codeSnippet": "this.onPreShowEvent(eventobject);",
            "parentId": null,
            "callbackType": null
        }]
    }
}