{
    "AS_Form_gbb2bf525d614a07b230114ed560ae04": {
        "id": "AS_Form_gbb2bf525d614a07b230114ed560ae04",
        "type": "ACTION_SEQUENCE",
        "params": [{
            "datatype": "collection",
            "name": "eventobject"
        }],
        "contextObj": {
            "name": "frmPolygon",
            "type": "forms",
            "platform": "",
            "KUID": "cb524b8772fa4cf4b63f5a827e4095dd"
        },
        "language": "js",
        "actions": [{
            "id": "ADD_SNIPPET__a181ddef903741bcbc1c861d5423799d",
            "type": "ADD_SNIPPET",
            "codeSnippet": "this.addPolygonTomap();",
            "parentId": null,
            "callbackType": null
        }]
    }
}