{
    "AS_Form_b10f9d240bbd45daac9e7841ee1547dd": {
        "id": "AS_Form_b10f9d240bbd45daac9e7841ee1547dd",
        "type": "ACTION_SEQUENCE",
        "params": [{
            "datatype": "collection",
            "name": "eventobject"
        }],
        "contextObj": {
            "name": "frmMapSearchResult",
            "type": "forms",
            "platform": "",
            "KUID": "a651cbdcbd37484894e58c63c05d5b74"
        },
        "language": "js",
        "actions": [{
            "id": "ADD_SNIPPET__ea57f3cee4a44eab94fb37aec9c54aa6",
            "type": "ADD_SNIPPET",
            "codeSnippet": "kony.application.destroyForm(\"frmMapSearchResult\");\n\n",
            "parentId": null,
            "callbackType": null
        }]
    }
}