{
    "AS_FlexContainer_j89b3247a6364783bcf8e4980fe339b0": {
        "id": "AS_FlexContainer_j89b3247a6364783bcf8e4980fe339b0",
        "type": "ACTION_SEQUENCE",
        "params": [{
            "datatype": "collection",
            "name": "eventobject"
        }, {
            "datatype": "string",
            "name": "x"
        }, {
            "datatype": "string",
            "name": "y"
        }],
        "contextObj": {
            "name": "frmMapSearchResult",
            "type": "forms",
            "platform": "",
            "KUID": "a651cbdcbd37484894e58c63c05d5b74"
        },
        "language": "js",
        "actions": [{
            "id": "ADD_SNIPPET__d093aa55c5984351a66decf41b21309a",
            "type": "ADD_SNIPPET",
            "codeSnippet": "this.animateFlexToSmall();",
            "parentId": null,
            "callbackType": null
        }]
    }
}