{
    "AS_Form_ba0b80951fb74cb79f380698464dfbc6": {
        "id": "AS_Form_ba0b80951fb74cb79f380698464dfbc6",
        "type": "ACTION_SEQUENCE",
        "params": [{
            "datatype": "collection",
            "name": "eventobject"
        }],
        "contextObj": {
            "name": "frmClustered",
            "type": "forms",
            "platform": "",
            "KUID": "e041935fed3242549305eb49b2e93f51"
        },
        "language": "js",
        "actions": [{
            "id": "ADD_SNIPPET__i82716613f79416d948683ecdb491fbb",
            "type": "ADD_SNIPPET",
            "codeSnippet": "this.setPins();",
            "parentId": null,
            "callbackType": null
        }]
    }
}