{
    "AS_RadioButtonGroup_eb08a22f503e464bb2858be75ff5a4a2": {
        "id": "AS_RadioButtonGroup_eb08a22f503e464bb2858be75ff5a4a2",
        "type": "ACTION_SEQUENCE",
        "params": [{
            "datatype": "collection",
            "name": "eventobject"
        }, {
            "datatype": "string",
            "name": "x"
        }, {
            "datatype": "string",
            "name": "y"
        }],
        "contextObj": {
            "name": "frmPolygon",
            "type": "forms",
            "platform": "",
            "KUID": "cb524b8772fa4cf4b63f5a827e4095dd"
        },
        "language": "js",
        "actions": []
    }
}