{
    "AS_Segment_dcad9a4cc6c542789d3d73b47275cbda": {
        "id": "AS_Segment_dcad9a4cc6c542789d3d73b47275cbda",
        "type": "ACTION_SEQUENCE",
        "params": [{
            "datatype": "collection",
            "name": "eventobject"
        }, {
            "datatype": "number",
            "name": "sectionNumber"
        }, {
            "datatype": "number",
            "name": "rowNumber"
        }],
        "contextObj": {
            "name": "frmMapSearchResult",
            "type": "forms",
            "platform": "",
            "KUID": "a651cbdcbd37484894e58c63c05d5b74"
        },
        "language": "js",
        "actions": [{
            "id": "ADD_SNIPPET__i513fa4dd7b34a69b792efaa1967b829",
            "type": "ADD_SNIPPET",
            "codeSnippet": "this.SegRouteClick();",
            "parentId": null,
            "callbackType": null
        }]
    }
}