{
    "AS_UWI_e49cc8cf65fc4b3da117b488d42c03ca": {
        "id": "AS_UWI_e49cc8cf65fc4b3da117b488d42c03ca",
        "type": "ACTION_SEQUENCE",
        "params": [{
            "name": "value",
            "datatype": "collection"
        }],
        "contextObj": {
            "name": "frmCircle",
            "type": "forms",
            "platform": "",
            "KUID": "e1db31210abf49d3ae312316f884cee1"
        },
        "language": "js",
        "actions": [{
            "id": "ADD_SNIPPET__f467402ca98f4d73953655e6dc11424d",
            "type": "ADD_SNIPPET",
            "codeSnippet": "this.selectPlace();",
            "parentId": null,
            "callbackType": null
        }]
    }
}