{
    "AS_UWI_he4a125689194b1192f60a31a951792c": {
        "id": "AS_UWI_he4a125689194b1192f60a31a951792c",
        "type": "ACTION_SEQUENCE",
        "params": [{
            "name": "value",
            "datatype": "collection"
        }],
        "contextObj": {
            "name": "frmCircle",
            "type": "forms",
            "platform": "",
            "KUID": "e1db31210abf49d3ae312316f884cee1"
        },
        "language": "js",
        "actions": [{
            "id": "ADD_SNIPPET__i21aa854fdb14a3f967fef0eea464e36",
            "type": "ADD_SNIPPET",
            "codeSnippet": "",
            "parentId": null,
            "callbackType": null
        }]
    }
}