{
    "DNDConfig": null,
    "__parentReadjusting__": false,
    "_bottom_": {
        "type": "string",
        "value": "1.20%"
    },
    "_height_": {
        "type": "string",
        "value": "130dp"
    },
    "_left_": {
        "type": "string",
        "value": "0dp"
    },
    "_margin_": [
        0,
        0,
        0,
        0
    ],
    "_orientation_": 6,
    "_padding_": [
        0,
        0,
        0,
        0
    ],
    "_percent_": true,
    "_skin_": "s5c877cb70f64052bbf3c06aee689ce5",
    "_width_": {
        "type": "string",
        "value": "97%"
    },
    "allboxes": [],
    "autogrowmode": 0,
    "canUpdateUI": true,
    "centerx": {
        "type": "string",
        "value": "50%"
    },
    "children": [
        "FlexContainer0e58b620aad654f",
        "lblLine",
        "flxMain"
    ],
    "clipbounds": true,
    "containerweight": 100,
    "enablescrolling": true,
    "id": "FlexContainer0c4139b8cfa0842",
    "info": null,
    "iscustomlayout": false,
    "isvisible": true,
    "kuid": "d71f53e267974ca4a8305052563adb49",
    "layouttype": 4,
    "name": "kony.ui.FlexContainer",
    "parent": "map4",
    "pf": "userwidgetmodel",
    "retaincontentalignment": false,
    "retainflexpositionproperties": false,
    "retainflowhorizontalalignment": false,
    "snapgridsize": 10,
    "snaptogrid": true,
    "wType": "FlexContainer",
    "widgetalignment": 1,
    "zindex": 1
}