{
    "@class": "com.kony.gen.viz.model.component.KVizImage2",
    "DNDConfig": null,
    "__parentReadjusting__": false,
    "_base64_": null,
    "_height_": {
        "type": "string",
        "value": "2dp"
    },
    "_left_": {
        "type": "string",
        "value": "-120%"
    },
    "_margin_": [
        0,
        0,
        0,
        0
    ],
    "_padding_": [
        0,
        0,
        0,
        0
    ],
    "_skin_": "s0110c6e51734175b4910209b5c5b877",
    "_src_": "kony_mp_map04_blue_pin.png",
    "_top_": {
        "type": "string",
        "value": "200%"
    },
    "_width_": {
        "type": "string",
        "value": "2dp"
    },
    "canUpdateUI": true,
    "containerweight": 100,
    "context": {
        "channel": "mobile",
        "formID": "uwu6a6cdabecde4f81b02a3106da6f6395",
        "platform": "iphone",
        "templateType": "userwidgets",
        "topLevelBox": null
    },
    "id": "imgBluepin",
    "imagescalemode": 1,
    "info": null,
    "invokedProperty": "src",
    "isvisible": true,
    "kuid": "e7d15571b96b4e90a0202402e169acd6",
    "name": "kony.ui.Image2",
    "parent": "map4",
    "pf": "userwidgetmodel",
    "srcType": 1,
    "wType": "Image",
    "widgetalignment": 5,
    "zindex": 1
}