{
    "@class": "com.kony.gen.viz.model.component.KVizLabel",
    "DNDConfig": null,
    "__parentReadjusting__": false,
    "_height_": {
        "type": "ref",
        "value": "preferred"
    },
    "_margin_": [
        1,
        1,
        1,
        1
    ],
    "_padding_": [
        0,
        0,
        0,
        0
    ],
    "_right_": {
        "type": "string",
        "value": "5.20%"
    },
    "_skin_": "s4da6b0fd5fb4b6bbf105587f620b958",
    "_text_": "1.2 miles",
    "_top_": {
        "type": "string",
        "value": "15%"
    },
    "_width_": {
        "type": "ref",
        "value": "preferred"
    },
    "_wrapping_": 2,
    "android": {
        "textStyle": {
            "letterSpacing": 0,
            "strikeThrough": false
        }
    },
    "canUpdateUI": true,
    "containerweight": 100,
    "contentalignment": 4,
    "id": "lblDistance",
    "info": null,
    "ipad": {
        "psp": {
            "wrapping": 2
        }
    },
    "iphone": {
        "psp": {
            "wrapping": 2
        }
    },
    "isvisible": true,
    "kuid": "g72dc12b9213476396f3f97aa7f381e4",
    "name": "kony.ui.Label",
    "parent": "flxMain",
    "pf": "userwidgetmodel",
    "textstyle": {},
    "tooltip": "",
    "wType": "Label",
    "zindex": 1
}