{
    "@class": "com.kony.gen.viz.model.component.KVizLabel",
    "DNDConfig": null,
    "__parentReadjusting__": false,
    "_bottom_": {
        "type": "string",
        "value": "17.50%"
    },
    "_height_": {
        "type": "ref",
        "value": "preferred"
    },
    "_left_": {
        "type": "string",
        "value": "30%"
    },
    "_margin_": [
        1,
        1,
        1,
        1
    ],
    "_padding_": [
        0,
        0,
        0,
        0
    ],
    "_skin_": "s4da6b0fd5fb4b6bbf105587f620b958",
    "_text_": "428 Cristopher Stravenue Apt.795",
    "_width_": {
        "type": "string",
        "value": "65%"
    },
    "_wrapping_": 2,
    "android": {
        "textStyle": {
            "letterSpacing": 0,
            "strikeThrough": false
        }
    },
    "canUpdateUI": true,
    "containerweight": 100,
    "contentalignment": 4,
    "id": "lblDescription",
    "info": null,
    "ipad": {
        "psp": {
            "wrapping": 2
        }
    },
    "iphone": {
        "psp": {
            "wrapping": 2
        }
    },
    "isvisible": true,
    "kuid": "e3342aaad8a043c8b2eff8b2ec084ecb",
    "name": "kony.ui.Label",
    "parent": "flxMain",
    "pf": "userwidgetmodel",
    "textstyle": {},
    "tooltip": "",
    "wType": "Label",
    "zindex": 1
}