{
    "@class": "com.kony.gen.viz.model.component.KVizLabel",
    "DNDConfig": null,
    "__parentReadjusting__": false,
    "_height_": {
        "type": "ref",
        "value": "preferred"
    },
    "_margin_": [
        1,
        1,
        1,
        1
    ],
    "_padding_": [
        0,
        0,
        0,
        0
    ],
    "_right_": {
        "type": "string",
        "value": "5.20%"
    },
    "_skin_": "sc8a560c62cd40e68bf99f66cb332330",
    "_text_": "12 Reviews",
    "_top_": {
        "type": "string",
        "value": "39.50%"
    },
    "_width_": {
        "type": "ref",
        "value": "preferred"
    },
    "_wrapping_": 2,
    "android": {
        "textStyle": {
            "letterSpacing": 0,
            "strikeThrough": false
        }
    },
    "canUpdateUI": true,
    "containerweight": 100,
    "contentalignment": 4,
    "id": "lblReviews",
    "info": null,
    "ipad": {
        "psp": {
            "wrapping": 2
        }
    },
    "iphone": {
        "maxHeight": {
            "type": "string",
            "value": ""
        },
        "psp": {
            "wrapping": 2
        }
    },
    "isvisible": true,
    "kuid": "d0f3b50b3ce544ae86606cd4d9591ee7",
    "maxheight": {
        "type": "string",
        "value": ""
    },
    "name": "kony.ui.Label",
    "parent": "flxMain",
    "pf": "userwidgetmodel",
    "textstyle": {},
    "tooltip": "",
    "wType": "Label",
    "zindex": 1
}