{
    "@class": "com.kony.gen.viz.model.component.KVizMap",
    "DNDConfig": null,
    "__parentReadjusting__": false,
    "_height_": {
        "type": "string",
        "value": "100%"
    },
    "_left_": {
        "type": "string",
        "value": "0dp"
    },
    "_margin_": [
        0,
        0,
        0,
        0
    ],
    "_mode_": 1,
    "_padding_": [
        0,
        0,
        0,
        0
    ],
    "_top_": {
        "type": "string",
        "value": "0dp"
    },
    "_width_": {
        "type": "string",
        "value": "100%"
    },
    "calloutwidth": 80,
    "canUpdateUI": true,
    "containerweight": 100,
    "defaultpinimage": "kony_mp_map04_red_pin.png",
    "id": "mapView",
    "ide_onPinClick": "AS_Map_ffe2ed68e3494b2394fbc13332596ca2",
    "info": null,
    "isvisible": true,
    "kuid": "jfa154a5d36240a89dc32c3dbb710a32",
    "locationdata": [],
    "mapsource": "non-native",
    "mapsrc": "non-native",
    "name": "kony.ui.Map",
    "onpinclick": "AS_Map_ffe2ed68e3494b2394fbc13332596ca2",
    "parent": "map4",
    "pf": "userwidgetmodel",
    "provider": "google",
    "screenlevelwidget": false,
    "wType": "Map",
    "zindex": 1,
    "zoomlevel": 6
}