{
    "@class": "com.kony.gen.viz.model.component.KVizSwitch",
    "DNDConfig": null,
    "__parentReadjusting__": false,
    "_height_": {
        "type": "string",
        "value": "30dp"
    },
    "_margin_": [
        0,
        0,
        0,
        0
    ],
    "_padding_": [
        0,
        0,
        0,
        0
    ],
    "_right_": {
        "type": "string",
        "value": "4%"
    },
    "_skin_": "s7966a7a9f4a49b29b333cc2ba3b08b9",
    "_top_": {
        "type": "string",
        "value": "6dp"
    },
    "_width_": {
        "type": "string",
        "value": "60dp"
    },
    "canUpdateUI": true,
    "centery": {
        "type": "string",
        "value": "50%"
    },
    "containerweight": 100,
    "id": "swtchAutoCenter",
    "info": null,
    "iphone": {
        "psp": {
            "nativeThumbLook": false
        }
    },
    "iscustomlayout": false,
    "isvisible": true,
    "kiosk": {
        "render": false
    },
    "kuid": "j6ccdde0a96c46518ed7dd5eeb664476",
    "leftsidetext": "ON",
    "name": "kony.ui.Switch",
    "nativeThumbLook": false,
    "onslide": "AS_Switch_bb7a95a2770c478ca64c779efb5dd967",
    "osPlatform": "iphone",
    "osVersion": "iOS7",
    "parent": "FlexContainer0e58b620aad654f",
    "pf": "userwidgetmodel",
    "retaincontentalignment": false,
    "retainflexpositionproperties": false,
    "rightsidetext": "OFF",
    "selectedindex": 0,
    "wType": "Switch",
    "widgetalignment": 5,
    "zindex": 1
}