{
    "classname": "KnowledgeFramework",
    "definitions": {
        "apis": {
            "custom": [
                {
                    "group": "General",
                    "kuid": "d7a76a84c6c54defaf8ec8dd1b07323d",
                    "paramList": [
                        {
                            "name": "data"
                        }
                    ],
                    "propertyKey": "setData",
                    "pw": {
                        "displayName": "setData",
                        "uiRepresentation": "Label-Label-Button-Button"
                    },
                    "srcWgtKUID": "u40bfc1199ce44c88c7357d43b36d45a",
                    "type": "event"
                }
            ],
            "passthrough": []
        },
        "events": {
            "custom": [],
            "passthrough": []
        },
        "groups": {
            "apis": [
                "General"
            ],
            "events": [],
            "properties": [],
            "widgets": []
        },
        "properties": {
            "custom": [],
            "passthrough": []
        },
        "widgets": {
            "expose": [],
            "passthrough": []
        }
    },
    "namespace": "com.konycmpt",
    "version": "1.0.0"
}