[ {
  "name" : "apinames",
  "sourceFieldname" : "apinames",
  "description" : "apinames",
  "dataType" : "string",
  "hasIndex" : false,
  "unique" : false,
  "primarykey" : false,
  "namefield" : false,
  "nullable" : true,
  "custom" : false,
  "createable" : true,
  "updateable" : true,
  "audit" : false,
  "customizable" : false,
  "fieldOrder" : 1,
  "fieldProperties" : {
    "autoGenerated" : "false"
  },
  "etag" : "9d612adb-e325-4a74-a6d4-39f4e308db1a",
  "isExtended" : false
}, {
  "name" : "filepath",
  "sourceFieldname" : "filepath",
  "description" : "filepath",
  "dataType" : "string",
  "hasIndex" : false,
  "unique" : true,
  "primarykey" : true,
  "namefield" : false,
  "nullable" : false,
  "custom" : false,
  "createable" : true,
  "updateable" : true,
  "audit" : false,
  "customizable" : false,
  "fieldOrder" : 2,
  "fieldProperties" : {
    "autoGenerated" : "false"
  },
  "etag" : "071883ce-5200-4f57-bc6b-c255e0438233",
  "isExtended" : false
}, {
  "name" : "title",
  "sourceFieldname" : "title",
  "description" : "title",
  "dataType" : "string",
  "hasIndex" : false,
  "unique" : false,
  "primarykey" : false,
  "namefield" : false,
  "nullable" : true,
  "custom" : false,
  "createable" : true,
  "updateable" : true,
  "audit" : false,
  "customizable" : false,
  "fieldOrder" : 3,
  "fieldProperties" : {
    "autoGenerated" : "false"
  },
  "etag" : "a99864d5-f2ad-46d0-b391-daad0d05639d",
  "isExtended" : false
} ]