{
    "@class": "com.kony.gen.viz.model.container.KVizScrollFlexForm",
    "DNDConfig": null,
    "_margin_": [
        0,
        0,
        0,
        0
    ],
    "_orientation_": 1,
    "_padding_": [
        0,
        0,
        0,
        0
    ],
    "_percent_": true,
    "_skin_": "s3c8fa21999241f5b92d115e55dc7e2d",
    "_title_": null,
    "addWidgetsdone": false,
    "allboxes": [],
    "canUpdateUI": true,
    "children": [
        "CopyCopyflxRow"
    ],
    "containerId": true,
    "containerweight": 100,
    "currentLocale": "default",
    "device": "GalaxyS5",
    "displayorientation": 3,
    "enabledforidletimeout": false,
    "id": "CopytempSegRow",
    "info": null,
    "initdone": false,
    "inputaccessoryviewtype": 4,
    "intransitionconfig": {
        "formTransition": "None"
    },
    "isvisible": true,
    "kuid": "b3b9996c096048d2a29a6559d4a953db",
    "name": "kony.ui.Form2",
    "needappmenu": true,
    "outtransitionconfig": {
        "formTransition": "None"
    },
    "paddinginpixel": false,
    "platform": "android",
    "prevDevice": "iPhone6",
    "prevPlatform": "iphone",
    "retainscrollposition": false,
    "shellCSS": "and_GalaxyS5",
    "titleBarSkin": "s1e83989032d483380543c4a1dc594f6",
    "titlebar": true,
    "type": 3,
    "wType": "Form"
}