{
    "DNDConfig": null,
    "_height_": {
        "type": "string",
        "value": "11%"
    },
    "_margin_": [
        0,
        0,
        0,
        0
    ],
    "_orientation_": 6,
    "_padding_": [
        0,
        0,
        0,
        0
    ],
    "_percent_": true,
    "_skin_": "s23673d1cc7a4e1cbc3d53661dd48e9c",
    "allboxes": [],
    "autogrowmode": 0,
    "canUpdateUI": true,
    "children": [
        "lblHeading",
        "lblDescription",
        "lblTime",
        "imgArrow",
        "lblStrip"
    ],
    "clipbounds": true,
    "containerId": true,
    "containerweight": 100,
    "controllerInfo": {
        "default": {
            "channel": "mobile",
            "name": "CopyCopyflxRowController"
        }
    },
    "enablescrolling": true,
    "id": "CopyCopyflxRow",
    "info": null,
    "isTemplate": true,
    "isvisible": true,
    "kuid": "ca5579dd24e740e19bb4b3da2fb7abe2",
    "layouttype": 2,
    "name": "kony.ui.FlexContainer",
    "parent": "CopytempSegRow",
    "pf": "CopytempSegRow",
    "snapgridsize": 10,
    "snaptogrid": true,
    "wType": "FlexContainer",
    "widgetalignment": 1
}