{
    "@class": "com.kony.gen.viz.model.component.KVizImage2",
    "DNDConfig": null,
    "__parentReadjusting__": false,
    "_base64_": null,
    "_bottom_": {
        "type": "string",
        "value": "25%"
    },
    "_height_": {
        "type": "string",
        "value": "34.26%"
    },
    "_margin_": [
        0,
        0,
        0,
        0
    ],
    "_padding_": [
        0,
        0,
        0,
        0
    ],
    "_right_": {
        "type": "string",
        "value": "3.50%"
    },
    "_skin_": "sb0d374dc3db4c43bc8bf159537354bc",
    "_src_": "chevron.png",
    "_width_": {
        "type": "string",
        "value": "5%"
    },
    "canUpdateUI": true,
    "centery": {
        "type": "string",
        "value": "50%"
    },
    "containerId": true,
    "containerweight": 100,
    "context": {
        "channel": "mobile",
        "platform": "android",
        "templateType": "segments",
        "topLevelBox": null
    },
    "id": "imgArrow",
    "imagescalemode": 1,
    "info": null,
    "invokedProperty": "src",
    "isvisible": true,
    "kuid": "bc9f986f4b344d8eae5462d7b9246bb3",
    "name": "kony.ui.Image2",
    "parent": "CopyCopyflxRow",
    "pf": "CopytempSegRow",
    "srcType": 1,
    "wType": "Image",
    "widgetalignment": 5,
    "zindex": 1
}