{
    "@class": "com.kony.gen.viz.model.component.KVizLabel",
    "DNDConfig": null,
    "__parentReadjusting__": false,
    "_bottom_": {
        "type": "string",
        "value": "10%"
    },
    "_height_": {
        "type": "ref",
        "value": "preferred"
    },
    "_left_": {
        "type": "string",
        "value": "4%"
    },
    "_margin_": [
        1,
        1,
        1,
        1
    ],
    "_padding_": [
        0,
        0,
        0,
        0
    ],
    "_skin_": "s8483c726372401d99b1708dec286261",
    "_text_": "some description to show the property that might reflect into this widget.",
    "_top_": {
        "type": "string",
        "value": "42%"
    },
    "_width_": {
        "type": "string",
        "value": "70%"
    },
    "_wrapping_": 2,
    "android": {
        "maxNumberOfLines": 3,
        "textStyle": {
            "letterSpacing": 0,
            "strikeThrough": false
        },
        "textTruncatePosition": 0
    },
    "canUpdateUI": true,
    "containerId": true,
    "containerweight": 100,
    "contentalignment": 1,
    "id": "lblDescription",
    "info": null,
    "ipad": {
        "psp": {
            "wrapping": 2
        }
    },
    "iphone": {
        "maxNumberOfLines": 3,
        "psp": {
            "wrapping": 2
        },
        "textTruncatePosition": 0
    },
    "isvisible": true,
    "kuid": "df25f7c386974b549c0c2d83276c4fc3",
    "maxnumberoflines": 3,
    "maxwidth": {
        "type": "string",
        "value": "70%"
    },
    "name": "kony.ui.Label",
    "parent": "CopyCopyflxRow",
    "pf": "CopytempSegRow",
    "texttruncateposition": 0,
    "tooltip": "",
    "wType": "Label",
    "zindex": 1
}