{
    "@class": "com.kony.gen.viz.model.container.KVizForm",
    "DNDConfig": null,
    "_margin_": [
        0,
        0,
        0,
        0
    ],
    "_orientation_": 1,
    "_padding_": [
        0,
        0,
        0,
        0
    ],
    "_percent_": true,
    "_skin_": "s6216df102a848f8aab39e10952d77b1",
    "_title_": null,
    "addWidgetsdone": false,
    "allboxes": [],
    "canUpdateUI": true,
    "children": [
        "EmailBasic"
    ],
    "containerweight": 100,
    "currentLocale": "default",
    "device": "iPhoneX",
    "displayorientation": 3,
    "enabledforidletimeout": false,
    "globalUserWidgetRefs": [
        "u12c282c42d74e8cba9b7cb8ff7802c4"
    ],
    "id": "userwidgetmodel",
    "info": null,
    "initdone": false,
    "inputaccessoryviewtype": 4,
    "intransitionconfig": {
        "formTransition": "None"
    },
    "isvisible": true,
    "kuid": "uc2071108f8440d79407a1965142ec86",
    "layouttype": 2,
    "masterType": 0,
    "name": "kony.ui.Form2",
    "needappmenu": true,
    "outtransitionconfig": {
        "formTransition": "None"
    },
    "paddinginpixel": false,
    "platform": "iphone",
    "prevDevice": "iPhoneX",
    "prevPlatform": "iphone",
    "retainscrollposition": false,
    "shellCSS": "iOS_iPhone6",
    "titleBarSkin": "s3c125a018c3419493a83e3cbcae8072",
    "titlebar": true,
    "type": 3,
    "wType": "Form"
}