{
    "@class": "com.kony.gen.viz.model.component.KVizButton",
    "DNDConfig": null,
    "__parentReadjusting__": false,
    "_height_": {
        "type": "string",
        "value": "100%"
    },
    "_left_": {
        "type": "string",
        "value": "25dp"
    },
    "_margin_": [
        6,
        6,
        6,
        6
    ],
    "_padding_": [
        0,
        0,
        0,
        0
    ],
    "_skin_": "sacdae97cade409094844424403d86d1",
    "_text_": "",
    "_top_": {
        "type": "string",
        "value": "0dp"
    },
    "_width_": {
        "type": "string",
        "value": "19.94%"
    },
    "canUpdateUI": true,
    "centerx": {
        "type": "string",
        "value": "46.51%"
    },
    "containerweight": 100,
    "contentalignment": 5,
    "disabledSkins": {},
    "displaytext": true,
    "focusskin": "sacdae97cade409094844424403d86d1",
    "id": "btnPlay",
    "info": null,
    "isvisible": true,
    "kuid": "c3eae7af51974675948127667b86b6ed",
    "masterType": 1,
    "name": "kony.ui.Button",
    "onclick": "AS_Button_d952c9407f37483fb259b8b3d0e11b4d",
    "parent": "FlexGroup0a55d34c51f404e",
    "pf": "frmRecord",
    "wType": "Button",
    "zindex": 1
}