{
    "@class": "com.kony.gen.viz.model.component.KVizButton",
    "DNDConfig": null,
    "__parentReadjusting__": false,
    "_height_": {
        "type": "string",
        "value": "99.40%"
    },
    "_left_": {
        "type": "string",
        "value": "7dp"
    },
    "_margin_": [
        6,
        6,
        6,
        6
    ],
    "_padding_": [
        0,
        0,
        0,
        0
    ],
    "_skin_": "sf084b7058d34e93b85b83ebe7d21c5f",
    "_text_": "",
    "_top_": {
        "type": "string",
        "value": "0dp"
    },
    "_width_": {
        "type": "string",
        "value": "17.09%"
    },
    "canUpdateUI": true,
    "centerx": {
        "type": "string",
        "value": "65.01%"
    },
    "containerweight": 100,
    "contentalignment": 5,
    "disabledSkins": {},
    "displaytext": true,
    "focusskin": "sf084b7058d34e93b85b83ebe7d21c5f",
    "id": "btnStop",
    "info": null,
    "isvisible": true,
    "kuid": "jcf10d4ac0c14ceaadad82e8dfd16f13",
    "masterType": 1,
    "name": "kony.ui.Button",
    "onclick": "AS_Button_c9c36d5019934bc5a049ef591d721de7",
    "parent": "FlexGroup0a55d34c51f404e",
    "pf": "frmRecord",
    "wType": "Button",
    "zindex": 1
}