{
    "@class": "com.kony.gen.viz.model.component.KVizButton",
    "DNDConfig": null,
    "__parentReadjusting__": false,
    "_height_": {
        "type": "string",
        "value": "50dp"
    },
    "_left_": {
        "type": "string",
        "value": "40dp"
    },
    "_margin_": [
        6,
        6,
        6,
        6
    ],
    "_padding_": [
        0,
        0,
        0,
        0
    ],
    "_skin_": "sed785372ef84df4ba26e0d4926fb863",
    "_text_": "Start Recording",
    "_top_": {
        "type": "string",
        "value": "97dp"
    },
    "_width_": {
        "type": "string",
        "value": "300dp"
    },
    "canUpdateUI": true,
    "centerx": {
        "type": "string",
        "value": "49.97%"
    },
    "containerweight": 100,
    "contentalignment": 5,
    "displaytext": true,
    "focusskin": "s98df96ac850483b8ec9f9e2847a9bfd",
    "id": "Button0cb844f294f9240",
    "info": null,
    "iscustomlayout": false,
    "isvisible": true,
    "kuid": "e927e842290a40dcb0b12e932dd93118",
    "name": "kony.ui.Button",
    "onclick": "AS_Button_dea673d2f11e4f5ea9b6c06dbb97978d",
    "parent": "FlexGroup0d57a58d536e740",
    "pf": "frmRecord",
    "retaincontentalignment": false,
    "retainflexpositionproperties": false,
    "wType": "Button",
    "zindex": 1
}