{
    "@class": "com.kony.gen.viz.model.component.KVizButton",
    "DNDConfig": null,
    "__parentReadjusting__": false,
    "_height_": {
        "type": "string",
        "value": "50dp"
    },
    "_left_": {
        "type": "string",
        "value": "40dp"
    },
    "_margin_": [
        6,
        6,
        6,
        6
    ],
    "_padding_": [
        0,
        0,
        0,
        0
    ],
    "_skin_": "se38d75135ad40bdbd56d63483e7d45c",
    "_text_": "Create Record Object",
    "_top_": {
        "type": "string",
        "value": "27dp"
    },
    "_width_": {
        "type": "string",
        "value": "300dp"
    },
    "canUpdateUI": true,
    "centerx": {
        "type": "string",
        "value": "50%"
    },
    "containerweight": 100,
    "contentalignment": 5,
    "displaytext": true,
    "focusskin": "s98df96ac850483b8ec9f9e2847a9bfd",
    "id": "Button0e2ba68747a194a",
    "info": null,
    "iscustomlayout": false,
    "isvisible": true,
    "kuid": "gaa17369258d4cae94226373dbbfe349",
    "name": "kony.ui.Button",
    "onclick": "AS_Button_d8649be3fb9943eca24f1dc0ec312518",
    "parent": "FlexGroup0d57a58d536e740",
    "pf": "frmRecord",
    "retaincontentalignment": false,
    "retainflexpositionproperties": false,
    "wType": "Button",
    "zindex": 1
}