{
    "DNDConfig": null,
    "__parentReadjusting__": false,
    "_height_": {
        "type": "string",
        "value": "10.59%"
    },
    "_left_": {
        "type": "string",
        "value": "12dp"
    },
    "_margin_": [
        0,
        0,
        0,
        0
    ],
    "_orientation_": 6,
    "_padding_": [
        0,
        0,
        0,
        0
    ],
    "_percent_": true,
    "_skin_": "s9486d678eba49cf832f9dd35bec4491",
    "_top_": {
        "type": "string",
        "value": "257dp"
    },
    "_width_": {
        "type": "string",
        "value": "93.63%"
    },
    "allboxes": [],
    "autogrowmode": 0,
    "canUpdateUI": true,
    "children": [
        "btnPlay",
        "btnStop",
        "pauseRecord"
    ],
    "clipbounds": true,
    "containerweight": 100,
    "enablescrolling": true,
    "id": "FlexGroup0a55d34c51f404e",
    "info": null,
    "iscustomlayout": false,
    "isvisible": true,
    "kuid": "cc69acce8e7c4e2da13e9b105ed48d36",
    "layouttype": 2,
    "name": "kony.ui.FlexContainer",
    "parent": "FlexGroup0d57a58d536e740",
    "pf": "frmRecord",
    "retaincontentalignment": false,
    "retainflexpositionproperties": false,
    "retainflowhorizontalalignment": false,
    "snapgridsize": 10,
    "snaptogrid": true,
    "wType": "FlexContainer",
    "widgetalignment": 1
}