{
    "DNDConfig": null,
    "__parentReadjusting__": false,
    "_height_": {
        "type": "string",
        "value": "40dp"
    },
    "_left_": {
        "type": "string",
        "value": "0dp"
    },
    "_margin_": [
        0,
        0,
        0,
        0
    ],
    "_orientation_": 6,
    "_padding_": [
        0,
        0,
        0,
        0
    ],
    "_percent_": true,
    "_skin_": "sbd5615853ce413e89582716f546ec5f",
    "_top_": {
        "type": "string",
        "value": "-3dp"
    },
    "_width_": {
        "type": "string",
        "value": "100%"
    },
    "allboxes": [],
    "autogrowmode": 0,
    "canUpdateUI": true,
    "children": [
        "Label0ba73bcc1d8b74d",
        "headerIconLeft",
        "headerButtonLeft"
    ],
    "clipbounds": true,
    "containerweight": 100,
    "enablescrolling": true,
    "id": "FlexContainer0gd121146dc5b48",
    "info": null,
    "iscustomlayout": false,
    "isvisible": true,
    "kuid": "a0b3c61278ba455b98f26bb7ca8276c8",
    "layouttype": 2,
    "name": "kony.ui.FlexContainer",
    "parent": "frmRecord",
    "pf": "frmRecord",
    "retaincontentalignment": false,
    "retainflexpositionproperties": false,
    "retainflowhorizontalalignment": false,
    "snapgridsize": 10,
    "snaptogrid": true,
    "wType": "FlexContainer",
    "widgetalignment": 1,
    "zindex": 1
}