{
    "DNDConfig": null,
    "__parentReadjusting__": false,
    "_height_": {
        "type": "string",
        "value": "94.84%"
    },
    "_left_": {
        "type": "string",
        "value": "0dp"
    },
    "_margin_": [
        0,
        0,
        0,
        0
    ],
    "_orientation_": 6,
    "_padding_": [
        0,
        0,
        0,
        0
    ],
    "_percent_": true,
    "_skin_": "s909c6cc88d7493da2513c7f38f852fa",
    "_top_": {
        "type": "string",
        "value": "37dp"
    },
    "_width_": {
        "type": "string",
        "value": "100%"
    },
    "allboxes": [],
    "autogrowmode": 0,
    "canUpdateUI": true,
    "children": [
        "Button0e2ba68747a194a",
        "Button0cb844f294f9240",
        "Button0adf39dcb924541",
        "FlexGroup0a55d34c51f404e"
    ],
    "clipbounds": true,
    "containerweight": 100,
    "enablescrolling": true,
    "id": "FlexGroup0d57a58d536e740",
    "info": null,
    "iscustomlayout": false,
    "isvisible": true,
    "kuid": "ed58ca0363434d8b94dff6774c295850",
    "layouttype": 2,
    "name": "kony.ui.FlexContainer",
    "parent": "frmRecord",
    "pf": "frmRecord",
    "retaincontentalignment": false,
    "retainflexpositionproperties": false,
    "retainflowhorizontalalignment": false,
    "snapgridsize": 10,
    "snaptogrid": true,
    "wType": "FlexContainer",
    "widgetalignment": 1
}