{
    "@class": "com.kony.gen.viz.model.component.KVizButton",
    "DNDConfig": null,
    "__parentReadjusting__": false,
    "_height_": {
        "type": "string",
        "value": "100%"
    },
    "_left_": {
        "type": "string",
        "value": "0dp"
    },
    "_margin_": [
        6,
        6,
        6,
        6
    ],
    "_padding_": [
        27,
        0,
        0,
        0
    ],
    "_skin_": "s8f2a5650c404528ad9d5ce068a7bc45",
    "_text_": "Back",
    "_top_": {
        "type": "string",
        "value": "-6dp"
    },
    "_width_": {
        "type": "string",
        "value": "76dp"
    },
    "android": {
        "displayText": false
    },
    "canUpdateUI": true,
    "containerweight": 100,
    "contentalignment": 4,
    "displaytext": true,
    "focusskin": "s0696c3010af4a22814c5ede15ab175c",
    "id": "headerButtonLeft",
    "info": null,
    "iphone": {
        "padding": [
            27,
            0,
            0,
            0
        ],
        "paddingInPixel": true
    },
    "isvisible": true,
    "kuid": "b026b8f1a84d4553abdb167ab5ae641e",
    "masterType": 1,
    "name": "kony.ui.Button",
    "onclick": "AS_Button_d44c2f1921c54bb1812d63999edc68b6",
    "paddingLocked": false,
    "paddinginpixel": false,
    "parent": "FlexContainer0gd121146dc5b48",
    "pf": "frmRecord",
    "wType": "Button",
    "zindex": 1
}