{
    "@class": "com.kony.gen.viz.model.component.KVizButton",
    "DNDConfig": null,
    "__parentReadjusting__": false,
    "_height_": {
        "type": "string",
        "value": "50dp"
    },
    "_left_": {
        "type": "string",
        "value": "33dp"
    },
    "_margin_": [
        6,
        6,
        6,
        6
    ],
    "_padding_": [
        0,
        0,
        0,
        0
    ],
    "_skin_": "s69284f25131495e9c820f0b7a1e61a3",
    "_text_": "App Menu",
    "_top_": {
        "type": "string",
        "value": "527dp"
    },
    "_width_": {
        "type": "string",
        "value": "90%"
    },
    "canUpdateUI": true,
    "centerx": {
        "type": "string",
        "value": "50%"
    },
    "containerweight": 100,
    "contentalignment": 5,
    "displaytext": true,
    "focusskin": "sd03d6e7eebf4925bac64c0d230c919f",
    "id": "btnAppMenu",
    "info": null,
    "iscustomlayout": false,
    "isvisible": true,
    "kuid": "cc76b9bf696141e59c125696147f15e7",
    "name": "kony.ui.Button",
    "onclick": "AS_Button_i4e2591f86c846e8bf8c686726794e0f",
    "parent": "flxBody",
    "pf": "frmBadge",
    "retaincontentalignment": false,
    "retainflexpositionproperties": false,
    "wType": "Button",
    "zindex": 1
}