{
    "@class": "com.kony.gen.viz.model.component.KVizButton",
    "DNDConfig": null,
    "__parentReadjusting__": false,
    "_height_": {
        "type": "string",
        "value": "50dp"
    },
    "_left_": {
        "type": "string",
        "value": "1.98%"
    },
    "_margin_": [
        6,
        6,
        6,
        6
    ],
    "_padding_": [
        0,
        0,
        0,
        0
    ],
    "_skin_": "saac0cc0a3a14cf19611db6eb9ac4601",
    "_text_": "Get the Badge Value",
    "_top_": {
        "type": "string",
        "value": "203dp"
    },
    "_width_": {
        "type": "string",
        "value": "90%"
    },
    "canUpdateUI": true,
    "centerx": {
        "type": "string",
        "value": "50%"
    },
    "containerweight": 100,
    "contentalignment": 5,
    "displaytext": true,
    "focusskin": "saac0cc0a3a14cf19611db6eb9ac4601",
    "id": "btnGetBadge",
    "info": null,
    "iscustomlayout": false,
    "isvisible": true,
    "kuid": "i48e8dc14a45439fbf5d0d6ea5213836",
    "name": "kony.ui.Button",
    "onclick": "AS_Button_a50574bf216f47d0bf3ef0f4575cf199",
    "parent": "flxBody",
    "pf": "frmBadge",
    "retaincontentalignment": false,
    "retainflexpositionproperties": false,
    "wType": "Button",
    "zindex": 1
}