{
    "@class": "com.kony.gen.viz.model.component.KVizLabel",
    "DNDConfig": null,
    "__parentReadjusting__": false,
    "_height_": {
        "type": "string",
        "value": "100%"
    },
    "_left_": {
        "type": "string",
        "value": "72dp"
    },
    "_margin_": [
        1,
        1,
        1,
        1
    ],
    "_padding_": [
        0,
        0,
        0,
        0
    ],
    "_right_": {
        "type": "string",
        "value": "72dp"
    },
    "_skin_": "sf777f89709f444c82de6590d4e39501",
    "_text_": "Badge",
    "_wrapping_": 2,
    "android": {
        "contentAlignment": 4,
        "textStyle": {
            "letterSpacing": 0,
            "strikeThrough": false
        }
    },
    "canUpdateUI": true,
    "centerx": {
        "type": "string",
        "value": "50%"
    },
    "centery": {
        "type": "string",
        "value": "50%"
    },
    "containerweight": 100,
    "contentalignment": 5,
    "id": "headerTitleLabel",
    "info": null,
    "ipad": {
        "psp": {
            "wrapping": 2
        }
    },
    "iphone": {
        "contentAlignment": 5,
        "psp": {
            "wrapping": 2
        }
    },
    "isvisible": true,
    "kuid": "ffb325720d864159a7edf7883faa5cc2",
    "masterType": 1,
    "name": "kony.ui.Label",
    "parent": "headerContainer25",
    "pf": "frmBadge",
    "spa": {
        "contentAlignment": 5
    },
    "textstyle": {},
    "tooltip": "",
    "wType": "Label",
    "zindex": 1
}