{
    "DNDConfig": null,
    "__parentReadjusting__": false,
    "_height_": {
        "type": "string",
        "value": "44dp"
    },
    "_left_": {
        "type": "string",
        "value": "0dp"
    },
    "_margin_": [
        0,
        0,
        0,
        0
    ],
    "_orientation_": 6,
    "_padding_": [
        0,
        0,
        0,
        0
    ],
    "_percent_": true,
    "_skin_": "sf5e230675b34922b42387d355c1839a",
    "_top_": {
        "type": "string",
        "value": "-4dp"
    },
    "_width_": {
        "type": "string",
        "value": "100.13%"
    },
    "allboxes": [],
    "android": {
        "height": {
            "type": "string",
            "value": "58dp"
        }
    },
    "canUpdateUI": true,
    "children": [
        "headerTitleLabel"
    ],
    "clipbounds": true,
    "containerweight": 100,
    "enablescrolling": true,
    "id": "headerContainer25",
    "info": null,
    "isvisible": true,
    "kuid": "c38d7b53c651412d9b4f1277d81f1268",
    "layouttype": 2,
    "masterType": 1,
    "name": "kony.ui.FlexContainer",
    "parent": "frmBadge",
    "pf": "frmBadge",
    "snapgridsize": 10,
    "snaptogrid": true,
    "wType": "FlexContainer",
    "widgetalignment": 1,
    "zindex": 1
}