{
    "@class": "com.kony.gen.viz.model.component.KVizImage2",
    "DNDConfig": null,
    "__parentReadjusting__": false,
    "_base64_": null,
    "_height_": {
        "type": "string",
        "value": "18dp"
    },
    "_left_": {
        "type": "string",
        "value": "90%"
    },
    "_margin_": [
        0,
        0,
        0,
        0
    ],
    "_padding_": [
        0,
        0,
        0,
        0
    ],
    "_skin_": "sd82a92943a5422ea15e30aa923b52c6",
    "_src_": "chevron.png",
    "_top_": {
        "type": "string",
        "value": "21dp"
    },
    "_width_": {
        "type": "string",
        "value": "18dp"
    },
    "canUpdateUI": true,
    "centery": {
        "type": "string",
        "value": "50%"
    },
    "containerweight": 100,
    "context": {
        "channel": "mobile",
        "formID": "uwub62824ff58045dbb695239958d997a0",
        "platform": "iphone",
        "templateType": "userwidgets",
        "topLevelBox": null
    },
    "id": "btnAccordian2",
    "imagescalemode": 1,
    "info": null,
    "isvisible": true,
    "kuid": "jeb826611869456bbeac1a66472a5797",
    "name": "kony.ui.Image2",
    "parent": "flexAcc2",
    "pf": "userwidgetmodel",
    "srcType": 1,
    "wType": "Image",
    "widgetalignment": 5,
    "zindex": 1
}