{
    "DNDConfig": null,
    "__parentReadjusting__": false,
    "_height_": {
        "type": "string",
        "value": "10%"
    },
    "_left_": {
        "type": "string",
        "value": "0%"
    },
    "_margin_": [
        0,
        0,
        0,
        0
    ],
    "_orientation_": 6,
    "_padding_": [
        0,
        0,
        0,
        0
    ],
    "_percent_": true,
    "_skin_": "s0fd5959120c4039a647d3649a506477",
    "_top_": {
        "type": "string",
        "value": "0%"
    },
    "_width_": {
        "type": "string",
        "value": "100%"
    },
    "allboxes": [],
    "autogrowmode": 0,
    "canUpdateUI": true,
    "children": [
        "lblAccordian3",
        "lblStrip3",
        "btnAccordian3",
        "lblStrip4"
    ],
    "clipbounds": true,
    "containerweight": 100,
    "enablescrolling": true,
    "id": "flexAcc3",
    "ide_onClick": "AS_FlexContainer_abbbd3c02ea345acae74375d13194554",
    "info": null,
    "isvisible": true,
    "kuid": "u93ec8d171bf4db2866f2e74c866b98f",
    "layouttype": 2,
    "name": "kony.ui.FlexContainer",
    "parent": "flxFullScreen",
    "pf": "userwidgetmodel",
    "snapgridsize": 10,
    "snaptogrid": true,
    "wType": "FlexContainer",
    "widgetalignment": 1,
    "zindex": 1
}