{
    "DNDConfig": null,
    "__parentReadjusting__": false,
    "_height_": {
        "type": "string",
        "value": "50dp"
    },
    "_left_": {
        "type": "string",
        "value": "86%"
    },
    "_margin_": [
        0,
        0,
        0,
        0
    ],
    "_orientation_": 6,
    "_padding_": [
        0,
        0,
        0,
        0
    ],
    "_percent_": true,
    "_skin_": "s1d373ed442e46d3835c1dc092b2ef30",
    "_top_": {
        "type": "string",
        "value": "12dp"
    },
    "_width_": {
        "type": "string",
        "value": "50dp"
    },
    "allboxes": [],
    "autogrowmode": 0,
    "canUpdateUI": true,
    "centery": {
        "type": "string",
        "value": "50%"
    },
    "children": [
        "btnClose"
    ],
    "clipbounds": true,
    "containerweight": 100,
    "enablescrolling": true,
    "focusskin": "s674c97a01764e30bea31a3750ec812a",
    "id": "flexCloseClick",
    "ide_onClick": "AS_FlexContainer_jf582ae16db246a8aa7078364c207959",
    "info": null,
    "isvisible": true,
    "kuid": "d31a9ee37fd742fdb9ccf8677688ca11",
    "layouttype": 2,
    "name": "kony.ui.FlexContainer",
    "parent": "flxHeadingBar",
    "pf": "userwidgetmodel",
    "snapgridsize": 10,
    "snaptogrid": true,
    "wType": "FlexContainer",
    "widgetalignment": 1,
    "zindex": 1
}