{
    "@class": "com.kony.gen.viz.model.component.KVizRichText",
    "DNDConfig": null,
    "__parentReadjusting__": false,
    "_height_": {
        "type": "ref",
        "value": "preferred"
    },
    "_left_": {
        "type": "string",
        "value": "0%"
    },
    "_margin_": [
        0,
        0,
        0,
        0
    ],
    "_padding_": [
        4,
        0,
        0,
        0
    ],
    "_skin_": "sc46394c09c642c2b90095da9198ced4",
    "_text_": "<b>INTEGRATION & ORCHESTRATION</b><br>Learn how to integrate and configure a backend integration to a rest service and then orchestrate the data response to optimize it for the mobile device using Kony MobileFabric.\n\n",
    "_top_": {
        "type": "string",
        "value": "0%"
    },
    "_width_": {
        "type": "string",
        "value": "100%"
    },
    "_wrapping_": 2,
    "canUpdateUI": true,
    "containerweight": 100,
    "contentalignment": 4,
    "id": "rchDesc2",
    "info": null,
    "isvisible": true,
    "kuid": "a1580384067c4663b7165e318fc0aa59",
    "name": "kony.ui.RichText",
    "parent": "flexScrollDesc2",
    "pf": "userwidgetmodel",
    "wType": "RichText",
    "widgetalignment": 5,
    "zindex": 1
}