{
    "AS_Button_j71bb599d2bb46a3b541640bb3f1e146": {
        "id": "AS_Button_j71bb599d2bb46a3b541640bb3f1e146",
        "type": "ACTION_SEQUENCE",
        "params": [{
            "datatype": "collection",
            "name": "eventobject"
        }],
        "contextObj": {
            "name": "frmContact",
            "type": "forms",
            "platform": "",
            "KUID": "da71f09541db4bf9b0893d9615bd41b3"
        },
        "language": "js",
        "actions": [{
            "id": "INVOKE_FUNCTION__onClick_f1382043aa464d3293500f8df260a16b",
            "type": "INVOKE_FUNCTION",
            "sequenceKUID": "getDetails",
            "display": "getDetails",
            "inputparams": [],
            "callbackType": null,
            "disabled": null,
            "source": "controller"
        }]
    }
}