<?xml version="1.0" encoding="UTF-8" standalone="yes"?>
<endpoint name="default" type="JSON" url="http://KeepURL" encryptSecureInfo="false">
    <config>
        <entry>
            <key>ignorehttpproxy</key>
            <value>true</value>
        </entry>
        <entry>
            <key>identityProviderType</key>
            <value>custom</value>
        </entry>
        <entry>
            <key>urlprovider</key>
            <value>com.hclvoltmx.urlprovider.KeepUrlProvider</value>
        </entry>
        <entry>
            <key>identityProvider</key>
            <value>KeepAuthentication</value>
        </entry>
    </config>
    <apiThrottling/>
    <jsonpath>true</jsonpath>
</endpoint>
