{
    "NativeFunctionAPI": {
        "iOS": {
            "11.0": {
                "Kony_SyncV2-iOS-11.0": {
                    "title": "Kony_SyncV2",
                    "platform": "iOS",
                    "os": "11.0",
                    "url": "D:\\kony\\install\\studio\\80\\GA\\Kony_Visualizer_Enterprise\\configuration\\org.eclipse.osgi\\bundles\\30\\1\\.cp\\resources\\sdk\\nativeBindings\\Kony_SyncV2-iOS-11.0.zip",
                    "filepath": "D:\\EventsWp\\eventsdharma\\Events\\vizproject\\GeoLocation\\nativebindings\\iOS\\11.0\\Kony_SyncV2-iOS-11.0.zip",
                    "enable": true
                }
            },
            "10.0": {
                "Foundation-iOS-10.0": {
                    "title": "Foundation",
                    "platform": "iOS",
                    "os": "10.0",
                    "url": "D:\\kony\\WorkSpace\\81\\sidhanta\\.imports\\.temp\\import1152709374\\nativebindings\\iOS\\10.0\\Foundation-iOS-10.0.zip",
                    "filepath": "D:\\kony\\WorkSpace\\81\\sidhanta\\GeoLocation\\nativebindings\\iOS\\10.0\\Foundation-iOS-10.0.zip",
                    "enable": true
                },
                "UIKit-iOS-10.0": {
                    "title": "UIKit",
                    "platform": "iOS",
                    "os": "10.0",
                    "url": "D:\\kony\\WorkSpace\\81\\sidhanta\\.imports\\.temp\\import1152709374\\nativebindings\\iOS\\10.0\\UIKit-iOS-10.0.zip",
                    "filepath": "D:\\kony\\WorkSpace\\81\\sidhanta\\GeoLocation\\nativebindings\\iOS\\10.0\\UIKit-iOS-10.0.zip",
                    "enable": true
                }
            }
        },
        "Android": {
            "4.0": {
                "Kony_SyncV2-Android-4.0": {
                    "title": "Kony_SyncV2",
                    "platform": "Android",
                    "os": "4.0",
                    "url": "D:\\kony\\install\\studio\\80\\GA\\Kony_Visualizer_Enterprise\\configuration\\org.eclipse.osgi\\bundles\\30\\1\\.cp\\resources\\sdk\\nativeBindings\\Kony_SyncV2-Android-4.0.zip",
                    "filepath": "D:\\EventsWp\\eventsdharma\\Events\\vizproject\\GeoLocation\\nativebindings\\Android\\4.0\\Kony_SyncV2-Android-4.0.zip",
                    "enable": true
                },
                "android.accounts-Android-4.0": {
                    "title": "android.accounts",
                    "platform": "Android",
                    "os": "4.0",
                    "url": "D:\\kony\\WorkSpace\\81\\sidhanta\\.imports\\.temp\\import1152709374\\nativebindings\\Android\\4.0\\android.accounts-Android-4.0.zip",
                    "filepath": "D:\\kony\\WorkSpace\\81\\sidhanta\\GeoLocation\\nativebindings\\Android\\4.0\\android.accounts-Android-4.0.zip",
                    "enable": true
                },
                "android.webkit-Android-4.0": {
                    "title": "android.webkit",
                    "platform": "Android",
                    "os": "4.0",
                    "url": "D:\\kony\\WorkSpace\\81\\sidhanta\\.imports\\.temp\\import1152709374\\nativebindings\\Android\\4.0\\android.webkit-Android-4.0.zip",
                    "filepath": "D:\\kony\\WorkSpace\\81\\sidhanta\\GeoLocation\\nativebindings\\Android\\4.0\\android.webkit-Android-4.0.zip",
                    "enable": true
                },
                "android.net-Android-4.0": {
                    "title": "android.net",
                    "platform": "Android",
                    "os": "4.0",
                    "url": "D:\\kony\\WorkSpace\\81\\sidhanta\\.imports\\.temp\\import1152709374\\nativebindings\\Android\\4.0\\android.net-Android-4.0.zip",
                    "filepath": "D:\\kony\\WorkSpace\\81\\sidhanta\\GeoLocation\\nativebindings\\Android\\4.0\\android.net-Android-4.0.zip",
                    "enable": true
                },
                "android.content-Android-4.0": {
                    "title": "android.content",
                    "platform": "Android",
                    "os": "4.0",
                    "url": "D:\\kony\\WorkSpace\\81\\sidhanta\\.imports\\.temp\\import1152709374\\nativebindings\\Android\\4.0\\android.content-Android-4.0.zip",
                    "filepath": "D:\\kony\\WorkSpace\\81\\sidhanta\\GeoLocation\\nativebindings\\Android\\4.0\\android.content-Android-4.0.zip",
                    "enable": true
                },
                "java.lang-Android-4.0": {
                    "title": "java.lang",
                    "platform": "Android",
                    "os": "4.0",
                    "url": "D:\\kony\\WorkSpace\\81\\sidhanta\\.imports\\.temp\\import1152709374\\nativebindings\\Android\\4.0\\java.lang-Android-4.0.zip",
                    "filepath": "D:\\kony\\WorkSpace\\81\\sidhanta\\GeoLocation\\nativebindings\\Android\\4.0\\java.lang-Android-4.0.zip",
                    "enable": true
                },
                "android.os-Android-4.0": {
                    "title": "android.os",
                    "platform": "Android",
                    "os": "4.0",
                    "url": "D:\\kony\\WorkSpace\\81\\sidhanta\\.imports\\.temp\\import1152709374\\nativebindings\\Android\\4.0\\android.os-Android-4.0.zip",
                    "filepath": "D:\\kony\\WorkSpace\\81\\sidhanta\\GeoLocation\\nativebindings\\Android\\4.0\\android.os-Android-4.0.zip",
                    "enable": true
                }
            }
        }
    }
}