{
    "@class": "com.kony.gen.viz.model.container.KVizSegment2",
    "DNDConfig": null,
    "__parentReadjusting__": false,
    "_data_": [
        {
            "lblScheduledTime": {
                "@class": "com.viz.ide.model.segment.SimpleTextSegmentData",
                "text": ""
            },
            "lblTaskDescription": {
                "@class": "com.viz.ide.model.segment.SimpleTextSegmentData",
                "text": ""
            },
            "lblTaskId": {
                "@class": "com.viz.ide.model.segment.SimpleTextSegmentData",
                "text": ""
            }
        }
    ],
    "_height_": {
        "type": "string",
        "value": "97%"
    },
    "_indicator_": "none",
    "_left_": {
        "type": "string",
        "value": "2%"
    },
    "_margin_": [
        0,
        0,
        0,
        0
    ],
    "_orientation_": 2,
    "_padding_": [
        0,
        0,
        0,
        0
    ],
    "_top_": {
        "type": "string",
        "value": "1%"
    },
    "_width_": {
        "type": "string",
        "value": "96%"
    },
    "autogrowmode": 0,
    "canUpdateUI": true,
    "containerweight": 100,
    "counter": "00",
    "focusedindex": null,
    "focuseditem": null,
    "groupcells": false,
    "hasSections": false,
    "id": "segTaskList",
    "info": null,
    "ipad": {
        "psp": {
            "indicator": "rowselect"
        }
    },
    "iphone": {
        "psp": {
            "indicator": "rowselect"
        }
    },
    "iscustomlayout": false,
    "isvisible": true,
    "kuid": "ac06c63a1e5d44238ec9c66c686a6028",
    "masterdata": {},
    "name": "kony.ui.SegmentedUI2",
    "needpageindicator": true,
    "pageoffdotimage": "pageoffdot.png",
    "pageondotimage": "pageondot.png",
    "paginationconfig": {
        "position": "bottom"
    },
    "parent": "parentFlex",
    "pf": "frmHome1",
    "retaincontentalignment": false,
    "retainflexpositionproperties": false,
    "retainselection": false,
    "rowTemplateId": "a79ce4455c3346ee87f82921fe6923bd",
    "rowcounter": 0,
    "rowfocusskin": "s1c2553cd3534364a9d73cc01ffc09a9",
    "rowskin": "s4b0467327f74486934a1faa04af98eb",
    "rowtemplate": "flxMain",
    "screenlevelwidget": false,
    "seccounter": 0,
    "sectionheaderskin": "s76a6c0adb2c4a13ae0b3e415c1d4ca3",
    "selectedRows": null,
    "selectedState": false,
    "selectedindex": null,
    "selectedindices": null,
    "selecteditems": null,
    "selectedsectionindex": 0,
    "selectionbehavior": "default",
    "separatorcolor": "575ee764",
    "separatorrequired": true,
    "separatorthickness": 1,
    "showscrollbars": false,
    "viewtype": "tableview",
    "vizProps": {},
    "wType": "Segment",
    "widgetalignment": 5,
    "widgetdatamap": {
        "flxMain": "flxMain",
        "lblScheduledTime": "lblScheduledTime",
        "lblTaskDescription": "lblTaskDescription",
        "lblTaskId": "lblTaskId"
    },
    "zindex": 3
}