{
    "DNDConfig": null,
    "_enabled_": false,
    "_height_": {
        "type": "string",
        "value": "84dp"
    },
    "_left_": {
        "type": "string",
        "value": "15dp"
    },
    "_margin_": [
        0,
        0,
        0,
        0
    ],
    "_padding_": [
        0,
        0,
        0,
        0
    ],
    "_render_": true,
    "_skin_": "s9f85ab1232b458787b13c6342f2e529",
    "_text_": "You cannot update the characteristics programatically. You must update data via Apple Health App. Please refer <a href = \"https://developer.apple.com/library/ios/documentation/HealthKit/Reference/HKCharacteristicType_Class/index.html\">documentation</a> for more information.",
    "_top_": {
        "type": "string",
        "value": "30dp"
    },
    "_width_": {
        "type": "string",
        "value": "92%"
    },
    "_wrapping_": 2,
    "android": {
        "@class": "com.kony.gen.viz.model.component.property.richtext.AndroidRichTextProperty",
        "render": true
    },
    "canUpdateUI": true,
    "containerweight": 100,
    "contentalignment": 4,
    "hexpand": true,
    "id": "richtext6850804342142",
    "info": null,
    "iphone": {
        "@class": "com.kony.gen.viz.model.component.property.richtext.IPhoneRichTextProperty",
        "_margin_": [
            0,
            0,
            0,
            0
        ],
        "_wrapping_": 2,
        "margin": [
            0,
            0,
            0,
            0
        ],
        "marginInPixel": false,
        "render": true,
        "wrapping": 2
    },
    "isvisible": true,
    "kuid": "p2kwiet140781533103",
    "margininpixel": false,
    "name": "kony.ui.RichText",
    "paddinginpixel": false,
    "parent": "characteristics",
    "pf": "characteristics",
    "spa": {
        "@class": "com.kony.gen.viz.model.component.property.richtext.SPARichTextProperty"
    },
    "spaan": {
        "@class": "com.kony.gen.viz.model.component.property.richtext.SPAAndroidRichTextProperty",
        "render": true
    },
    "spabb": {
        "@class": "com.kony.gen.viz.model.component.property.richtext.SPABBRichTextProperty",
        "render": false
    },
    "spaip": {
        "@class": "com.kony.gen.viz.model.component.property.richtext.SPAIPhoneRichTextProperty",
        "render": true
    },
    "spawinphone8": {
        "@class": "com.kony.gen.viz.model.component.property.richtext.SPAWinPhone8RichTextProperty",
        "render": true
    },
    "vexpand": false,
    "wType": "RichText",
    "widgetalignment": 5,
    "winphone8": {
        "@class": "com.kony.gen.viz.model.component.property.richtext.WinPhone8RichTextProperty",
        "_margin_": [
            0,
            0,
            0,
            0
        ],
        "margin": [
            0,
            0,
            0,
            0
        ],
        "marginInPixel": false,
        "psp": {
            "enableCache": false
        },
        "render": true
    },
    "zindex": 1
}