{
    "AS_Button_a8efd16b3bc9418eae93970fbde84c43": {
        "id": "AS_Button_a8efd16b3bc9418eae93970fbde84c43",
        "type": "ACTION_SEQUENCE",
        "params": [{
            "datatype": "collection",
            "name": "eventobject"
        }],
        "language": "js",
        "actions": [{
            "id": "NAVIGATE_TO_FORM__ide_onClick_cd835d17f6954cc180a2d6e6d5846e92",
            "type": "NAVIGATE_TO_FORM",
            "formId": "frmAppSettings",
            "formKUID": "h593df7d11ef4fe9914dbdc65aa8024b",
            "mappings": {},
            "mappingsOrder": [],
            "parentId": "",
            "callbackType": null,
            "enableMappingEditor": true,
            "package": "",
            "navigationObj": "{\n    \"_meta_\": {\n        \"eventName\": \"onClick\",\n        \"widgetId\": \"headerButtonLeft\"\n    }\n}",
            "isCustomInput": false
        }]
    }
}