{
  "android": {
    "font_name": "default"
  },
  "androidwearos": {
    "font_name": "default"
  },
  "background_color": "b5b5b6ff",
  "bg_type": "one",
  "border_color": "979797ff",
  "border_style": "plain",
  "border_type": 0,
  "border_width": 1,
  "desktopweb": {
    "font_name": "Helvetica"
  },
  "font_color": "000000ff",
  "font_name": "Helvetica",
  "font_size": 118,
  "font_style": "normal",
  "font_weight": "400",
  "ipad": {
    "font_name": "System",
    "isForked": true
  },
  "iphone": {
    "font_name": "System",
    "isForked": true
  },
  "isDefaultSkin": true,
  "kiosk": {
    "font_name": "None"
  },
  "kuid": "sa1ff6f50dde490698f0adb49183734d",
  "spaan": {
    "font_name": "Helvetica"
  },
  "spaandroidtablet": {
    "font_name": "Helvetica"
  },
  "spabb": {
    "font_name": "Helvetica"
  },
  "spaip": {
    "font_name": "Helvetica"
  },
  "spaipad": {
    "font_name": "Helvetica"
  },
  "spawindowstablet": {
    "font_name": "Helvetica"
  },
  "spawinphone8": {
    "font_name": "Helvetica"
  },
  "tabrcandroid": {
    "font_name": "default"
  },
  "wType": "Slider",
  "watchos": {
    "font_name": "System"
  },
  "windows8": {
    "font_name": "None"
  },
  "winphone8": {
    "font_name": "None"
  }
}