{
    "android": {
        "applicableblockedUIWidget": "Button",
        "background_gradient_bottom_color": "0e4573ff",
        "background_gradient_top_color": "094e82ff",
        "background_style": "vg",
        "bg_type": "two",
        "blockedimgURL": "",
        "border_color": "094e8200",
        "border_radius": 0,
        "border_style": "rc",
        "border_type": 0,
        "border_width": 1,
        "bottom_left_border_color": "000000ff",
        "bottom_left_border_radius": 10,
        "bottom_left_border_width": 0,
        "bottom_right_border_color": "000000ff",
        "bottom_right_border_radius": 10,
        "bottom_right_border_width": 0,
        "font_color": "ffffffff",
        "font_size": 100,
        "font_weight": "normal",
        "gridLineColor": "0000000",
        "id": "btnblue",
        "isForked": true,
        "psp": {},
        "shadow": {
            "br": 0,
            "color": "000000",
            "inner": false,
            "x": 0,
            "y": 0
        },
        "text_shadow": {
            "br": 0,
            "color": "000000",
            "x": 0,
            "y": 0
        },
        "top_left_border_color": "000000ff",
        "top_left_border_radius": 10,
        "top_left_border_width": 0,
        "top_right_border_color": "000000ff",
        "top_right_border_radius": 10,
        "top_right_border_width": 0,
        "use_native": "false",
        "vizChannel": "android",
        "wType": "Button"
    },
    "applicableblockedUIWidget": "Button",
    "background_gradient_bottom_color": "0e4573ff",
    "background_gradient_top_color": "094e82ff",
    "background_style": "vg",
    "bg_type": "two",
    "blockedimgURL": "",
    "border_color": "000000ff",
    "border_radius": 0,
    "border_style": "plain",
    "border_type": 0,
    "border_width": 0,
    "bottom_left_border_color": "000000ff",
    "bottom_left_border_radius": 10,
    "bottom_left_border_width": 0,
    "bottom_right_border_color": "000000ff",
    "bottom_right_border_radius": 10,
    "bottom_right_border_width": 0,
    "desktopweb": {
        "applicableblockedUIWidget": "Button",
        "backgroundSize": false,
        "background_color": "ffffff00",
        "background_style": "vg",
        "bg_type": "one",
        "blockedimgURL": "",
        "border_color": "000000ff",
        "border_radius": 0,
        "border_style": "plain",
        "border_type": 0,
        "border_width": 0,
        "bottom_left_border_color": "094e8200",
        "bottom_left_border_radius": 10,
        "bottom_left_border_style": "plain",
        "bottom_left_border_width": 0,
        "bottom_right_border_color": "094e8200",
        "bottom_right_border_radius": 10,
        "bottom_right_border_style": "plain",
        "bottom_right_border_width": 0,
        "font_color": "ffffffff",
        "font_size": 100,
        "font_weight": "normal",
        "gridLineColor": "0000000",
        "id": "btnblue",
        "isForked": true,
        "psp": {},
        "repeatImageHorizontally": false,
        "repeatImageVertically": false,
        "shadow": {
            "br": 0,
            "color": "000000",
            "inner": false,
            "x": 0,
            "y": 0
        },
        "text_shadow": {
            "br": 0,
            "color": "000000",
            "x": 0,
            "y": 0
        },
        "top_left_border_color": "094e8200",
        "top_left_border_radius": 10,
        "top_left_border_style": "plain",
        "top_left_border_width": 0,
        "top_right_border_color": "094e8200",
        "top_right_border_radius": 10,
        "top_right_border_style": "plain",
        "top_right_border_width": 0,
        "use_native": "false",
        "vizChannel": "desktopweb",
        "wType": "Button"
    },
    "font_color": "000000ff",
    "font_size": 100,
    "font_weight": "normal",
    "gridLineColor": "0000000",
    "id": "btnblue",
    "ipad": {
        "applicableblockedUIWidget": "Button",
        "background_gradient_bottom_color": "0e4573ff",
        "background_gradient_top_color": "094e82ff",
        "background_style": "vg",
        "bg_type": "two",
        "blockedimgURL": "",
        "border_color": "00000000",
        "border_radius": 0,
        "border_style": "rc",
        "border_type": 0,
        "border_width": 1,
        "bottom_left_border_color": "000000ff",
        "bottom_left_border_radius": 10,
        "bottom_left_border_width": 0,
        "bottom_right_border_color": "000000ff",
        "bottom_right_border_radius": 10,
        "bottom_right_border_width": 0,
        "font_color": "ffffffff",
        "font_size": 140,
        "font_weight": "normal",
        "gridLineColor": "0000000",
        "id": "btnblue",
        "isForked": true,
        "psp": {},
        "shadow": {
            "br": 0,
            "color": "000000",
            "inner": false,
            "x": 0,
            "y": 0
        },
        "text_shadow": {
            "br": 0,
            "color": "000000",
            "x": 0,
            "y": 0
        },
        "top_left_border_color": "000000ff",
        "top_left_border_radius": 10,
        "top_left_border_width": 0,
        "top_right_border_color": "000000ff",
        "top_right_border_radius": 10,
        "top_right_border_width": 0,
        "use_native": "false",
        "vizChannel": "ipad",
        "wType": "Button"
    },
    "iphone": {
        "applicableblockedUIWidget": "Button",
        "background_gradient_bottom_color": "0e4573ff",
        "background_gradient_top_color": "094e82ff",
        "background_style": "vg",
        "bg_type": "two",
        "blockedimgURL": "",
        "border_color": "00000000",
        "border_radius": 0,
        "border_style": "rc",
        "border_type": 0,
        "border_width": 1,
        "bottom_left_border_color": "000000ff",
        "bottom_left_border_radius": 10,
        "bottom_left_border_width": 0,
        "bottom_right_border_color": "000000ff",
        "bottom_right_border_radius": 10,
        "bottom_right_border_width": 0,
        "font_color": "ffffffff",
        "font_name": "HelveticaNeue-Bold",
        "font_size": 100,
        "font_weight": "bold",
        "gridLineColor": "0000000",
        "id": "btnblue",
        "isForked": true,
        "psp": {},
        "shadow": {
            "br": 0,
            "color": "094e82",
            "inner": false,
            "x": 0,
            "y": 0
        },
        "text_shadow": {
            "br": 0,
            "color": "000000",
            "x": 0,
            "y": 0
        },
        "top_left_border_color": "000000ff",
        "top_left_border_radius": 10,
        "top_left_border_width": 0,
        "top_right_border_color": "000000ff",
        "top_right_border_radius": 10,
        "top_right_border_width": 0,
        "use_native": "false",
        "vizChannel": "iphone",
        "wType": "Button"
    },
    "isForked": false,
    "kuid": "seea693d009f42209e36d54281b0b680",
    "shadow": {
        "br": 0,
        "color": "000000",
        "inner": false,
        "x": 0,
        "y": 0
    },
    "spaan": {
        "applicableblockedUIWidget": "Button",
        "backgroundSize": false,
        "background_gradient_bottom_color": "0e4573ff",
        "background_gradient_top_color": "094e82ff",
        "background_style": "vg",
        "bg_type": "two",
        "blockedimgURL": "",
        "border_color": "000000ff",
        "border_radius": 0,
        "border_style": "plain",
        "border_type": 0,
        "border_width": 0,
        "bottom_left_border_color": "000000ff",
        "bottom_left_border_radius": 10,
        "bottom_left_border_style": "rc",
        "bottom_left_border_width": 0,
        "bottom_right_border_color": "000000ff",
        "bottom_right_border_radius": 10,
        "bottom_right_border_style": "rc",
        "bottom_right_border_width": 0,
        "enableRetinaImage": false,
        "font_color": "ffffffff",
        "font_size": 100,
        "font_weight": "bold",
        "gridLineColor": "0000000",
        "id": "btnblue",
        "isForked": true,
        "psp": {},
        "repeatImageHorizontally": false,
        "repeatImageVertically": false,
        "shadow": {
            "br": 0,
            "color": "000000",
            "inner": false,
            "x": 0,
            "y": 0
        },
        "text_shadow": {
            "br": 0,
            "color": "000000",
            "x": 0,
            "y": 0
        },
        "top_left_border_color": "000000ff",
        "top_left_border_radius": 10,
        "top_left_border_style": "rc",
        "top_left_border_width": 0,
        "top_right_border_color": "000000ff",
        "top_right_border_radius": 10,
        "top_right_border_style": "rc",
        "top_right_border_width": 0,
        "use_native": "false",
        "vizChannel": "spaan",
        "wType": "Button"
    },
    "spaandroidtablet": {
        "applicableblockedUIWidget": "Button",
        "backgroundSize": false,
        "background_gradient_bottom_color": "0e4573ff",
        "background_gradient_top_color": "094e82ff",
        "background_style": "vg",
        "bg_type": "two",
        "blockedimgURL": "",
        "border_color": "000000ff",
        "border_radius": 0,
        "border_style": "plain",
        "border_type": 0,
        "border_width": 0,
        "bottom_left_border_color": "000000ff",
        "bottom_left_border_radius": 10,
        "bottom_left_border_style": "rc",
        "bottom_left_border_width": 0,
        "bottom_right_border_color": "000000ff",
        "bottom_right_border_radius": 10,
        "bottom_right_border_style": "rc",
        "bottom_right_border_width": 0,
        "font_color": "ffffffff",
        "font_size": 100,
        "font_weight": "bold",
        "gridLineColor": "0000000",
        "id": "btnblue",
        "isForked": true,
        "psp": {},
        "repeatImageHorizontally": false,
        "repeatImageVertically": false,
        "shadow": {
            "br": 0,
            "color": "000000",
            "inner": false,
            "x": 0,
            "y": 0
        },
        "text_shadow": {
            "br": 0,
            "color": "000000",
            "x": 0,
            "y": 0
        },
        "top_left_border_color": "000000ff",
        "top_left_border_radius": 10,
        "top_left_border_style": "rc",
        "top_left_border_width": 0,
        "top_right_border_color": "000000ff",
        "top_right_border_radius": 10,
        "top_right_border_style": "rc",
        "top_right_border_width": 0,
        "use_native": "false",
        "vizChannel": "spaandroidtablet",
        "wType": "Button"
    },
    "spabb": {
        "applicableblockedUIWidget": "Button",
        "background_gradient_bottom_color": "0e4573ff",
        "background_gradient_top_color": "094e82ff",
        "background_style": "vg",
        "bg_type": "two",
        "blockedimgURL": "",
        "border_color": "000000ff",
        "border_radius": 0,
        "border_style": "plain",
        "border_type": 0,
        "border_width": 0,
        "bottom_left_border_color": "000000ff",
        "bottom_left_border_radius": 10,
        "bottom_left_border_style": "rc",
        "bottom_left_border_width": 1,
        "bottom_right_border_color": "000000ff",
        "bottom_right_border_radius": 10,
        "bottom_right_border_style": "rc",
        "bottom_right_border_width": 1,
        "font_color": "ffffffff",
        "font_size": 100,
        "font_weight": "normal",
        "gridLineColor": "0000000",
        "id": "btnblue",
        "isForked": true,
        "psp": {},
        "shadow": {
            "br": 0,
            "color": "000000",
            "inner": false,
            "x": 0,
            "y": 0
        },
        "text_shadow": {
            "br": 0,
            "color": "000000",
            "x": 0,
            "y": 0
        },
        "top_left_border_color": "000000ff",
        "top_left_border_radius": 10,
        "top_left_border_style": "rc",
        "top_left_border_width": 1,
        "top_right_border_color": "000000ff",
        "top_right_border_radius": 10,
        "top_right_border_style": "rc",
        "top_right_border_width": 1,
        "use_native": "false",
        "vizChannel": "spabb",
        "wType": "Button"
    },
    "spaip": {
        "applicableblockedUIWidget": "Button",
        "backgroundSize": false,
        "background_gradient_bottom_color": "0e4573ff",
        "background_gradient_top_color": "094e82ff",
        "background_style": "vg",
        "bg_type": "two",
        "blockedimgURL": "",
        "border_color": "000000ff",
        "border_radius": 0,
        "border_style": "plain",
        "border_type": 0,
        "border_width": 0,
        "bottom_left_border_color": "000000ff",
        "bottom_left_border_radius": 10,
        "bottom_left_border_style": "rc",
        "bottom_left_border_width": 0,
        "bottom_right_border_color": "000000ff",
        "bottom_right_border_radius": 10,
        "bottom_right_border_style": "rc",
        "bottom_right_border_width": 0,
        "enableRetinaImage": false,
        "font_color": "ffffffff",
        "font_size": 100,
        "font_weight": "bold",
        "gridLineColor": "0000000",
        "id": "btnblue",
        "isForked": true,
        "psp": {},
        "repeatImageHorizontally": false,
        "repeatImageVertically": false,
        "repeatRetinaImage": false,
        "shadow": {
            "br": 0,
            "color": "000000",
            "inner": false,
            "x": 0,
            "y": 0
        },
        "text_shadow": {
            "br": 0,
            "color": "000000",
            "x": 0,
            "y": 0
        },
        "top_left_border_color": "000000ff",
        "top_left_border_radius": 10,
        "top_left_border_style": "rc",
        "top_left_border_width": 0,
        "top_right_border_color": "000000ff",
        "top_right_border_radius": 10,
        "top_right_border_style": "rc",
        "top_right_border_width": 0,
        "use_native": "false",
        "vizChannel": "spaip",
        "wType": "Button"
    },
    "spaipad": {
        "applicableblockedUIWidget": "Button",
        "backgroundSize": false,
        "background_gradient_bottom_color": "0e4573ff",
        "background_gradient_top_color": "094e82ff",
        "background_style": "vg",
        "bg_type": "two",
        "blockedimgURL": "",
        "border_color": "000000ff",
        "border_radius": 0,
        "border_style": "plain",
        "border_type": 0,
        "border_width": 0,
        "bottom_left_border_color": "000000ff",
        "bottom_left_border_radius": 10,
        "bottom_left_border_style": "rc",
        "bottom_left_border_width": 0,
        "bottom_right_border_color": "000000ff",
        "bottom_right_border_radius": 10,
        "bottom_right_border_style": "rc",
        "bottom_right_border_width": 0,
        "enableRetinaImage": false,
        "font_color": "ffffffff",
        "font_size": 100,
        "font_weight": "bold",
        "gridLineColor": "0000000",
        "id": "btnblue",
        "isForked": true,
        "psp": {},
        "repeatImageHorizontally": false,
        "repeatImageVertically": false,
        "repeatRetinaImage": false,
        "shadow": {
            "br": 0,
            "color": "000000",
            "inner": false,
            "x": 0,
            "y": 0
        },
        "text_shadow": {
            "br": 0,
            "color": "000000",
            "x": 0,
            "y": 0
        },
        "top_left_border_color": "000000ff",
        "top_left_border_radius": 10,
        "top_left_border_style": "rc",
        "top_left_border_width": 0,
        "top_right_border_color": "000000ff",
        "top_right_border_radius": 10,
        "top_right_border_style": "rc",
        "top_right_border_width": 0,
        "use_native": "false",
        "vizChannel": "spaipad",
        "wType": "Button"
    },
    "tabrcandroid": {
        "applicableblockedUIWidget": "Button",
        "background_gradient_bottom_color": "0e4573ff",
        "background_gradient_top_color": "094e82ff",
        "background_style": "vg",
        "bg_type": "two",
        "blockedimgURL": "",
        "border_color": "094e8200",
        "border_radius": 0,
        "border_style": "rc",
        "border_type": 0,
        "border_width": 1,
        "bottom_left_border_color": "000000ff",
        "bottom_left_border_radius": 10,
        "bottom_left_border_width": 0,
        "bottom_right_border_color": "000000ff",
        "bottom_right_border_radius": 10,
        "bottom_right_border_width": 0,
        "font_color": "ffffffff",
        "font_size": 100,
        "font_weight": "normal",
        "gridLineColor": "0000000",
        "id": "btnblue",
        "isForked": true,
        "psp": {},
        "shadow": {
            "br": 0,
            "color": "000000",
            "inner": false,
            "x": 0,
            "y": 0
        },
        "text_shadow": {
            "br": 0,
            "color": "000000",
            "x": 0,
            "y": 0
        },
        "top_left_border_color": "000000ff",
        "top_left_border_radius": 10,
        "top_left_border_width": 0,
        "top_right_border_color": "000000ff",
        "top_right_border_radius": 10,
        "top_right_border_width": 0,
        "use_native": "false",
        "vizChannel": "tabrcandroid",
        "wType": "Button"
    },
    "text_shadow": {
        "br": 0,
        "color": "000000",
        "x": 0,
        "y": 0
    },
    "top_left_border_color": "000000ff",
    "top_left_border_radius": 10,
    "top_left_border_width": 0,
    "top_right_border_color": "000000ff",
    "top_right_border_radius": 10,
    "top_right_border_width": 0,
    "use_native": "false",
    "vizChannel": "default",
    "wType": "Button",
    "winphone8": {
        "applicableblockedUIWidget": "Button",
        "background_color": "ffffff00",
        "background_style": "vg",
        "bg_type": "one",
        "blockedimgURL": "",
        "border_color": "f15e21ff",
        "border_radius": 0,
        "border_style": "plain",
        "border_type": 0,
        "border_width": 3,
        "bottom_left_border_color": "000000ff",
        "bottom_left_border_radius": 10,
        "bottom_left_border_width": 0,
        "bottom_right_border_color": "000000ff",
        "bottom_right_border_radius": 10,
        "bottom_right_border_width": 0,
        "font_color": "000000ff",
        "font_size": 100,
        "font_weight": "bold",
        "gridLineColor": "0000000",
        "id": "btnblue",
        "isForked": true,
        "psp": {},
        "shadow": {
            "br": 0,
            "color": "000000",
            "inner": false,
            "x": 0,
            "y": 0
        },
        "text_shadow": {
            "br": 0,
            "color": "000000",
            "x": 0,
            "y": 0
        },
        "top_left_border_color": "000000ff",
        "top_left_border_radius": 10,
        "top_left_border_width": 0,
        "top_right_border_color": "000000ff",
        "top_right_border_radius": 10,
        "top_right_border_width": 0,
        "use_native": "false",
        "vizChannel": "winphone8",
        "wType": "Button"
    }
}