{
    "applicableblockedUIWidget": "Button",
    "background_color": "242424ff",
    "background_style": "vg",
    "bg_type": "one",
    "blockedimgURL": "",
    "border_color": "242424ff",
    "border_radius": 0,
    "border_style": "rc",
    "border_type": 0,
    "border_width": 1,
    "bottom_left_border_color": "000000ff",
    "bottom_left_border_radius": 10,
    "bottom_left_border_width": 0,
    "bottom_right_border_color": "000000ff",
    "bottom_right_border_radius": 10,
    "bottom_right_border_width": 0,
    "font_color": "a1a1a1ff",
    "font_size": 100,
    "font_weight": "bold",
    "gridLineColor": "0000000",
    "id": "lblBlack",
    "ipad": {
        "applicableblockedUIWidget": "Button",
        "background_color": "242424ff",
        "background_style": "vg",
        "bg_type": "one",
        "blockedimgURL": "",
        "border_color": "242424ff",
        "border_radius": 0,
        "border_style": "rc",
        "border_type": 0,
        "border_width": 1,
        "bottom_left_border_color": "000000ff",
        "bottom_left_border_radius": 10,
        "bottom_left_border_width": 0,
        "bottom_right_border_color": "000000ff",
        "bottom_right_border_radius": 10,
        "bottom_right_border_width": 0,
        "font_color": "a1a1a1ff",
        "font_size": 180,
        "font_weight": "bold",
        "gridLineColor": "0000000",
        "id": "lblBlack",
        "isForked": true,
        "psp": {},
        "shadow": {
            "br": 0,
            "color": "000000",
            "inner": false,
            "x": 0,
            "y": 0
        },
        "text_shadow": {
            "br": 0,
            "color": "000000",
            "x": 0,
            "y": 0
        },
        "top_left_border_color": "000000ff",
        "top_left_border_radius": 10,
        "top_left_border_width": 0,
        "top_right_border_color": "000000ff",
        "top_right_border_radius": 10,
        "top_right_border_width": 0,
        "use_native": "false",
        "vizChannel": "ipad",
        "wType": "Label"
    },
    "isForked": false,
    "kuid": "s7150e7d6301440da9b41759aa0625ef",
    "shadow": {
        "br": 0,
        "color": "000000",
        "inner": false,
        "x": 0,
        "y": 0
    },
    "text_shadow": {
        "br": 0,
        "color": "000000",
        "x": 0,
        "y": 0
    },
    "top_left_border_color": "000000ff",
    "top_left_border_radius": 10,
    "top_left_border_width": 0,
    "top_right_border_color": "000000ff",
    "top_right_border_radius": 10,
    "top_right_border_width": 0,
    "use_native": "false",
    "vizChannel": "default",
    "wType": "Label",
    "windows8": {
        "applicableblockedUIWidget": "Button",
        "background_color": "242424ff",
        "background_style": "vg",
        "bg_type": "one",
        "blockedimgURL": "",
        "border_color": "242424ff",
        "border_radius": 0,
        "border_style": "plain",
        "border_type": 0,
        "border_width": 1,
        "bottom_left_border_color": "000000ff",
        "bottom_left_border_radius": 10,
        "bottom_left_border_width": 0,
        "bottom_right_border_color": "000000ff",
        "bottom_right_border_radius": 10,
        "bottom_right_border_width": 0,
        "font_color": "a1a1a1ff",
        "font_size": 100,
        "font_weight": "bold",
        "gridLineColor": "0000000",
        "id": "lblBlack",
        "isForked": true,
        "psp": {},
        "shadow": {
            "br": 0,
            "color": "000000",
            "inner": false,
            "x": 0,
            "y": 0
        },
        "text_shadow": {
            "br": 0,
            "color": "000000",
            "x": 0,
            "y": 0
        },
        "top_left_border_color": "000000ff",
        "top_left_border_radius": 10,
        "top_left_border_width": 0,
        "top_right_border_color": "000000ff",
        "top_right_border_radius": 10,
        "top_right_border_width": 0,
        "use_native": "false",
        "vizChannel": "windows8",
        "wType": "Label"
    },
    "winphone8": {
        "applicableblockedUIWidget": "Button",
        "background_color": "242424ff",
        "background_style": "vg",
        "bg_type": "one",
        "blockedimgURL": "",
        "border_color": "242424ff",
        "border_radius": 0,
        "border_style": "rc",
        "border_type": 0,
        "border_width": 1,
        "bottom_left_border_color": "000000ff",
        "bottom_left_border_radius": 10,
        "bottom_left_border_width": 0,
        "bottom_right_border_color": "000000ff",
        "bottom_right_border_radius": 10,
        "bottom_right_border_width": 0,
        "font_color": "a1a1a1ff",
        "font_size": 100,
        "font_weight": "bold",
        "gridLineColor": "0000000",
        "id": "lblBlack",
        "isForked": true,
        "psp": {},
        "shadow": {
            "br": 0,
            "color": "000000",
            "inner": false,
            "x": 0,
            "y": 0
        },
        "text_shadow": {
            "br": 0,
            "color": "000000",
            "x": 0,
            "y": 0
        },
        "top_left_border_color": "000000ff",
        "top_left_border_radius": 10,
        "top_left_border_width": 0,
        "top_right_border_color": "000000ff",
        "top_right_border_radius": 10,
        "top_right_border_width": 0,
        "use_native": "false",
        "vizChannel": "winphone8",
        "wType": "Label"
    }
}