{
    "DNDConfig": null,
    "__parentReadjusting__": false,
    "_height_": {
        "type": "string",
        "value": "10%"
    },
    "_left_": {
        "type": "string",
        "value": "0%"
    },
    "_margin_": [
        0,
        0,
        0,
        0
    ],
    "_orientation_": 6,
    "_padding_": [
        0,
        0,
        0,
        0
    ],
    "_percent_": true,
    "_skin_": "s0fd5959120c4039a647d3649a506477",
    "_top_": {
        "type": "string",
        "value": "0%"
    },
    "_width_": {
        "type": "string",
        "value": "100%"
    },
    "allboxes": [],
    "autogrowmode": 0,
    "canUpdateUI": true,
    "children": [
        "lblAccordian2",
        "btnAccordian2",
        "lblStrip1",
        "imgMail",
        "btnMail"
    ],
    "clipbounds": true,
    "containerweight": 100,
    "enablescrolling": true,
    "id": "flexAcc2",
    "ide_onClick": "AS_FlexContainer_c048300a3ec34ffd93bc4493926ec85e",
    "info": null,
    "isvisible": true,
    "kuid": "u1cedb2be9a34051aa2c9eadac3af2a5",
    "layouttype": 2,
    "name": "kony.ui.FlexContainer",
    "parent": "flxFullScreen",
    "pf": "userwidgetmodel",
    "snapgridsize": 10,
    "snaptogrid": true,
    "wType": "FlexContainer",
    "widgetalignment": 1,
    "zindex": 1
}