{
    "DNDConfig": null,
    "__parentReadjusting__": false,
    "_height_": {
        "type": "string",
        "value": "50dp"
    },
    "_left_": {
        "type": "string",
        "value": "1%"
    },
    "_margin_": [
        0,
        0,
        0,
        0
    ],
    "_orientation_": 6,
    "_padding_": [
        0,
        0,
        0,
        0
    ],
    "_percent_": true,
    "_skin_": "s1d373ed442e46d3835c1dc092b2ef30",
    "_width_": {
        "type": "string",
        "value": "50dp"
    },
    "allboxes": [],
    "autogrowmode": 0,
    "canUpdateUI": true,
    "centery": {
        "type": "string",
        "value": "50%"
    },
    "children": [
        "btnBack"
    ],
    "clipbounds": true,
    "containerweight": 100,
    "enablescrolling": true,
    "focusskin": "s674c97a01764e30bea31a3750ec812a",
    "id": "flexClickBack",
    "ide_onClick": "AS_FlexContainer_eb36dc9d1d454a4db5a8ee39a0e85b9b",
    "info": null,
    "isvisible": false,
    "kuid": "c76901f3e6004b6b93c953cfd52967e0",
    "layouttype": 2,
    "name": "kony.ui.FlexContainer",
    "parent": "flxHeadingBar",
    "pf": "userwidgetmodel",
    "snapgridsize": 10,
    "snaptogrid": true,
    "wType": "FlexContainer",
    "widgetalignment": 1,
    "zindex": 1
}