{
    "DNDConfig": null,
    "__parentReadjusting__": false,
    "_height_": {
        "type": "ref",
        "value": "preferred"
    },
    "_left_": {
        "type": "string",
        "value": "0%"
    },
    "_margin_": [
        0,
        0,
        0,
        0
    ],
    "_orientation_": 6,
    "_padding_": [
        0,
        0,
        0,
        0
    ],
    "_percent_": true,
    "_skin_": "sb35a118501b4583b8aa927f1b4b1c49",
    "_top_": {
        "type": "string",
        "value": "0%"
    },
    "_width_": {
        "type": "string",
        "value": "100%"
    },
    "allboxes": [],
    "allowhorizontalbounce": false,
    "allowverticalbounce": true,
    "bounces": true,
    "canUpdateUI": true,
    "children": [
        "rchDesc1"
    ],
    "clipbounds": true,
    "containerweight": 100,
    "decelerat": false,
    "dragg": false,
    "enablescrolling": true,
    "horizontalscrollindicator": true,
    "id": "flexScrollDesc1",
    "info": null,
    "isvisible": true,
    "kuid": "b516d0b641cc44d8b4309e66055856bb",
    "layouttype": 4,
    "maxheight": {
        "type": "string",
        "value": "70%"
    },
    "minheight": {
        "type": "string",
        "value": "70%"
    },
    "name": "kony.ui.FlexScrollContainer",
    "pagingenabled": false,
    "parent": "flxFullScreen",
    "pf": "userwidgetmodel",
    "scrolldirection": 2,
    "snapgridsize": 10,
    "snaptogrid": true,
    "track": false,
    "verticalscrollindicator": true,
    "wType": "FlexScrollContainer",
    "widgetalignment": 1,
    "zindex": 1
}