{
    "@class": "com.kony.gen.viz.model.component.KVizRichText",
    "DNDConfig": null,
    "__parentReadjusting__": false,
    "_height_": {
        "type": "ref",
        "value": "preferred"
    },
    "_left_": {
        "type": "string",
        "value": "0.93%"
    },
    "_margin_": [
        0,
        0,
        0,
        0
    ],
    "_padding_": [
        4,
        0,
        0,
        0
    ],
    "_skin_": "s71196caa86d4a2da8d0afa7df9c5c2e",
    "_text_": "www.docs.kony.com",
    "_top_": {
        "type": "string",
        "value": "12.01%"
    },
    "_width_": {
        "type": "string",
        "value": "97.33%"
    },
    "_wrapping_": 2,
    "canUpdateUI": true,
    "containerweight": 100,
    "contentalignment": 4,
    "id": "rchDesc3",
    "info": null,
    "isvisible": true,
    "kuid": "j68d5d02211745809c32b62b3015d15b",
    "linkskin": "s4b2b16a3a2a49dba2d876ee8d080da8",
    "name": "kony.ui.RichText",
    "parent": "flexScrollDesc3",
    "pf": "userwidgetmodel",
    "wType": "RichText",
    "widgetalignment": 5,
    "zindex": 1
}