{
    "@class": "com.kony.gen.viz.model.container.KVizSegment2",
    "DNDConfig": null,
    "__parentReadjusting__": false,
    "_data_": [
        {},
        {},
        {}
    ],
    "_height_": {
        "type": "string",
        "value": "100%"
    },
    "_indicator_": "none",
    "_left_": {
        "type": "string",
        "value": "0%"
    },
    "_margin_": [
        0,
        0,
        0,
        0
    ],
    "_orientation_": 2,
    "_padding_": [
        0,
        0,
        0,
        0
    ],
    "_top_": {
        "type": "string",
        "value": "0%"
    },
    "_width_": {
        "type": "string",
        "value": "100%"
    },
    "autogrowmode": 0,
    "canUpdateUI": true,
    "containerweight": 100,
    "counter": "02",
    "focusedindex": null,
    "focuseditem": null,
    "groupcells": false,
    "hasSections": false,
    "id": "sgmtAPI",
    "ide_onRowClick": "AS_Segment_d3e09723a5254b45ac9431b7e4bdbb06",
    "info": null,
    "ipad": {
        "psp": {
            "indicator": "rowselect"
        }
    },
    "iphone": {
        "psp": {
            "indicator": "none"
        }
    },
    "isvisible": true,
    "kuid": "ff8d25a8d8cf434ea091ea4515aa21b1",
    "masterdata": {},
    "mobile": {
        "_data_": [
            {
                "imgLeftAPI": {
                    "@class": "com.viz.ide.model.segment.ImageSegmentData",
                    "src": "imagedrag.png"
                },
                "lblDummy": {
                    "@class": "com.viz.ide.model.segment.SimpleTextSegmentData",
                    "text": ""
                },
                "lblNameOfAPI": {
                    "@class": "com.viz.ide.model.segment.SimpleTextSegmentData",
                    "text": "Label"
                }
            },
            {
                "imgLeftAPI": {
                    "@class": "com.viz.ide.model.segment.ImageSegmentData",
                    "src": "imagedrag.png"
                },
                "lblDummy": {
                    "@class": "com.viz.ide.model.segment.SimpleTextSegmentData",
                    "text": ""
                },
                "lblNameOfAPI": {
                    "@class": "com.viz.ide.model.segment.SimpleTextSegmentData",
                    "text": "Label"
                }
            },
            {
                "imgLeftAPI": {
                    "@class": "com.viz.ide.model.segment.ImageSegmentData",
                    "src": "imagedrag.png"
                },
                "lblDummy": {
                    "@class": "com.viz.ide.model.segment.SimpleTextSegmentData",
                    "text": ""
                },
                "lblNameOfAPI": {
                    "@class": "com.viz.ide.model.segment.SimpleTextSegmentData",
                    "text": "Label"
                }
            }
        ],
        "rowTemplateId": "e86bf29cbbcd4a1bb29f2854b76a11cd",
        "rowtemplate": "flexAPIs",
        "widgetdatamap": {
            "flexAPIs": "flexAPIs",
            "flexFreeAPI": "flexFreeAPI",
            "imgLeftAPI": "imgLeftAPI",
            "lblDummy": "lblDummy",
            "lblNameOfAPI": "lblNameOfAPI"
        }
    },
    "name": "kony.ui.SegmentedUI2",
    "needpageindicator": true,
    "pageoffdotimage": "pageoffdot.png",
    "pageondotimage": "pageondot.png",
    "paginationconfig": {
        "position": "bottom"
    },
    "parent": "flxSegData",
    "pf": "userwidgetmodel",
    "retainselection": false,
    "rowcounter": 2,
    "rowfocusskin": "sc32c06916c647298b49a404c650b006",
    "rowskin": "sf01d72c87d745cfae7b9a0ce47114cf",
    "rowtemplate": "flexAPIs",
    "screenlevelwidget": false,
    "seccounter": 0,
    "sectionheaderskin": "s8542d6bf0de404cb7fc68f84c07db20",
    "selectedRows": null,
    "selectedState": false,
    "selectedindex": null,
    "selectedindices": null,
    "selecteditems": null,
    "selectedsectionindex": 0,
    "selectionbehavior": "default",
    "separatorcolor": "ffffff00",
    "separatorrequired": false,
    "separatorthickness": 1,
    "showscrollbars": false,
    "viewtype": "tableview",
    "wType": "Segment",
    "widgetalignment": 5,
    "widgetdatamap": {
        "flexAPIs": "flexAPIs",
        "flexFreeAPI": "flexFreeAPI",
        "imgLeftAPI": "imgLeftAPI",
        "lblDummy": "lblDummy",
        "lblNameOfAPI": "lblNameOfAPI"
    },
    "zindex": 1
}