{
    "@class": "com.kony.gen.viz.model.component.KVizButton",
    "DNDConfig": null,
    "__parentReadjusting__": false,
    "_height_": {
        "type": "string",
        "value": "100%"
    },
    "_left_": {
        "type": "string",
        "value": "0dp"
    },
    "_margin_": [
        6,
        6,
        6,
        6
    ],
    "_padding_": [
        27,
        0,
        0,
        0
    ],
    "_skin_": "s8f2a5650c404528ad9d5ce068a7bc45",
    "_text_": "Back",
    "_top_": {
        "type": "string",
        "value": "0dp"
    },
    "_width_": {
        "type": "string",
        "value": "74dp"
    },
    "android": {
        "displayText": false
    },
    "canUpdateUI": true,
    "containerweight": 100,
    "contentalignment": 4,
    "displaytext": true,
    "focusskin": "s0696c3010af4a22814c5ede15ab175c",
    "id": "headerButtonLeft",
    "ide_onClick": "AS_Button_b352d962feb54c5899ab29ab87b36b0e",
    "info": null,
    "iphone": {
        "padding": [
            27,
            0,
            0,
            0
        ],
        "paddingInPixel": true
    },
    "isvisible": true,
    "kuid": "dbbabf08ea4a4ccbb338c47a6c7ea1da",
    "masterType": 1,
    "name": "kony.ui.Button",
    "onclick": "AS_Button_b352d962feb54c5899ab29ab87b36b0e",
    "paddingLocked": false,
    "paddinginpixel": false,
    "parent": "headerContainer08",
    "pf": "frmPolygon",
    "wType": "Button",
    "zindex": 1
}