{
    "@class": "com.kony.gen.viz.model.component.KVizRadio",
    "DNDConfig": null,
    "__parentReadjusting__": false,
    "_height_": {
        "type": "string",
        "value": "45%"
    },
    "_left_": {
        "type": "string",
        "value": "60dp"
    },
    "_margin_": [
        0,
        0,
        0,
        0
    ],
    "_padding_": [
        0,
        0,
        0,
        0
    ],
    "_skin_": "sc0dff13902e43c2a984d86600179cc1",
    "_top_": {
        "type": "string",
        "value": "20dp"
    },
    "_width_": {
        "type": "string",
        "value": "95%"
    },
    "android": {
        "psp": {
            "viewType": 0
        }
    },
    "canUpdateUI": true,
    "centerx": {
        "type": "string",
        "value": "50%"
    },
    "centery": {
        "type": "string",
        "value": "50%"
    },
    "containerweight": 100,
    "groupcells": false,
    "id": "rbtn",
    "ide_onSelection": "AS_RadioButtonGroup_a8ae610b8db74311b25e56c7e1d3ffdf",
    "info": null,
    "ipad": {
        "psp": {
            "viewType": 0
        }
    },
    "iphone": {
        "psp": {
            "viewType": 0
        }
    },
    "iscustomlayout": false,
    "isvisible": true,
    "itemorientation": "horizontal",
    "kuid": "a3b35e03be7a4c829efb2949945dcad1",
    "masterdata": [
        [
            "pen",
            "Pennsylvania"
        ],
        [
            "ind",
            "Indiana"
        ]
    ],
    "name": "kony.ui.RadioButtonGroup",
    "onselection": "AS_RadioButtonGroup_a8ae610b8db74311b25e56c7e1d3ffdf",
    "paddinginpixel": false,
    "parent": "flxbottom",
    "pf": "frmPolygon",
    "retaincontentalignment": false,
    "retainflexpositionproperties": false,
    "selectedkey": "pen",
    "selectedkeyvalue": [
        "pen",
        "Pennsylvania"
    ],
    "size": 18,
    "tickedimage": "radioblue.png",
    "untickedimage": "radiogrey.png",
    "viewconfig": {
        "toggleViewConfig": {
            "viewStyle": 0
        }
    },
    "viewtype": 0,
    "wType": "RadioButtonGroup",
    "widgetalignment": 5,
    "zindex": 1
}