{
    "@class": "com.kony.gen.viz.model.component.KVizButton",
    "DNDConfig": null,
    "__parentReadjusting__": false,
    "_height_": {
        "type": "string",
        "value": "50dp"
    },
    "_left_": {
        "type": "string",
        "value": "40dp"
    },
    "_margin_": [
        6,
        6,
        6,
        6
    ],
    "_padding_": [
        0,
        0,
        0,
        0
    ],
    "_skin_": "s7af8cf08b5947229d3e9faeef525f7b",
    "_text_": "Get Current Memory Usage",
    "_top_": {
        "type": "string",
        "value": "597dp"
    },
    "_width_": {
        "type": "string",
        "value": "300dp"
    },
    "canUpdateUI": true,
    "centerx": {
        "type": "string",
        "value": "50%"
    },
    "containerweight": 100,
    "contentalignment": 5,
    "displaytext": true,
    "focusskin": "sad439dabbc6451499832d6b76866fbf",
    "id": "btnGetCurrentMemory",
    "info": null,
    "iscustomlayout": false,
    "isvisible": true,
    "kuid": "e47fdebd32b54b8798cc5a1e36b2ac9e",
    "name": "kony.ui.Button",
    "onclick": "AS_Button_ef487e76a63845babbe970f0dbcccaf4",
    "parent": "flxBody",
    "pf": "Form1",
    "retaincontentalignment": false,
    "retainflexpositionproperties": false,
    "wType": "Button",
    "zindex": 1
}