{
    "@class": "com.kony.gen.viz.model.component.KVizButton",
    "DNDConfig": null,
    "__parentReadjusting__": false,
    "_height_": {
        "type": "string",
        "value": "50dp"
    },
    "_left_": {
        "type": "string",
        "value": "40dp"
    },
    "_margin_": [
        6,
        6,
        6,
        6
    ],
    "_padding_": [
        0,
        0,
        0,
        0
    ],
    "_skin_": "saa4ca0b3453472fa3d7ab18b7adb1c2",
    "_text_": "Get Current Disk Usage",
    "_top_": {
        "type": "string",
        "value": "527dp"
    },
    "_width_": {
        "type": "string",
        "value": "300dp"
    },
    "canUpdateUI": true,
    "centerx": {
        "type": "string",
        "value": "50.00%"
    },
    "containerweight": 100,
    "contentalignment": 5,
    "displaytext": true,
    "focusskin": "sad439dabbc6451499832d6b76866fbf",
    "id": "btnGetCurrentDisk",
    "info": null,
    "iscustomlayout": false,
    "isvisible": true,
    "kuid": "add3bc81765548efa3a948517efb6340",
    "name": "kony.ui.Button",
    "onclick": "AS_Button_j040cfa6ba07448c8bb474295ac0a43a",
    "parent": "flxBody",
    "pf": "Form1",
    "retaincontentalignment": false,
    "retainflexpositionproperties": false,
    "wType": "Button",
    "zindex": 1
}