{
    "@class": "com.kony.gen.viz.model.component.KVizButton",
    "DNDConfig": null,
    "__parentReadjusting__": false,
    "_height_": {
        "type": "string",
        "value": "50dp"
    },
    "_left_": {
        "type": "string",
        "value": "40dp"
    },
    "_margin_": [
        6,
        6,
        6,
        6
    ],
    "_padding_": [
        0,
        0,
        0,
        0
    ],
    "_skin_": "se90c27151d1489fa8f77b8428864a32",
    "_text_": "Get Memory Capacity",
    "_top_": {
        "type": "string",
        "value": "393dp"
    },
    "_width_": {
        "type": "string",
        "value": "300dp"
    },
    "canUpdateUI": true,
    "centerx": {
        "type": "string",
        "value": "50.03%"
    },
    "containerweight": 100,
    "contentalignment": 5,
    "displaytext": true,
    "focusskin": "sad439dabbc6451499832d6b76866fbf",
    "id": "btnGetMemory",
    "info": null,
    "iscustomlayout": false,
    "isvisible": true,
    "kuid": "gf35992215d7445984f1ba84d6b7a3e8",
    "name": "kony.ui.Button",
    "onclick": "AS_Button_baf0a7505f9a44e8948c8b0fbf9851ae",
    "parent": "flxBody",
    "pf": "Form1",
    "retaincontentalignment": false,
    "retainflexpositionproperties": false,
    "wType": "Button",
    "zindex": 1
}