{
    "@class": "com.kony.gen.viz.model.component.KVizButton",
    "DNDConfig": null,
    "__parentReadjusting__": false,
    "_height_": {
        "type": "string",
        "value": "50dp"
    },
    "_left_": {
        "type": "string",
        "value": "40dp"
    },
    "_margin_": [
        6,
        6,
        6,
        6
    ],
    "_padding_": [
        0,
        0,
        0,
        0
    ],
    "_skin_": "s8289ba519da434fac9658bf2bf4bd80",
    "_text_": "Get Disk Capacity",
    "_top_": {
        "type": "string",
        "value": "460dp"
    },
    "_width_": {
        "type": "string",
        "value": "300dp"
    },
    "canUpdateUI": true,
    "centerx": {
        "type": "string",
        "value": "50.05%"
    },
    "containerweight": 100,
    "contentalignment": 5,
    "displaytext": true,
    "focusskin": "sad439dabbc6451499832d6b76866fbf",
    "id": "btnGetDisk",
    "info": null,
    "iscustomlayout": false,
    "isvisible": true,
    "kuid": "icb09020e46b401d9911b2223ccfd628",
    "name": "kony.ui.Button",
    "onclick": "AS_Button_h8306d48c64247be9e1ddafbd5571adb",
    "parent": "flxBody",
    "pf": "Form1",
    "retaincontentalignment": false,
    "retainflexpositionproperties": false,
    "wType": "Button",
    "zindex": 1
}