{
    "@class": "com.kony.gen.viz.model.component.KVizButton",
    "DNDConfig": null,
    "__parentReadjusting__": false,
    "_height_": {
        "type": "string",
        "value": "50dp"
    },
    "_left_": {
        "type": "string",
        "value": "40dp"
    },
    "_margin_": [
        6,
        6,
        6,
        6
    ],
    "_padding_": [
        0,
        0,
        0,
        0
    ],
    "_skin_": "s7b2dad8fe0246248b0edccd498f5231",
    "_text_": "Set Memory and Disk Capacity",
    "_top_": {
        "type": "string",
        "value": "327dp"
    },
    "_width_": {
        "type": "string",
        "value": "300dp"
    },
    "canUpdateUI": true,
    "centerx": {
        "type": "string",
        "value": "50.00%"
    },
    "containerweight": 100,
    "contentalignment": 5,
    "displaytext": true,
    "focusskin": "sad439dabbc6451499832d6b76866fbf",
    "id": "btnSetMemoryAndDisk",
    "info": null,
    "iscustomlayout": false,
    "isvisible": true,
    "kuid": "j53a925708d745d698a8c679a5e91ee2",
    "name": "kony.ui.Button",
    "onclick": "AS_Button_bb41151bf75247899c828b0a549f863a",
    "parent": "flxBody",
    "pf": "Form1",
    "retaincontentalignment": false,
    "retainflexpositionproperties": false,
    "wType": "Button",
    "zindex": 1
}