{
    "@class": "com.kony.gen.viz.model.component.KVizButton",
    "DNDConfig": null,
    "__parentReadjusting__": false,
    "_height_": {
        "type": "string",
        "value": "50dp"
    },
    "_left_": {
        "type": "string",
        "value": "40dp"
    },
    "_margin_": [
        6,
        6,
        6,
        6
    ],
    "_padding_": [
        0,
        0,
        0,
        0
    ],
    "_skin_": "s0edce1e61c541749162f01932f66cb6",
    "_text_": "Set Cache Config",
    "_top_": {
        "type": "string",
        "value": "663dp"
    },
    "_width_": {
        "type": "string",
        "value": "300dp"
    },
    "canUpdateUI": true,
    "centerx": {
        "type": "string",
        "value": "50%"
    },
    "containerweight": 100,
    "contentalignment": 5,
    "displaytext": true,
    "focusskin": "sad439dabbc6451499832d6b76866fbf",
    "id": "btnSetCacheConfig",
    "info": null,
    "iscustomlayout": false,
    "isvisible": true,
    "kuid": "d00386b7ad3a40338362c831f2ea6a53",
    "name": "kony.ui.Button",
    "onclick": "AS_Button_b1224d9e10b4444db19fe33daad41355",
    "parent": "flxBody",
    "pf": "Form1",
    "retaincontentalignment": false,
    "retainflexpositionproperties": false,
    "wType": "Button",
    "zindex": 1
}