{
    "@class": "com.kony.gen.viz.model.component.KVizLabel",
    "DNDConfig": null,
    "__parentReadjusting__": false,
    "_height_": {
        "type": "ref",
        "value": "preferred"
    },
    "_left_": {
        "type": "string",
        "value": "90dp"
    },
    "_margin_": [
        1,
        1,
        1,
        1
    ],
    "_padding_": [
        0,
        0,
        0,
        0
    ],
    "_skin_": "s884597521934f4ea8ef34732be301b6",
    "_text_": "This app showcases the Cache API that is specific to iOS platform. These API allow you to set and get the  memory and disk capacity. You can also get the current disk and memory usage of the device. Enter the values for memory and disk capacity and click Set Memory and Disk Capacity to set the respective values. Click Set Cache Config to configure the cachePolicy and storagePolicy of the cache responses.",
    "_top_": {
        "type": "string",
        "value": "23dp"
    },
    "_width_": {
        "type": "string",
        "value": "92%"
    },
    "_wrapping_": 2,
    "android": {
        "textStyle": {
            "letterSpacing": 0,
            "strikeThrough": false
        }
    },
    "canUpdateUI": true,
    "centerx": {
        "type": "string",
        "value": "50.64%"
    },
    "containerweight": 100,
    "contentalignment": 4,
    "id": "lblInfo",
    "info": null,
    "ipad": {
        "psp": {
            "wrapping": 2
        }
    },
    "iphone": {
        "psp": {
            "wrapping": 2
        }
    },
    "iscustomlayout": false,
    "isvisible": true,
    "kuid": "hfcfa076c18c49d99e795e92b4f6842b",
    "name": "kony.ui.Label",
    "parent": "flxBody",
    "pf": "Form1",
    "retaincontentalignment": false,
    "retainflexpositionproperties": false,
    "textstyle": {},
    "tooltip": "",
    "wType": "Label",
    "zindex": 1
}