{
    "@class": "com.kony.gen.viz.model.component.KVizButton",
    "DNDConfig": null,
    "__parentReadjusting__": false,
    "_bottom_": {
        "type": "string",
        "value": "0dp"
    },
    "_height_": {
        "type": "string",
        "value": "50dp"
    },
    "_left_": {
        "type": "string",
        "value": "0dp"
    },
    "_margin_": [
        6,
        6,
        6,
        6
    ],
    "_padding_": [
        0,
        0,
        0,
        0
    ],
    "_skin_": "s906c9e617f5467d9a87356fb5461af0",
    "_text_": "CLEAR WATCH",
    "_width_": {
        "type": "string",
        "value": "100%"
    },
    "canUpdateUI": true,
    "containerweight": 100,
    "contentalignment": 5,
    "displaytext": true,
    "focusskin": "s906c9e617f5467d9a87356fb5461af0",
    "id": "btnClearWatch",
    "ide_onClick": "AS_Button_a17d1ab938dd4afa8867333c05f2a154",
    "info": null,
    "isvisible": true,
    "kuid": "e1879edc323e4880b6f20c2346cee50c",
    "name": "kony.ui.Button",
    "parent": "flxRoot",
    "pf": "frmGeoData",
    "wType": "Button",
    "zindex": 1
}