{
    "DNDConfig": null,
    "__parentReadjusting__": false,
    "_height_": {
        "type": "string",
        "value": "100%"
    },
    "_left_": {
        "type": "string",
        "value": "48dp"
    },
    "_margin_": [
        0,
        0,
        0,
        0
    ],
    "_orientation_": 6,
    "_padding_": [
        0,
        0,
        0,
        0
    ],
    "_percent_": true,
    "_skin_": "s811905447cf47ea83bf1326ff1c4de6",
    "_top_": {
        "type": "string",
        "value": "119dp"
    },
    "_width_": {
        "type": "string",
        "value": "100%"
    },
    "allboxes": [],
    "autogrowmode": 0,
    "canUpdateUI": true,
    "centerx": {
        "type": "string",
        "value": "50%"
    },
    "centery": {
        "type": "string",
        "value": "50%"
    },
    "children": [
        "flxHeader",
        "flxDetailContainerRoot",
        "btnClearWatch"
    ],
    "clipbounds": true,
    "containerweight": 100,
    "enablescrolling": true,
    "id": "flxRoot",
    "info": null,
    "isvisible": true,
    "kuid": "ieb6d5932b1d40a989cff363065a2ec6",
    "layouttype": 2,
    "name": "kony.ui.FlexContainer",
    "parent": "frmGeoData",
    "pf": "frmGeoData",
    "snapgridsize": 10,
    "snaptogrid": true,
    "wType": "FlexContainer",
    "widgetalignment": 1,
    "zindex": 1
}