{
    "AS_FlexContainer_a210306c5bfd4b8f8856f4072beaa644": {
        "id": "AS_FlexContainer_a210306c5bfd4b8f8856f4072beaa644",
        "type": "ACTION_SEQUENCE",
        "params": [{
            "datatype": "collection",
            "name": "eventobject"
        }, {
            "datatype": "string",
            "name": "x"
        }, {
            "datatype": "string",
            "name": "y"
        }],
        "contextObj": {
            "KUID": "ua3b7c92484c4983985df21de115acb6",
            "name": "uwua3b7c92484c4983985df21de115acb6",
            "type": "userwidgets"
        },
        "language": "js",
        "actions": [{
            "id": "ADD_SNIPPET__a651be824b8a4176933e8efaf540c25e",
            "type": "ADD_SNIPPET",
            "codeSnippet": "this.selectedCursor=\"\";\nthis.obj.PinIndicatorIsEnabled(false,this.view.imgPinIndicatorRight,this.view.lblIndicatorRight);\nthis.view.forceLayout();",
            "parentId": null,
            "callbackType": null
        }]
    }
}