{
    "AS_FlexContainer_gf4b6ba21862497c8626d264001caa4f": {
        "id": "AS_FlexContainer_gf4b6ba21862497c8626d264001caa4f",
        "type": "ACTION_SEQUENCE",
        "params": [{
            "datatype": "collection",
            "name": "eventobject"
        }],
        "contextObj": {
            "KUID": "u6a6cdabecde4f81b02a3106da6f6395",
            "name": "uwu6a6cdabecde4f81b02a3106da6f6395",
            "type": "userwidgets"
        },
        "language": "js",
        "actions": [{
            "id": "ADD_SNIPPET__c2a893fb00cc46ae9218e0519bab0b15",
            "type": "ADD_SNIPPET",
            "codeSnippet": "this.addDataToMap();",
            "parentId": null,
            "callbackType": null
        }]
    }
}