{
    "AS_FlexContainer_i9406b4218454c6e8c13e2c6fe0fbc3e": {
        "id": "AS_FlexContainer_i9406b4218454c6e8c13e2c6fe0fbc3e",
        "type": "ACTION_SEQUENCE",
        "params": [{
            "datatype": "collection",
            "name": "eventobject"
        }],
        "contextObj": {
            "KUID": "a4111ee47c4a412db70eb51f1d6127ad",
            "type": "userwidgets"
        },
        "language": "js",
        "actions": [{
            "id": "ADD_SNIPPET__c0cc4353cd2b45eb997705a104e7f627",
            "type": "ADD_SNIPPET",
            "codeSnippet": "this.onLinkClick();",
            "parentId": null,
            "callbackType": null
        }]
    }
}