{
    "AS_FlexContainer_b8d5cabdd4b7473aa6c6b6632aaa160a": {
        "id": "AS_FlexContainer_b8d5cabdd4b7473aa6c6b6632aaa160a",
        "type": "ACTION_SEQUENCE",
        "params": [{
            "datatype": "collection",
            "name": "eventobject"
        }, {
            "datatype": "string",
            "name": "x"
        }, {
            "datatype": "string",
            "name": "y"
        }],
        "contextObj": {
            "KUID": "ua3b7c92484c4983985df21de115acb6",
            "name": "uwua3b7c92484c4983985df21de115acb6",
            "type": "userwidgets"
        },
        "language": "js",
        "actions": [{
            "id": "ADD_SNIPPET__a567566a680c4d96a8abcaea27b4885f",
            "type": "ADD_SNIPPET",
            "codeSnippet": "//Block Actions",
            "parentId": null,
            "callbackType": null
        }]
    }
}