{
    "AS_Switch_c0123eb61036409ab138351a13b856ab": {
        "id": "AS_Switch_c0123eb61036409ab138351a13b856ab",
        "type": "ACTION_SEQUENCE",
        "params": [{
            "datatype": "collection",
            "name": "eventobject"
        }],
        "contextObj": {
            "name": "uwu6a6cdabecde4f81b02a3106da6f6395",
            "type": "userwidgets",
            "KUID": "u6a6cdabecde4f81b02a3106da6f6395"
        },
        "language": "js",
        "actions": [{
            "id": "INVOKE_FUNCTION___b29d1aaaa9074217acce9f8e3a45e4de",
            "type": "INVOKE_FUNCTION",
            "sequenceKUID": "autoCenterOnOff",
            "display": "autoCenterOnOff",
            "inputparams": [],
            "parentId": null,
            "callbackType": null,
            "disabled": null,
            "source": "controller"
        }]
    }
}