{
    "@class": "com.kony.gen.viz.model.component.KVizButton",
    "DNDConfig": null,
    "__parentReadjusting__": false,
    "_bottom_": {
        "type": "string",
        "value": "4%"
    },
    "_height_": {
        "type": "string",
        "value": "70dp"
    },
    "_margin_": [
        6,
        6,
        6,
        6
    ],
    "_padding_": [
        0,
        0,
        0,
        0
    ],
    "_right_": {
        "type": "string",
        "value": "4%"
    },
    "_skin_": "s267010855c44d05b646f17757c6ceb1",
    "_text_": "",
    "_width_": {
        "type": "string",
        "value": "70dp"
    },
    "canUpdateUI": true,
    "centery": {
        "type": "string",
        "value": "91.30%"
    },
    "containerweight": 100,
    "contentalignment": 5,
    "displaytext": true,
    "focusskin": "s267010855c44d05b646f17757c6ceb1",
    "id": "Button0c4ad1989651943",
    "ide_onClick": "AS_Button_ha2a020f3ee04db1b38d6a30e2f87d30",
    "info": null,
    "iscustomlayout": false,
    "isvisible": true,
    "kuid": "f8c065d5ba3849c1a6481f061022b479",
    "name": "kony.ui.Button",
    "parent": "frmTap",
    "pf": "frmTap",
    "retaincontentalignment": false,
    "retainflexpositionproperties": false,
    "wType": "Button",
    "zindex": 10
}