{
    "@class": "com.kony.gen.viz.model.component.KVizButton",
    "DNDConfig": null,
    "__markedForDelete__": true,
    "__parentReadjusting__": false,
    "_bottom_": {
        "type": "string",
        "value": "0dp"
    },
    "_left_": {
        "type": "string",
        "value": "10dp"
    },
    "_margin_": [
        6,
        6,
        6,
        6
    ],
    "_padding_": [
        0,
        0,
        0,
        0
    ],
    "_right_": {
        "type": "string",
        "value": "10dp"
    },
    "_skin_": "sbd53e23f0984e3499a49b5f8b864617",
    "_text_": "Reset",
    "_top_": {
        "type": "string",
        "value": "0dp"
    },
    "canUpdateUI": true,
    "containerweight": 100,
    "contentalignment": 5,
    "displaytext": true,
    "focusskin": "s04c0a1aa8dd4fbf93118a0c6e053375",
    "id": "ButtonRound",
    "ide_onClick": "AS_Button_a92315d1d7914462a82d8fb7aa3b50dd",
    "info": null,
    "isvisible": true,
    "kuid": "f73d0e94c2c34a2fb5043bde80dba410",
    "masterType": 1,
    "name": "kony.ui.Button",
    "parent": "PaddedButtonRound",
    "pf": "frmTap",
    "wType": "Button",
    "zindex": 1
}