{
    "@class": "com.kony.gen.viz.model.component.KVizButton",
    "DNDConfig": null,
    "__parentReadjusting__": false,
    "_height_": {
        "type": "string",
        "value": "50dp"
    },
    "_left_": {
        "type": "string",
        "value": "9.96%"
    },
    "_margin_": [
        6,
        6,
        6,
        6
    ],
    "_padding_": [
        0,
        0,
        0,
        0
    ],
    "_skin_": "s0a1bb0f23f343028bc36a095b383100",
    "_text_": "Cancel",
    "_top_": {
        "type": "string",
        "value": "45.04%"
    },
    "_width_": {
        "type": "string",
        "value": "300dp"
    },
    "canUpdateUI": true,
    "centerx": {
        "type": "string",
        "value": "49.97%"
    },
    "containerweight": 100,
    "contentalignment": 5,
    "displaytext": true,
    "focusskin": "s123d56783da4e279ef71393ec3b4a3e",
    "id": "btnCancel",
    "info": null,
    "iscustomlayout": false,
    "isvisible": true,
    "kuid": "e65090b054b24b10818beeb1cd4e15ab",
    "name": "kony.ui.Button",
    "onclick": "AS_Button_ae0def9e0e484d95ab6d80c1d8fbf154",
    "parent": "flxBody",
    "pf": "frmHome",
    "retaincontentalignment": false,
    "retainflexpositionproperties": false,
    "wType": "Button",
    "zindex": 1
}