{
    "@class": "com.kony.gen.viz.model.component.KVizButton",
    "DNDConfig": null,
    "__parentReadjusting__": false,
    "_height_": {
        "type": "string",
        "value": "50dp"
    },
    "_left_": {
        "type": "string",
        "value": "9.99%"
    },
    "_margin_": [
        6,
        6,
        6,
        6
    ],
    "_padding_": [
        0,
        0,
        0,
        0
    ],
    "_skin_": "s32dd3e4e616429883c6d3feca346c62",
    "_text_": "Set Callback",
    "_top_": {
        "type": "string",
        "value": "33.30%"
    },
    "_width_": {
        "type": "string",
        "value": "300dp"
    },
    "canUpdateUI": true,
    "centerx": {
        "type": "string",
        "value": "50.03%"
    },
    "containerweight": 100,
    "contentalignment": 5,
    "displaytext": true,
    "focusskin": "s123d56783da4e279ef71393ec3b4a3e",
    "id": "btnSetCallBack",
    "info": null,
    "iscustomlayout": false,
    "isvisible": true,
    "kuid": "cf0cdffe160f473db173820047616d37",
    "name": "kony.ui.Button",
    "onclick": "AS_Button_cc8938cecffa4bcf91eaea8292768808",
    "parent": "flxBody",
    "pf": "frmHome",
    "retaincontentalignment": false,
    "retainflexpositionproperties": false,
    "wType": "Button",
    "zindex": 1
}