{
    "@class": "com.kony.gen.viz.model.component.KVizButton",
    "DNDConfig": null,
    "__parentReadjusting__": false,
    "_height_": {
        "type": "string",
        "value": "50dp"
    },
    "_left_": {
        "type": "string",
        "value": "9.94%"
    },
    "_margin_": [
        6,
        6,
        6,
        6
    ],
    "_padding_": [
        0,
        0,
        0,
        0
    ],
    "_skin_": "s3a394c069104f37b059474983998433",
    "_text_": "Schedule",
    "_top_": {
        "type": "string",
        "value": "21.06%"
    },
    "_width_": {
        "type": "string",
        "value": "300dp"
    },
    "canUpdateUI": true,
    "centerx": {
        "type": "string",
        "value": "50.00%"
    },
    "containerweight": 100,
    "contentalignment": 5,
    "displaytext": true,
    "focusskin": "s123d56783da4e279ef71393ec3b4a3e",
    "id": "btnSchedule",
    "info": null,
    "iscustomlayout": false,
    "isvisible": true,
    "kuid": "f2723464b5054b3994ef0202f55be853",
    "name": "kony.ui.Button",
    "onclick": "AS_Button_ja58bd334fd849888a4b32145c8917e3",
    "parent": "flxBody",
    "pf": "frmHome",
    "retaincontentalignment": false,
    "retainflexpositionproperties": false,
    "wType": "Button",
    "zindex": 1
}