{
    "android": {
        "background_color": "ffffff4c",
        "bg_type": "one",
        "font_color": "ffffffff",
        "font_name": "roboto.regular",
        "font_size": 150,
        "isForked": true
    },
    "background_color": "00000000",
    "bg_type": "one",
    "border_color": "424242ff",
    "border_style": "plain",
    "border_type": 0,
    "border_width": 0,
    "desktopweb": {
        "background_color": "ffffff4c",
        "bg_type": "one",
        "font_color": "ffffffff",
        "font_name": "Helvetica",
        "font_size": 150,
        "isForked": true
    },
    "fontSizeInPx": false,
    "font_color": "424242ff",
    "font_name": "Helvetica",
    "font_size": 150,
    "font_style": "normal",
    "font_weight": "normal",
    "ipad": {
        "background_color": "ffffff4c",
        "bg_type": "one",
        "font_color": "ffffffff",
        "font_name": "SFUIText-Regular",
        "font_size": 150,
        "isForked": true
    },
    "iphone": {
        "background_color": "ffffff4c",
        "bg_type": "one",
        "font_color": "ffffffff",
        "font_name": "SFUIText-Regular",
        "font_size": 150,
        "isForked": true
    },
    "isDefaultSkin": false,
    "kiosk": {
        "background_color": "ffffff4c",
        "bg_type": "one",
        "font_color": "ffffffff",
        "font_name": "FontAwesome",
        "font_size": 150,
        "isForked": true
    },
    "kuid": "sfc54c42c0104f8db96cdb91406410e6",
    "spaan": {
        "background_color": "ffffff4c",
        "bg_type": "one",
        "font_color": "ffffffff",
        "font_name": "roboto.regular",
        "font_size": 150,
        "isForked": true
    },
    "spaandroidtablet": {
        "background_color": "ffffff4c",
        "bg_type": "one",
        "font_color": "ffffffff",
        "font_name": "roboto.regular",
        "font_size": 150,
        "isForked": true
    },
    "spabb": {
        "background_color": "ffffff4c",
        "bg_type": "one",
        "font_color": "ffffffff",
        "font_name": "Helvetica",
        "font_size": 150,
        "isForked": true
    },
    "spaip": {
        "background_color": "ffffff4c",
        "bg_type": "one",
        "font_color": "ffffffff",
        "font_name": "SFUIText-Regular",
        "font_size": 150,
        "isForked": true
    },
    "spaipad": {
        "background_color": "ffffff4c",
        "bg_type": "one",
        "font_color": "ffffffff",
        "font_name": "SFUIText-Regular",
        "font_size": 150,
        "isForked": true
    },
    "spawindowstablet": {
        "background_color": "ffffff4c",
        "bg_type": "one",
        "font_color": "ffffffff",
        "font_name": "Helvetica",
        "font_size": 150,
        "isForked": true
    },
    "spawinphone8": {
        "background_color": "ffffff4c",
        "bg_type": "one",
        "font_color": "ffffffff",
        "font_name": "Helvetica",
        "font_size": 150,
        "isForked": true
    },
    "tabrcandroid": {
        "background_color": "ffffff4c",
        "bg_type": "one",
        "font_color": "ffffffff",
        "font_name": "roboto.regular",
        "font_size": 150,
        "isForked": true
    },
    "wType": "Label",
    "watchos": {
        "font_color": "ffffffff",
        "font_name": "Helvetica",
        "font_size": 150,
        "isForked": true
    },
    "windows8": {
        "background_color": "ffffff4c",
        "bg_type": "one",
        "font_color": "ffffffff",
        "font_name": "FontAwesome",
        "font_size": 150,
        "isForked": true
    },
    "winphone8": {
        "background_color": "ffffff4c",
        "bg_type": "one",
        "font_color": "ffffffff",
        "font_name": "FontAwesome",
        "font_size": 150,
        "isForked": true
    }
}