{
    "DNDConfig": null,
    "__parentReadjusting__": false,
    "_blur_": {
        "enabled": true,
        "value": 100
    },
    "_height_": {
        "type": "string",
        "value": "50%"
    },
    "_left_": {
        "type": "string",
        "value": "110dp"
    },
    "_margin_": [
        0,
        0,
        0,
        0
    ],
    "_orientation_": 6,
    "_padding_": [
        0,
        0,
        0,
        0
    ],
    "_percent_": true,
    "_skin_": "sea7c9387fa24431aaa333b94518a70c",
    "_top_": {
        "type": "string",
        "value": "0dp"
    },
    "_width_": {
        "type": "string",
        "value": "118dp"
    },
    "allboxes": [],
    "autogrowmode": 0,
    "canUpdateUI": true,
    "centery": {
        "type": "string",
        "value": "50%"
    },
    "children": [
        "lblBlur"
    ],
    "clipbounds": true,
    "containerId": true,
    "containerweight": 100,
    "enablescrolling": true,
    "id": "FlexContainerblur",
    "info": null,
    "iscustomlayout": false,
    "isvisible": true,
    "kuid": "ea8e34c856094c6ca504f16b0eed00ed",
    "layouttype": 2,
    "name": "kony.ui.FlexContainer",
    "parent": "CopyFlexContainer0f9e216b7321345",
    "pf": "tmpCard",
    "retaincontentalignment": false,
    "retainflexpositionproperties": false,
    "snapgridsize": 10,
    "snaptogrid": true,
    "wType": "FlexContainer",
    "widgetalignment": 1,
    "zindex": 10
}