{
    "DNDConfig": null,
    "_blur_": {
        "enabled": false,
        "value": 0
    },
    "_height_": {
        "type": "string",
        "value": "60dp"
    },
    "_left_": {
        "type": "string",
        "value": "0dp"
    },
    "_margin_": [
        0,
        0,
        0,
        0
    ],
    "_orientation_": 6,
    "_padding_": [
        0,
        0,
        0,
        0
    ],
    "_percent_": true,
    "_skin_": "s65ebce354ed4df8a84b2523fc343585",
    "_top_": {
        "type": "string",
        "value": "0dp"
    },
    "_width_": {
        "type": "string",
        "value": "100%"
    },
    "allboxes": [],
    "autogrowmode": 0,
    "canUpdateUI": true,
    "children": [
        "FlexContainer0c391ab83a4464a",
        "CopyFlexContainer0f9e216b7321345",
        "CopyFlexContainer0dd9ec95bca8147"
    ],
    "clipbounds": true,
    "containerId": true,
    "containerweight": 100,
    "controllerInfo": {
        "default": {
            "channel": "mobile",
            "name": "flxCardController"
        }
    },
    "enablescrolling": true,
    "id": "flxCard",
    "info": null,
    "isTemplate": true,
    "iscustomlayout": false,
    "isvisible": true,
    "kuid": "bcf6437bfadf44029811efacc59855ce",
    "layouttype": 2,
    "name": "kony.ui.FlexContainer",
    "parent": "tmpCard",
    "pf": "tmpCard",
    "retaincontentalignment": false,
    "retainflexpositionproperties": false,
    "snapgridsize": 10,
    "snaptogrid": true,
    "wType": "FlexContainer",
    "widgetalignment": 1
}