{
    "AS_Button_ga8362c4c5844344b11f64001db54601": {
        "id": "AS_Button_ga8362c4c5844344b11f64001db54601",
        "type": "ACTION_SEQUENCE",
        "params": [{
            "datatype": "collection",
            "name": "eventobject"
        }],
        "contextObj": {
            "name": "Form1",
            "type": "forms",
            "platform": "",
            "KUID": "g98eb923c863409b8947eb45fff3c68c"
        },
        "language": "js",
        "actions": [{
            "id": "INVOKE_FUNCTION___aec3cbb1701f497b9f507aa2a79ad1e5",
            "type": "INVOKE_FUNCTION",
            "sequenceKUID": "createFilterForiOS",
            "display": "createFilterForiOS",
            "inputparams": [],
            "parentId": null,
            "callbackType": null,
            "disabled": null,
            "source": "controller"
        }]
    }
}