{
    "AS_Camera_c3d5abb65a244dbdb52899c946afd5cf": {
        "id": "AS_Camera_c3d5abb65a244dbdb52899c946afd5cf",
        "type": "ACTION_SEQUENCE",
        "params": [{
            "datatype": "collection",
            "name": "eventobject"
        }],
        "contextObj": {
            "name": "Form1",
            "type": "forms",
            "platform": "",
            "KUID": "g98eb923c863409b8947eb45fff3c68c"
        },
        "language": "js",
        "actions": [{
            "id": "ADD_SNIPPET__db4b9ae586aa4e4193acc34be1404ba7",
            "type": "ADD_SNIPPET",
            "codeSnippet": "var imageRawBytes = this.view.camera1.rawBytes;\nthis.view.imgBrite.rawBytes = imageRawBytes;\nthis.imageBytes= imageRawBytes;",
            "parentId": null,
            "callbackType": null
        }]
    }
}