{
    "AS_Form_h019b4aeed2f491a935a60bb112b605a": {
        "id": "AS_Form_h019b4aeed2f491a935a60bb112b605a",
        "type": "ACTION_SEQUENCE",
        "params": [{
            "datatype": "collection",
            "name": "eventobject"
        }],
        "contextObj": {
            "name": "Form1",
            "type": "forms",
            "platform": "",
            "KUID": "g98eb923c863409b8947eb45fff3c68c"
        },
        "language": "js",
        "actions": [{
            "id": "ADD_SNIPPET__fecd78444c2b4cf087dd629cab84dfbb",
            "type": "ADD_SNIPPET",
            "codeSnippet": "//#ifdef android\n    this.view.btniOS.isVisible=false;\n    this.view.sliderBright.isVisible=true;\n//#endif\n    \n//#ifdef iphone\n  this.view.sliderBright.isVisible=false;\n  this.view.btniOS.isVisible=true;\n//#endif",
            "parentId": null,
            "callbackType": null
        }]
    }
}