{
    "AS_Slider_a06fdaad277c499f9b219c4cc1c83b3e": {
        "id": "AS_Slider_a06fdaad277c499f9b219c4cc1c83b3e",
        "type": "ACTION_SEQUENCE",
        "params": [{
            "datatype": "collection",
            "name": "eventobject"
        }, {
            "datatype": "string",
            "name": "selectedvalue"
        }],
        "contextObj": {
            "name": "Form1",
            "type": "forms",
            "platform": "",
            "KUID": "g98eb923c863409b8947eb45fff3c68c"
        },
        "language": "js",
        "actions": [{
            "id": "INVOKE_FUNCTION___acb8aefe30b3445bba25097f5b9b5e37",
            "type": "INVOKE_FUNCTION",
            "sequenceKUID": "createFilterForAndroid",
            "display": "createFilterForAndroid",
            "inputparams": [],
            "parentId": null,
            "callbackType": null,
            "disabled": null,
            "source": "controller"
        }]
    }
}