{
    "DNDConfig": null,
    "_enabled_": false,
    "_height_": {
        "type": "string",
        "value": "32dp"
    },
    "_left_": {
        "type": "string",
        "value": "11dp"
    },
    "_margin_": [
        0,
        0,
        0,
        0
    ],
    "_padding_": [
        2,
        1,
        1,
        1
    ],
    "_skin_": "sfd5b344e3f0450d809d865f82657800",
    "_text_": "5",
    "_top_": {
        "type": "string",
        "value": "239dp"
    },
    "_width_": {
        "type": "string",
        "value": "70dp"
    },
    "android": {
        "@class": "com.kony.gen.viz.model.component.property.textbox2.AndroidTextBox2Property",
        "autoFilter": false,
        "containerHeightMode": 1,
        "psp": {
            "keyboardActionLabel": 12
        },
        "render": true,
        "viewType": "default"
    },
    "autocapitalize": "none",
    "autocomplete": false,
    "autocorrect": false,
    "autofilter": false,
    "canUpdateUI": true,
    "containerheightmode": 1,
    "containerheightreference": 1,
    "containerweight": 0,
    "contentalignment": 4,
    "focusskin": "s9ba7f4872c541b59199542832e44726",
    "hexpand": true,
    "id": "flights",
    "info": null,
    "iphone": {
        "@class": "com.kony.gen.viz.model.component.property.textbox2.IPhoneTextBox2Property",
        "_margin_": [
            0,
            0,
            0,
            0
        ],
        "autoCorrect": false,
        "containerHeightMode": 3,
        "margin": [
            0,
            0,
            0,
            0
        ],
        "marginInPixel": false,
        "psp": {
            "closeButtonText": "Done",
            "keyboardActionLabel": 1,
            "pasteboardType": 4,
            "showClearButton": true,
            "showCloseButton": true,
            "showProgressIndicator": true
        },
        "render": true,
        "viewType": "default"
    },
    "isvisible": true,
    "keyboardstyle": "A",
    "keyboardtype": "A",
    "kuid": "p2kwiet140781533127",
    "margininpixel": false,
    "mode": "A",
    "name": "kony.ui.TextBox2",
    "paddinginpixel": false,
    "parent": "flexContainer17218328913196",
    "pf": "fitness",
    "securetextentry": false,
    "spa": {
        "@class": "com.kony.gen.viz.model.component.property.textbox2.SPATextBox2Property",
        "autoCorrect": false,
        "containerHeightMode": 3
    },
    "spaan": {
        "@class": "com.kony.gen.viz.model.component.property.textbox2.SPAAndroidTextBox2Property",
        "render": true
    },
    "spabb": {
        "@class": "com.kony.gen.viz.model.component.property.textbox2.SPABBTextBox2Property",
        "render": false
    },
    "spaip": {
        "@class": "com.kony.gen.viz.model.component.property.textbox2.SPAIPhoneTextBox2Property",
        "render": true
    },
    "spawinphone8": {
        "@class": "com.kony.gen.viz.model.component.property.textbox2.SPAWinPhone8TextBox2Property",
        "render": true
    },
    "textinputmode": "A",
    "vexpand": false,
    "viewtype": "default",
    "wType": "TextField",
    "widgetalignment": 5,
    "winphone8": {
        "@class": "com.kony.gen.viz.model.component.property.textbox2.WinPhone8TextBox2Property",
        "_margin_": [
            0,
            0,
            0,
            0
        ],
        "autoFilter": false,
        "containerHeightMode": 1,
        "margin": [
            0,
            0,
            0,
            0
        ],
        "marginInPixel": false,
        "psp": {
            "enableCache": false
        },
        "render": true
    },
    "zindex": 1
}