{
    "DNDConfig": null,
    "_enabled_": false,
    "_height_": {
        "type": "string",
        "value": "26dp"
    },
    "_left_": {
        "type": "string",
        "value": "18dp"
    },
    "_margin_": [
        0,
        0,
        0,
        0
    ],
    "_padding_": [
        0,
        0,
        0,
        0
    ],
    "_skin_": "s7d7d9b6c7914460b26b721bc00a07ce",
    "_text_": "Basal",
    "_top_": {
        "type": "string",
        "value": "20dp"
    },
    "_width_": {
        "type": "string",
        "value": "125dp"
    },
    "_wrapping_": 2,
    "android": {
        "@class": "com.kony.gen.viz.model.component.property.label.AndroidLabelProperty",
        "psp": {
            "textCopyable": false
        },
        "render": true
    },
    "canUpdateUI": true,
    "containerweight": 100,
    "contentalignment": 4,
    "hexpand": true,
    "id": "label17218328913193",
    "info": null,
    "iphone": {
        "@class": "com.kony.gen.viz.model.component.property.label.IPhoneLabelProperty",
        "_margin_": [
            0,
            0,
            0,
            0
        ],
        "margin": [
            0,
            0,
            0,
            0
        ],
        "marginInPixel": false,
        "psp": {
            "textCopyable": false,
            "wrapping": 2
        },
        "render": true
    },
    "isvisible": true,
    "kuid": "p2kwiet140781533115",
    "margininpixel": false,
    "name": "kony.ui.Label",
    "paddinginpixel": false,
    "parent": "fitness",
    "pf": "fitness",
    "spa": {
        "@class": "com.kony.gen.viz.model.component.property.label.SPALabelProperty",
        "psp": {
            "textCopyable": false
        }
    },
    "spaan": {
        "@class": "com.kony.gen.viz.model.component.property.label.SPAAndroidLabelProperty",
        "render": true
    },
    "spabb": {
        "@class": "com.kony.gen.viz.model.component.property.label.SPABBLabelProperty",
        "render": false
    },
    "spaip": {
        "@class": "com.kony.gen.viz.model.component.property.label.SPAIPhoneLabelProperty",
        "render": true
    },
    "spawinphone8": {
        "@class": "com.kony.gen.viz.model.component.property.label.SPAWinPhone8LabelProperty",
        "render": true
    },
    "tooltip": "",
    "vexpand": false,
    "wType": "Label",
    "widgetalignment": 5,
    "winphone8": {
        "@class": "com.kony.gen.viz.model.component.property.label.WinPhone8LabelProperty",
        "_margin_": [
            0,
            0,
            0,
            0
        ],
        "margin": [
            0,
            0,
            0,
            0
        ],
        "marginInPixel": false,
        "psp": {
            "enableCache": false
        },
        "render": true
    },
    "zindex": 1
}