{
    "AS_Button_jba803cc599840ec9272cb2fbd2222be": {
        "id": "AS_Button_jba803cc599840ec9272cb2fbd2222be",
        "type": "ACTION_SEQUENCE",
        "params": [{
            "datatype": "collection",
            "name": "eventobject"
        }],
        "contextObj": {
            "name": "frmHome",
            "type": "forms",
            "platform": "",
            "KUID": "d28b46ed118c4b619f7ffbde57486299"
        },
        "language": "js",
        "actions": [{
            "id": "INVOKE_FUNCTION__onClick_d168a2a1004f4ac9b3af9c438169b8b8",
            "type": "INVOKE_FUNCTION",
            "sequenceKUID": "onclickpi",
            "display": "onclickpi",
            "inputparams": [],
            "callbackType": null,
            "disabled": null,
            "source": "controller"
        }]
    }
}