{
    "AS_Button_e4fa4c6d5caa416181762baf81e61855": {
        "id": "AS_Button_e4fa4c6d5caa416181762baf81e61855",
        "type": "ACTION_SEQUENCE",
        "params": [{
            "datatype": "collection",
            "name": "eventobject"
        }],
        "contextObj": {
            "name": "frmHome",
            "type": "forms",
            "platform": "",
            "KUID": "d28b46ed118c4b619f7ffbde57486299"
        },
        "language": "js",
        "actions": [{
            "id": "INVOKE_FUNCTION___h7549b07c3934e8b96c17d951d531c67",
            "type": "INVOKE_FUNCTION",
            "sequenceKUID": "onclicksqrt",
            "display": "onclicksqrt",
            "inputparams": [],
            "parentId": null,
            "callbackType": null,
            "disabled": null,
            "source": "controller"
        }]
    }
}