{
    "AS_Button_f530d2ece6f0441e96b8477454da034d": {
        "id": "AS_Button_f530d2ece6f0441e96b8477454da034d",
        "type": "ACTION_SEQUENCE",
        "params": [{
            "datatype": "collection",
            "name": "eventobject"
        }],
        "contextObj": {
            "name": "frmHome",
            "type": "forms",
            "platform": "",
            "KUID": "d28b46ed118c4b619f7ffbde57486299"
        },
        "language": "js",
        "actions": [{
            "id": "INVOKE_FUNCTION__onClick_bb630842c2b04658864a90aaa286bc3b",
            "type": "INVOKE_FUNCTION",
            "sequenceKUID": "onclickRandom",
            "display": "onclickRandom",
            "inputparams": [],
            "callbackType": null,
            "disabled": null,
            "source": "controller"
        }]
    }
}