{
    "AS_Button_f4433f5bf4c149fc8805e954c09f952b": {
        "id": "AS_Button_f4433f5bf4c149fc8805e954c09f952b",
        "type": "ACTION_SEQUENCE",
        "params": [{
            "datatype": "collection",
            "name": "eventobject"
        }],
        "contextObj": {
            "name": "frmHome",
            "type": "forms",
            "platform": "",
            "KUID": "d28b46ed118c4b619f7ffbde57486299"
        },
        "language": "js",
        "actions": [{
            "id": "INVOKE_FUNCTION___e11a66c5ca2d42f3922dfdf5616f68c2",
            "type": "INVOKE_FUNCTION",
            "sequenceKUID": "onclickpi",
            "display": "onclickpi",
            "inputparams": [],
            "parentId": null,
            "callbackType": null,
            "disabled": null,
            "source": "controller"
        }]
    }
}