{
    "AS_Button_hd9f281aa59646168b486e798223be76": {
        "id": "AS_Button_hd9f281aa59646168b486e798223be76",
        "type": "ACTION_SEQUENCE",
        "params": [{
            "datatype": "collection",
            "name": "eventobject"
        }],
        "contextObj": {
            "name": "frmHome",
            "type": "forms",
            "platform": "",
            "KUID": "d28b46ed118c4b619f7ffbde57486299"
        },
        "language": "js",
        "actions": [{
            "id": "INVOKE_FUNCTION___df9a56b9a309449c82d0bf5c7a96f3c5",
            "type": "INVOKE_FUNCTION",
            "sequenceKUID": "onclickpow",
            "display": "onclickpow",
            "inputparams": [],
            "parentId": null,
            "callbackType": null,
            "disabled": null,
            "source": "controller"
        }]
    }
}