{
    "AS_Button_e07d9f115c4b4fe793209323efa35267": {
        "id": "AS_Button_e07d9f115c4b4fe793209323efa35267",
        "type": "ACTION_SEQUENCE",
        "params": [{
            "datatype": "collection",
            "name": "eventobject"
        }],
        "contextObj": {
            "name": "frmHome",
            "type": "forms",
            "platform": "",
            "KUID": "d28b46ed118c4b619f7ffbde57486299"
        },
        "language": "js",
        "actions": [{
            "id": "INVOKE_FUNCTION__onClick_fa4148c782d7430f9954f903bc677ae5",
            "type": "INVOKE_FUNCTION",
            "sequenceKUID": "onclickmin",
            "display": "onclickmin",
            "inputparams": [],
            "callbackType": null,
            "disabled": null,
            "source": "controller"
        }]
    }
}