{
    "AS_Button_eee4486a27c0467ea2abf390bc7b2dbf": {
        "id": "AS_Button_eee4486a27c0467ea2abf390bc7b2dbf",
        "type": "ACTION_SEQUENCE",
        "params": [{
            "datatype": "collection",
            "name": "eventobject"
        }],
        "contextObj": {
            "name": "frmHome",
            "type": "forms",
            "platform": "",
            "KUID": "d28b46ed118c4b619f7ffbde57486299"
        },
        "language": "js",
        "actions": [{
            "id": "INVOKE_FUNCTION___g03bcc17eea34d9ea3d84c5da6670f14",
            "type": "INVOKE_FUNCTION",
            "sequenceKUID": "onclickfloor",
            "display": "onclickfloor",
            "inputparams": [],
            "parentId": null,
            "callbackType": null,
            "disabled": null,
            "source": "controller"
        }]
    }
}