{
    "AS_Button_a15611f7aab84013aa6c6d188a68d127": {
        "id": "AS_Button_a15611f7aab84013aa6c6d188a68d127",
        "type": "ACTION_SEQUENCE",
        "params": [{
            "datatype": "collection",
            "name": "eventobject"
        }],
        "contextObj": {
            "name": "frmHome",
            "type": "forms",
            "platform": "",
            "KUID": "d28b46ed118c4b619f7ffbde57486299"
        },
        "language": "js",
        "actions": [{
            "id": "INVOKE_FUNCTION___c1f9bbb37d2b40ebbe06fc8554459282",
            "type": "INVOKE_FUNCTION",
            "sequenceKUID": "onclickmin",
            "display": "onclickmin",
            "inputparams": [],
            "parentId": null,
            "callbackType": null,
            "disabled": null,
            "source": "controller"
        }]
    }
}