{
    "AS_Button_g1c25d204b724491b016e44bc2b88958": {
        "id": "AS_Button_g1c25d204b724491b016e44bc2b88958",
        "type": "ACTION_SEQUENCE",
        "params": [{
            "datatype": "collection",
            "name": "eventobject"
        }],
        "contextObj": {
            "name": "frmHome",
            "type": "forms",
            "platform": "",
            "KUID": "d28b46ed118c4b619f7ffbde57486299"
        },
        "language": "js",
        "actions": [{
            "id": "INVOKE_FUNCTION___ieb959a5157c40038e17200d43a2433c",
            "type": "INVOKE_FUNCTION",
            "sequenceKUID": "onclickRandom",
            "display": "onclickRandom",
            "inputparams": [],
            "parentId": null,
            "callbackType": null,
            "disabled": null,
            "source": "controller"
        }]
    }
}