{
    "AS_Button_c1710ef27fa843eabe7ef4fd58e38744": {
        "id": "AS_Button_c1710ef27fa843eabe7ef4fd58e38744",
        "type": "ACTION_SEQUENCE",
        "params": [{
            "datatype": "collection",
            "name": "eventobject"
        }],
        "contextObj": {
            "name": "frmHome",
            "type": "forms",
            "platform": "",
            "KUID": "d28b46ed118c4b619f7ffbde57486299"
        },
        "language": "js",
        "actions": [{
            "id": "INVOKE_FUNCTION___j5305b0e0b184b3694bd1b893c6d436b",
            "type": "INVOKE_FUNCTION",
            "sequenceKUID": "onclickmax",
            "display": "onclickmax",
            "inputparams": [],
            "parentId": null,
            "callbackType": null,
            "disabled": null,
            "source": "controller"
        }]
    }
}