{
    "AS_Button_db19988397a345df8760bf6497bc95df": {
        "id": "AS_Button_db19988397a345df8760bf6497bc95df",
        "type": "ACTION_SEQUENCE",
        "params": [{
            "datatype": "collection",
            "name": "eventobject"
        }],
        "contextObj": {
            "name": "frmHome",
            "type": "forms",
            "platform": "",
            "KUID": "d28b46ed118c4b619f7ffbde57486299"
        },
        "language": "js",
        "actions": [{
            "id": "INVOKE_FUNCTION__onClick_e1ae4e160cd040f48eac5af016a815e5",
            "type": "INVOKE_FUNCTION",
            "sequenceKUID": "onclickmax",
            "display": "onclickmax",
            "inputparams": [],
            "callbackType": null,
            "disabled": null,
            "source": "controller"
        }]
    }
}