{
    "@class": "com.kony.gen.viz.model.component.KVizLabel",
    "DNDConfig": null,
    "__parentReadjusting__": false,
    "_height_": {
        "type": "ref",
        "value": "preferred"
    },
    "_left_": {
        "type": "string",
        "value": "7.50%"
    },
    "_margin_": [
        1,
        1,
        1,
        1
    ],
    "_padding_": [
        0,
        0,
        0,
        0
    ],
    "_skin_": "s64251eaa051413ca77e1451cf4f95d3",
    "_text_": "Wayne Stanley",
    "_top_": {
        "type": "string",
        "value": "23%"
    },
    "_width_": {
        "type": "ref",
        "value": "preferred"
    },
    "_wrapping_": 2,
    "android": {
        "textStyle": {
            "letterSpacing": 0,
            "strikeThrough": false
        }
    },
    "canUpdateUI": true,
    "containerId": true,
    "containerweight": 100,
    "contentalignment": 4,
    "id": "lblHeading",
    "info": null,
    "ipad": {
        "psp": {
            "wrapping": 2
        }
    },
    "iphone": {
        "psp": {
            "wrapping": 2
        }
    },
    "isvisible": true,
    "kuid": "e4b52f6ff81d4065b201d843ca0a8c06",
    "maxwidth": {
        "type": "string",
        "value": "50%"
    },
    "name": "kony.ui.Label",
    "parent": "flxRow",
    "pf": "rowTemplateEmail",
    "tooltip": "",
    "wType": "Label",
    "zindex": 1
}