{
    "@class": "com.kony.gen.viz.model.component.KVizLabel",
    "DNDConfig": null,
    "__parentReadjusting__": false,
    "_height_": {
        "type": "ref",
        "value": "preferred"
    },
    "_margin_": [
        1,
        1,
        1,
        1
    ],
    "_padding_": [
        0,
        0,
        0,
        0
    ],
    "_right_": {
        "type": "string",
        "value": "9%"
    },
    "_skin_": "s504bb87c165496b991d9a44c2f8f17b",
    "_text_": "2 days ago",
    "_top_": {
        "type": "string",
        "value": "23%"
    },
    "_width_": {
        "type": "ref",
        "value": "preferred"
    },
    "_wrapping_": 2,
    "android": {
        "textStyle": {
            "letterSpacing": 0,
            "strikeThrough": false
        }
    },
    "canUpdateUI": true,
    "containerId": true,
    "containerweight": 100,
    "contentalignment": 4,
    "id": "lblTime",
    "info": null,
    "ipad": {
        "psp": {
            "wrapping": 2
        }
    },
    "iphone": {
        "psp": {
            "wrapping": 2
        }
    },
    "isvisible": true,
    "kuid": "c637b193e5b14a0989d7272a343b6d6e",
    "name": "kony.ui.Label",
    "parent": "flxRow",
    "pf": "rowTemplateEmail",
    "tooltip": "",
    "wType": "Label",
    "zindex": 1
}