{
    "AS_Button_fcbefea08e0d4a229d5880ccd9880991": {
        "id": "AS_Button_fcbefea08e0d4a229d5880ccd9880991",
        "type": "ACTION_SEQUENCE",
        "params": [{
            "datatype": "collection",
            "name": "eventobject"
        }],
        "contextObj": {
            "name": "Form1",
            "type": "forms",
            "platform": null,
            "KUID": "a2b56db7e74e4fd39f4bb84c79f83cbb"
        },
        "language": "js",
        "actions": [{
            "id": "INVOKE_FUNCTION___i39bf64581a14f92ba9ff1139f620fbf",
            "type": "INVOKE_FUNCTION",
            "sequenceKUID": "errorAlert",
            "display": "errorAlert",
            "inputparams": [],
            "parentId": null,
            "callbackType": null,
            "disabled": null,
            "source": "controller"
        }]
    }
}