{
    "AS_Button_d56118068ce24deeab5a1878718ca769": {
        "id": "AS_Button_d56118068ce24deeab5a1878718ca769",
        "type": "ACTION_SEQUENCE",
        "params": [{
            "datatype": "collection",
            "name": "eventobject"
        }],
        "contextObj": {
            "name": "Form1",
            "type": "forms",
            "platform": null,
            "KUID": "a2b56db7e74e4fd39f4bb84c79f83cbb"
        },
        "language": "js",
        "actions": [{
            "id": "INVOKE_FUNCTION___b7ddb624a1ff43d2a0f4ba3d0b70c975",
            "type": "INVOKE_FUNCTION",
            "sequenceKUID": "confirmationAlert",
            "display": "confirmationAlert",
            "inputparams": [],
            "parentId": null,
            "callbackType": null,
            "disabled": null,
            "source": "controller"
        }]
    }
}