{
    "AS_Button_e94edc39b8b549a997fd8117688feb4c": {
        "id": "AS_Button_e94edc39b8b549a997fd8117688feb4c",
        "type": "ACTION_SEQUENCE",
        "params": [{
            "datatype": "collection",
            "name": "eventobject"
        }],
        "contextObj": {
            "name": "Form1",
            "type": "forms",
            "platform": null,
            "KUID": "a2b56db7e74e4fd39f4bb84c79f83cbb"
        },
        "language": "js",
        "actions": [{
            "id": "INVOKE_FUNCTION___e3db9927deb943dcb53747f6182c4469",
            "type": "INVOKE_FUNCTION",
            "sequenceKUID": "informationAlert",
            "display": "informationAlert",
            "inputparams": [],
            "parentId": null,
            "callbackType": null,
            "disabled": null,
            "source": "controller"
        }]
    }
}