{
    "AS_FlexContainer_abbbd3c02ea345acae74375d13194554": {
        "id": "AS_FlexContainer_abbbd3c02ea345acae74375d13194554",
        "type": "ACTION_SEQUENCE",
        "params": [{
            "datatype": "collection",
            "name": "eventobject"
        }],
        "contextObj": {
            "name": "uwub62824ff58045dbb695239958d997a0",
            "type": "userwidgets",
            "KUID": "ub62824ff58045dbb695239958d997a0"
        },
        "language": "js",
        "actions": [{
            "id": "ADD_SNIPPET__g6ba67723b6c41ef9923992e7dff592e",
            "type": "ADD_SNIPPET",
            "codeSnippet": "// if(this.view.rchtextDoc.isVisible === true)\n//   this.onClickDisappear(eventobject);\n// else\n//   this.onClickDisplay(eventobject);\nthis.showAccord(eventobject.id);",
            "parentId": null,
            "callbackType": null
        }]
    }
}