{
    "AS_Button_db191fcc964649dda8efd10a0bf5cbbd": {
        "id": "AS_Button_db191fcc964649dda8efd10a0bf5cbbd",
        "type": "ACTION_SEQUENCE",
        "params": [{
            "datatype": "collection",
            "name": "eventobject"
        }],
        "contextObj": {
            "name": "frmHome",
            "type": "forms",
            "platform": "",
            "KUID": "cdecc6c5cff94cc195ad5253ff760c70"
        },
        "language": "js",
        "actions": [{
            "id": "NAVIGATE_TO_FORM___aa164958920848c7a6fba18a2aa6a88e",
            "type": "NAVIGATE_TO_FORM",
            "formId": "frmOptions",
            "formKUID": "d923af78ee7341048092f9356491b2b9",
            "mappings": {},
            "mappingsOrder": [],
            "parentId": "",
            "callbackType": null,
            "enableMappingEditor": true,
            "package": ""
        }]
    }
}