{
    "AS_Button_d154f274f6a94600a9db689d500c5c38": {
        "id": "AS_Button_d154f274f6a94600a9db689d500c5c38",
        "type": "ACTION_SEQUENCE",
        "params": [{
            "datatype": "collection",
            "name": "eventobject"
        }],
        "contextObj": {
            "name": "frmGeoData",
            "type": "forms",
            "platform": "",
            "KUID": "e3b3e3dcd70c45bab71e775b541005e4"
        },
        "language": "js",
        "actions": [{
            "id": "INVOKE_FUNCTION___e5fc5abdfd8f4a56bdf1c6b7f1badfbd",
            "type": "INVOKE_FUNCTION",
            "display": "<>",
            "inputparams": [],
            "parentId": null,
            "callbackType": null,
            "disabled": null,
            "source": "controller"
        }]
    }
}