{
    "AS_FlexContainer_ab1787c8140e4854980a2639a36bdf78": {
        "id": "AS_FlexContainer_ab1787c8140e4854980a2639a36bdf78",
        "type": "ACTION_SEQUENCE",
        "params": [{
            "datatype": "collection",
            "name": "eventobject"
        }],
        "language": "js",
        "actions": [{
            "id": "NAVIGATE_TO_FORM___bfc478d073ff455f8b1c6dd69d56c399",
            "type": "NAVIGATE_TO_FORM",
            "formId": "frmHome",
            "formKUID": "cdecc6c5cff94cc195ad5253ff760c70",
            "mappings": {},
            "mappingsOrder": [],
            "parentId": "",
            "callbackType": null,
            "enableMappingEditor": true,
            "package": ""
        }]
    }
}