{
    "@class": "com.kony.gen.viz.model.component.KVizImage2",
    "DNDConfig": null,
    "__parentReadjusting__": false,
    "_base64_": null,
    "_height_": {
        "type": "string",
        "value": "20dp"
    },
    "_margin_": [
        0,
        0,
        0,
        0
    ],
    "_padding_": [
        0,
        0,
        0,
        0
    ],
    "_right_": {
        "type": "string",
        "value": "4%"
    },
    "_skin_": "sa24272997a744cc8ef0fbd6b75add43",
    "_src_": "chevron.png",
    "_top_": {
        "type": "string",
        "value": "12dp"
    },
    "_width_": {
        "type": "string",
        "value": "20dp"
    },
    "canUpdateUI": true,
    "containerId": true,
    "containerweight": 100,
    "context": {
        "channel": "mobile",
        "platform": "iphone",
        "templateType": "segments",
        "topLevelBox": null
    },
    "id": "imgLeftAPI",
    "imagescalemode": 1,
    "info": null,
    "isvisible": true,
    "kuid": "dccc5155391b41989003f3991981e877",
    "name": "kony.ui.Image2",
    "parent": "flexFreeAPI",
    "pf": "CopytmpSegAPI",
    "srcType": 1,
    "wType": "Image",
    "widgetalignment": 5,
    "zindex": 1
}