{
    "DNDConfig": null,
    "__parentReadjusting__": false,
    "_height_": {
        "type": "string",
        "value": "60%"
    },
    "_left_": {
        "type": "string",
        "value": "0dp"
    },
    "_margin_": [
        0,
        0,
        0,
        0
    ],
    "_orientation_": 6,
    "_padding_": [
        0,
        0,
        0,
        0
    ],
    "_percent_": true,
    "_skin_": "s7d42e9658a243b0ada4fb94f8a45037",
    "_top_": {
        "type": "string",
        "value": "27dp"
    },
    "_width_": {
        "type": "string",
        "value": "100%"
    },
    "allboxes": [],
    "autogrowmode": 0,
    "canUpdateUI": true,
    "centery": {
        "type": "string",
        "value": "72%"
    },
    "children": [],
    "clipbounds": true,
    "containerweight": 100,
    "enablescrolling": true,
    "id": "flxback",
    "ide_onTouchEnd": "AS_FlexContainer_bfcad5b9b1094c09b0e87647b14559b1",
    "ide_onTouchMove": "AS_FlexContainer_jf0c97fb1b304107aa8ba71ee1c2021d",
    "info": null,
    "isvisible": true,
    "kuid": "u62c7272bd124cf08f114a8429c4a0b8",
    "layouttype": 2,
    "name": "kony.ui.FlexContainer",
    "ontouchend": "AS_FlexContainer_bfcad5b9b1094c09b0e87647b14559b1",
    "ontouchmove": "AS_FlexContainer_jf0c97fb1b304107aa8ba71ee1c2021d",
    "parent": "singleslider",
    "pf": "userwidgetmodel",
    "snapgridsize": 10,
    "snaptogrid": true,
    "wType": "FlexContainer",
    "widgetalignment": 1,
    "zindex": 1
}