{
    "DNDConfig": null,
    "__parentReadjusting__": false,
    "_height_": {
        "type": "string",
        "value": "46%"
    },
    "_left_": {
        "type": "string",
        "value": "0dp"
    },
    "_margin_": [
        0,
        0,
        0,
        0
    ],
    "_orientation_": 6,
    "_padding_": [
        0,
        0,
        0,
        0
    ],
    "_percent_": true,
    "_skin_": "sd3f74e287c545eeae5af2137cfbc9d3",
    "_top_": {
        "type": "string",
        "value": "0%"
    },
    "_width_": {
        "type": "string",
        "value": "100%"
    },
    "allboxes": [],
    "autogrowmode": 0,
    "canUpdateUI": true,
    "centery": {
        "type": "string",
        "value": "22%"
    },
    "children": [],
    "clipbounds": true,
    "containerweight": 100,
    "enablescrolling": true,
    "id": "flxBlocker",
    "ide_onTouchMove": "AS_FlexContainer_b8d5cabdd4b7473aa6c6b6632aaa160a",
    "ide_onTouchStart": "AS_FlexContainer_a75bd4f7efdb4a9ab8ec32675edd44bc",
    "info": null,
    "isvisible": true,
    "kuid": "ude63fcad8c949d49a460792a2f5652d",
    "layouttype": 2,
    "name": "kony.ui.FlexContainer",
    "ontouchmove": "AS_FlexContainer_b8d5cabdd4b7473aa6c6b6632aaa160a",
    "ontouchstart": "AS_FlexContainer_a75bd4f7efdb4a9ab8ec32675edd44bc",
    "parent": "singleslider",
    "pf": "userwidgetmodel",
    "snapgridsize": 10,
    "snaptogrid": true,
    "wType": "FlexContainer",
    "widgetalignment": 1,
    "zindex": 5
}