{
    "DNDConfig": null,
    "__parentReadjusting__": false,
    "_height_": {
        "type": "string",
        "value": "100%"
    },
    "_left_": {
        "type": "string",
        "value": "0%"
    },
    "_margin_": [
        0,
        0,
        0,
        0
    ],
    "_orientation_": 6,
    "_padding_": [
        0,
        0,
        0,
        0
    ],
    "_percent_": true,
    "_skin_": "sa898b25f1504d4c9dca4abec662e293",
    "_top_": {
        "type": "string",
        "value": "0%"
    },
    "_width_": {
        "type": "string",
        "value": "55dp"
    },
    "allboxes": [],
    "autogrowmode": 0,
    "canUpdateUI": true,
    "centerx": {
        "type": "string",
        "value": "7.50%"
    },
    "children": [
        "lblIndicatorLeft",
        "imgPinIndicator",
        "flxSlider"
    ],
    "clipbounds": true,
    "containerweight": 100,
    "enablescrolling": true,
    "id": "flxLeft",
    "ide_onTouchEnd": "AS_FlexContainer_fdd2a26062284d91a20fec12d6e5f9ee",
    "ide_onTouchStart": "AS_FlexContainer_a9e9b031414a4c71863194a370f24f2e",
    "info": null,
    "isvisible": false,
    "kuid": "u51e4ee8c3864065875741f9fde786ce",
    "layouttype": 2,
    "name": "kony.ui.FlexContainer",
    "ontouchend": "AS_FlexContainer_fdd2a26062284d91a20fec12d6e5f9ee",
    "ontouchstart": "AS_FlexContainer_a9e9b031414a4c71863194a370f24f2e",
    "parent": "flxContainer",
    "pf": "userwidgetmodel",
    "snapgridsize": 10,
    "snaptogrid": true,
    "wType": "FlexContainer",
    "widgetalignment": 1,
    "zindex": 5
}