{
    "DNDConfig": null,
    "__parentReadjusting__": false,
    "_height_": {
        "type": "string",
        "value": "100%"
    },
    "_left_": {
        "type": "string",
        "value": "45%"
    },
    "_margin_": [
        0,
        0,
        0,
        0
    ],
    "_orientation_": 6,
    "_padding_": [
        0,
        0,
        0,
        0
    ],
    "_percent_": true,
    "_skin_": "sa898b25f1504d4c9dca4abec662e293",
    "_top_": {
        "type": "string",
        "value": "0%"
    },
    "_width_": {
        "type": "string",
        "value": "55dp"
    },
    "allboxes": [],
    "autogrowmode": 0,
    "canUpdateUI": true,
    "centerx": {
        "type": "string",
        "value": "88.50%"
    },
    "children": [
        "lblIndicatorRight",
        "imgPinIndicatorRight",
        "sliderPin"
    ],
    "clipbounds": true,
    "containerweight": 100,
    "enablescrolling": true,
    "id": "flxRight",
    "ide_onTouchEnd": "AS_FlexContainer_a210306c5bfd4b8f8856f4072beaa644",
    "ide_onTouchStart": "AS_FlexContainer_ie04a0d4a7c046be9ddebce5909d416d",
    "info": null,
    "isvisible": true,
    "kuid": "u6f37ce3aac74cefa84376ad90bd3bb3",
    "layouttype": 2,
    "name": "kony.ui.FlexContainer",
    "ontouchend": "AS_FlexContainer_a210306c5bfd4b8f8856f4072beaa644",
    "ontouchstart": "AS_FlexContainer_ie04a0d4a7c046be9ddebce5909d416d",
    "parent": "flxContainer",
    "pf": "userwidgetmodel",
    "snapgridsize": 10,
    "snaptogrid": true,
    "wType": "FlexContainer",
    "widgetalignment": 1,
    "zindex": 5
}