{
    "@class": "com.kony.gen.viz.model.component.KVizImage2",
    "DNDConfig": null,
    "__parentReadjusting__": false,
    "_base64_": null,
    "_height_": {
        "type": "string",
        "value": "35dp"
    },
    "_margin_": [
        0,
        0,
        0,
        0
    ],
    "_padding_": [
        0,
        0,
        0,
        0
    ],
    "_skin_": "",
    "_src_": "currentpin.png",
    "_top_": {
        "type": "string",
        "value": "77dp"
    },
    "_width_": {
        "type": "string",
        "value": "35dp"
    },
    "canUpdateUI": true,
    "centerx": {
        "type": "string",
        "value": "50%"
    },
    "centery": {
        "type": "string",
        "value": "25%"
    },
    "containerweight": 100,
    "context": {
        "channel": "mobile",
        "formID": "uwua3b7c92484c4983985df21de115acb6",
        "platform": "iphone",
        "templateType": "userwidgets",
        "topLevelBox": null
    },
    "id": "imgPinIndicator",
    "imagescalemode": 0,
    "info": null,
    "isvisible": false,
    "kuid": "u46ad0126e584d7ab2acdf7f368269d6",
    "name": "kony.ui.Image2",
    "parent": "flxLeft",
    "pf": "userwidgetmodel",
    "srcType": 1,
    "wType": "Image",
    "widgetalignment": 5,
    "zindex": 1
}