{
    "@class": "com.kony.gen.viz.model.component.KVizImage2",
    "DNDConfig": null,
    "__parentReadjusting__": false,
    "_base64_": null,
    "_height_": {
        "type": "string",
        "value": "25dp"
    },
    "_margin_": [
        0,
        0,
        0,
        0
    ],
    "_padding_": [
        0,
        0,
        0,
        0
    ],
    "_skin_": "s0110c6e51734175b4910209b5c5b877",
    "_src_": "singleslider_point.png",
    "_width_": {
        "type": "string",
        "value": "25dp"
    },
    "canUpdateUI": true,
    "centerx": {
        "type": "string",
        "value": "50%"
    },
    "centery": {
        "type": "string",
        "value": "65%"
    },
    "containerweight": 100,
    "context": {
        "channel": "mobile",
        "formID": "uwua3b7c92484c4983985df21de115acb6",
        "platform": "iphone",
        "templateType": "userwidgets",
        "topLevelBox": null
    },
    "id": "sliderPin",
    "imagescalemode": 1,
    "info": null,
    "isvisible": true,
    "kuid": "f28c0c929cbe4e50a1855793e8def3bd",
    "name": "kony.ui.Image2",
    "parent": "flxRight",
    "pf": "userwidgetmodel",
    "srcType": 1,
    "wType": "Image",
    "widgetalignment": 5,
    "zindex": 1
}