{
  "android": {
    "font_name": "Helvetica",
    "font_size": 142,
    "isForked": false
  },
  "androidwearos": {
    "font_name": "default",
    "font_size": 182,
    "isForked": false
  },
  "background_color": "00000000",
  "bg_type": "one",
  "border_color": "ffffffff",
  "border_style": "plain",
  "border_type": 0,
  "border_width": 0,
  "desktopweb": {
    "font_name": "Helvetica",
    "font_size": 319,
    "isForked": false
  },
  "fontSizeInPx": true,
  "font_color": "ffffffff",
  "font_name": "iphoneSystem",
  "font_size": 176,
  "font_style": "normal",
  "font_weight": "400",
  "ipad": {
    "font_name": "System",
    "font_size": 182,
    "isForked": false
  },
  "iphone": {
    "font_name": "Helvetica",
    "font_size": 176,
    "isForked": false
  },
  "isDefaultSkin": false,
  "kiosk": {
    "font_name": "None",
    "font_size": 319,
    "isForked": false
  },
  "kuid": "safa5d101ed14309bdbfca97252c4665",
  "spaan": {
    "font_name": "Helvetica",
    "font_size": 170,
    "isForked": false
  },
  "spaandroidtablet": {
    "font_name": "Helvetica",
    "font_size": 142,
    "isForked": false
  },
  "spaip": {
    "font_name": "Helvetica",
    "font_size": 164,
    "isForked": false
  },
  "spaipad": {
    "font_name": "Helvetica",
    "font_size": 150,
    "isForked": false
  },
  "spawindowstablet": {
    "font_name": "Helvetica",
    "font_size": 150,
    "isForked": false
  },
  "spawinphone8": {
    "font_name": "Helvetica",
    "font_size": 213,
    "isForked": false
  },
  "tabrcandroid": {
    "font_name": "default",
    "font_size": 302,
    "isForked": false
  },
  "wType": "Button",
  "watchos": {
    "font_name": "System",
    "font_size": 182,
    "isForked": false
  },
  "windows8": {
    "font_name": "None",
    "font_size": 124,
    "isForked": false
  },
  "winphone8": {
    "font_name": "None",
    "font_size": 170,
    "isForked": false
  }
}