{
  "android": {
    "font_name": "Helvetica",
    "font_size": 140,
    "isForked": false
  },
  "androidwearos": {
    "font_name": "default",
    "font_size": 140,
    "isForked": false
  },
  "background_color": "edf5ff00",
  "bg_type": "one",
  "border_color": "00000066",
  "border_style": "plain",
  "border_type": 0,
  "border_width": 0,
  "desktopweb": {
    "font_name": "Helvetica",
    "font_size": 140,
    "isForked": false
  },
  "fontSizeInPx": false,
  "font_size": 140,
  "ipad": {
    "font_name": "Helvetica",
    "font_size": 140,
    "isForked": false
  },
  "iphone": {
    "font_name": "Helvetica",
    "font_size": 140,
    "isForked": false
  },
  "isDefaultSkin": false,
  "kiosk": {
    "font_name": "None",
    "font_size": 140,
    "isForked": false
  },
  "kuid": "s17100604f4f40e9a269c3ca13ade228",
  "spaan": {
    "font_name": "Helvetica",
    "font_size": 140,
    "isForked": false
  },
  "spaandroidtablet": {
    "font_name": "Helvetica",
    "font_size": 140,
    "isForked": false
  },
  "spaip": {
    "font_name": "Helvetica",
    "font_size": 140,
    "isForked": false
  },
  "spaipad": {
    "font_name": "Helvetica",
    "font_size": 140,
    "isForked": false
  },
  "spawindowstablet": {
    "font_name": "Helvetica",
    "font_size": 140,
    "isForked": false
  },
  "spawinphone8": {
    "font_name": "Helvetica",
    "font_size": 140,
    "isForked": false
  },
  "tabrcandroid": {
    "font_name": "Helvetica",
    "font_size": 140,
    "isForked": false
  },
  "wType": "Segment",
  "watchos": {
    "font_name": "System",
    "font_size": 140,
    "isForked": false
  },
  "windows8": {
    "font_name": "None",
    "font_size": 140,
    "isForked": false
  },
  "winphone8": {
    "font_name": "None",
    "font_size": 140,
    "isForked": false
  }
}