{
  "android": {
    "font_name": "Helvetica",
    "font_size": 119,
    "isForked": false
  },
  "androidwearos": {
    "font_name": "default",
    "font_size": 154,
    "isForked": false
  },
  "background_color": "00000000",
  "bg_type": "one",
  "border_color": "424242ff",
  "border_style": "plain",
  "border_type": 0,
  "border_width": 0,
  "desktopweb": {
    "font_name": "Helvetica",
    "font_size": 269,
    "isForked": false
  },
  "fontSizeInPx": true,
  "font_color": "333333ff",
  "font_name": "iphoneSystem",
  "font_size": 119,
  "font_style": "normal",
  "font_weight": "400",
  "ipad": {
    "font_name": "Helvetica",
    "font_size": 154,
    "isForked": false
  },
  "iphone": {
    "font_name": "Helvetica",
    "font_size": 148,
    "isForked": false
  },
  "isDefaultSkin": false,
  "kiosk": {
    "font_name": "None",
    "font_size": 269,
    "isForked": false
  },
  "kuid": "s5fd1fa00b204ee8847a3ffb3285913d",
  "spaan": {
    "font_name": "Helvetica",
    "font_size": 110,
    "isForked": false
  },
  "spaandroidtablet": {
    "font_name": "Helvetica",
    "font_size": 92,
    "isForked": false
  },
  "spaip": {
    "font_name": "Helvetica",
    "font_size": 107,
    "isForked": false
  },
  "spaipad": {
    "font_name": "Helvetica",
    "font_size": 97,
    "isForked": false
  },
  "spawindowstablet": {
    "font_name": "Helvetica",
    "font_size": 97,
    "isForked": false
  },
  "spawinphone8": {
    "font_name": "Helvetica",
    "font_size": 138,
    "isForked": false
  },
  "tabrcandroid": {
    "font_name": "Helvetica",
    "font_size": 255,
    "isForked": false
  },
  "wType": "Label",
  "watchos": {
    "font_name": "System",
    "font_size": 154,
    "isForked": false
  },
  "windows8": {
    "font_name": "None",
    "font_size": 105,
    "isForked": false
  },
  "winphone8": {
    "font_name": "None",
    "font_size": 143,
    "isForked": false
  }
}