{
    "android": {
        "border_color": "333333ff",
        "border_style": "plain",
        "border_type": 0,
        "border_width": 0,
        "font_name": "default",
        "isForked": true
    },
    "androidwearos": {
        "border_color": "333333ff",
        "border_style": "plain",
        "border_type": 0,
        "border_width": 0,
        "font_name": "default",
        "isForked": true
    },
    "background_color": "ffffffff",
    "bg_type": "one",
    "border_color": "333333ff",
    "border_style": "plain",
    "border_type": 0,
    "border_width": 1,
    "desktopweb": {
        "font_name": "Helvetica"
    },
    "font_color": "333333ff",
    "font_name": "iphoneSystem",
    "font_size": 107,
    "font_style": "normal",
    "font_weight": "400",
    "ipad": {
        "border_color": "333333ff",
        "border_style": "plain",
        "border_type": 0,
        "border_width": 0,
        "font_name": "System",
        "isForked": true
    },
    "iphone": {
        "border_color": "333333ff",
        "border_style": "plain",
        "border_type": 0,
        "border_width": 0,
        "font_name": "System",
        "isForked": true
    },
    "isDefaultSkin": false,
    "kiosk": {
        "border_color": "333333ff",
        "border_style": "plain",
        "border_type": 0,
        "border_width": 0,
        "font_name": "None",
        "isForked": true
    },
    "kuid": "s43f891d0aa94ec486ef22b86f9bcb44",
    "spaan": {
        "font_name": "Helvetica"
    },
    "spaandroidtablet": {
        "font_name": "Helvetica"
    },
    "spaip": {
        "font_name": "Helvetica"
    },
    "spaipad": {
        "font_name": "Helvetica"
    },
    "spawindowstablet": {
        "font_name": "Helvetica"
    },
    "spawinphone8": {
        "font_name": "Helvetica"
    },
    "tabrcandroid": {
        "border_color": "333333ff",
        "border_style": "plain",
        "border_type": 0,
        "border_width": 0,
        "font_name": "default",
        "isForked": true
    },
    "wType": "TextField",
    "watchos": {
        "font_name": "System"
    },
    "windows8": {
        "border_color": "333333ff",
        "border_style": "plain",
        "border_type": 0,
        "border_width": 0,
        "font_name": "None",
        "isForked": true
    },
    "winphone8": {
        "border_color": "333333ff",
        "border_style": "plain",
        "border_type": 0,
        "border_width": 0,
        "font_name": "None",
        "isForked": true
    }
}