{
  "android": {
    "background_color": "003e75ff",
    "bg_type": "one",
    "font_name": "default",
    "font_size": 190,
    "isForked": true
  },
  "androidwearos": {
    "background_color": "003e75ff",
    "bg_type": "one",
    "font_name": "default",
    "font_size": 190,
    "isForked": true
  },
  "background_color": "00a3d9ff",
  "bg_type": "one",
  "border_color": "00a3d9ff",
  "border_style": "plain",
  "border_type": 0,
  "border_width": 0,
  "desktopweb": {
    "background_color": "003e75ff",
    "bg_type": "one",
    "bottom_left_border_color": "00a3d9ff",
    "bottom_left_border_style": "plain",
    "bottom_left_border_width": 0,
    "bottom_right_border_color": "00a3d9ff",
    "bottom_right_border_style": "plain",
    "bottom_right_border_width": 0,
    "font_name": "Helvetica",
    "font_size": 190,
    "isForked": true,
    "top_left_border_color": "00a3d9ff",
    "top_left_border_style": "plain",
    "top_left_border_width": 0,
    "top_right_border_color": "00a3d9ff",
    "top_right_border_style": "plain",
    "top_right_border_width": 0
  },
  "fontSizeInPx": false,
  "font_color": "ffffffff",
  "font_name": "iphoneSystem",
  "font_size": 190,
  "font_style": "normal",
  "font_weight": "400",
  "ipad": {
    "background_color": "003e75ff",
    "bg_type": "one",
    "font_name": "System",
    "font_size": 190,
    "isForked": true
  },
  "iphone": {
    "background_color": "003e75ff",
    "bg_type": "one",
    "font_name": "System",
    "font_size": 190,
    "isForked": true
  },
  "isDefaultSkin": false,
  "kiosk": {
    "background_color": "003e75ff",
    "bg_type": "one",
    "font_name": "None",
    "font_size": 190,
    "isForked": true
  },
  "kuid": "sed2793073d04e01970d4687f490a827",
  "spaan": {
    "background_color": "003e75ff",
    "bg_type": "one",
    "bottom_left_border_color": "00a3d9ff",
    "bottom_left_border_style": "plain",
    "bottom_left_border_width": 0,
    "bottom_right_border_color": "00a3d9ff",
    "bottom_right_border_style": "plain",
    "bottom_right_border_width": 0,
    "font_name": "Helvetica",
    "font_size": 190,
    "isForked": true,
    "top_left_border_color": "00a3d9ff",
    "top_left_border_style": "plain",
    "top_left_border_width": 0,
    "top_right_border_color": "00a3d9ff",
    "top_right_border_style": "plain",
    "top_right_border_width": 0
  },
  "spaandroidtablet": {
    "background_color": "003e75ff",
    "bg_type": "one",
    "bottom_left_border_color": "00a3d9ff",
    "bottom_left_border_style": "plain",
    "bottom_left_border_width": 0,
    "bottom_right_border_color": "00a3d9ff",
    "bottom_right_border_style": "plain",
    "bottom_right_border_width": 0,
    "font_name": "Helvetica",
    "font_size": 190,
    "isForked": true,
    "top_left_border_color": "00a3d9ff",
    "top_left_border_style": "plain",
    "top_left_border_width": 0,
    "top_right_border_color": "00a3d9ff",
    "top_right_border_style": "plain",
    "top_right_border_width": 0
  },
  "spaip": {
    "background_color": "003e75ff",
    "bg_type": "one",
    "bottom_left_border_color": "00a3d9ff",
    "bottom_left_border_style": "plain",
    "bottom_left_border_width": 0,
    "bottom_right_border_color": "00a3d9ff",
    "bottom_right_border_style": "plain",
    "bottom_right_border_width": 0,
    "font_name": "Helvetica",
    "font_size": 190,
    "isForked": true,
    "top_left_border_color": "00a3d9ff",
    "top_left_border_style": "plain",
    "top_left_border_width": 0,
    "top_right_border_color": "00a3d9ff",
    "top_right_border_style": "plain",
    "top_right_border_width": 0
  },
  "spaipad": {
    "background_color": "003e75ff",
    "bg_type": "one",
    "bottom_left_border_color": "00a3d9ff",
    "bottom_left_border_style": "plain",
    "bottom_left_border_width": 0,
    "bottom_right_border_color": "00a3d9ff",
    "bottom_right_border_style": "plain",
    "bottom_right_border_width": 0,
    "font_name": "Helvetica",
    "font_size": 190,
    "isForked": true,
    "top_left_border_color": "00a3d9ff",
    "top_left_border_style": "plain",
    "top_left_border_width": 0,
    "top_right_border_color": "00a3d9ff",
    "top_right_border_style": "plain",
    "top_right_border_width": 0
  },
  "spawindowstablet": {
    "background_color": "003e75ff",
    "bg_type": "one",
    "bottom_left_border_color": "00a3d9ff",
    "bottom_left_border_style": "plain",
    "bottom_left_border_width": 0,
    "bottom_right_border_color": "00a3d9ff",
    "bottom_right_border_style": "plain",
    "bottom_right_border_width": 0,
    "font_name": "Helvetica",
    "font_size": 190,
    "isForked": true,
    "top_left_border_color": "00a3d9ff",
    "top_left_border_style": "plain",
    "top_left_border_width": 0,
    "top_right_border_color": "00a3d9ff",
    "top_right_border_style": "plain",
    "top_right_border_width": 0
  },
  "spawinphone8": {
    "background_color": "003e75ff",
    "bg_type": "one",
    "bottom_left_border_color": "00a3d9ff",
    "bottom_left_border_style": "plain",
    "bottom_left_border_width": 0,
    "bottom_right_border_color": "00a3d9ff",
    "bottom_right_border_style": "plain",
    "bottom_right_border_width": 0,
    "font_name": "Helvetica",
    "font_size": 190,
    "isForked": true,
    "top_left_border_color": "00a3d9ff",
    "top_left_border_style": "plain",
    "top_left_border_width": 0,
    "top_right_border_color": "00a3d9ff",
    "top_right_border_style": "plain",
    "top_right_border_width": 0
  },
  "tabrcandroid": {
    "background_color": "003e75ff",
    "bg_type": "one",
    "font_name": "default",
    "font_size": 190,
    "isForked": true
  },
  "wType": "Button",
  "watchos": {
    "background_color": "003e75ff",
    "bg_type": "one",
    "font_name": "System",
    "font_size": 190,
    "isForked": true
  },
  "windows8": {
    "background_color": "003e75ff",
    "bg_type": "one",
    "font_name": "None",
    "font_size": 190,
    "isForked": true
  },
  "winphone8": {
    "background_color": "003e75ff",
    "bg_type": "one",
    "font_name": "None",
    "font_size": 190,
    "isForked": true
  }
}