{
  "android": {
    "background_color": "01539bff",
    "bg_type": "one",
    "border_color": "ffffff00",
    "border_style": "rc",
    "border_type": 0,
    "border_width": 1,
    "font_name": "Helvetica",
    "font_size": 139,
    "isForked": true
  },
  "androidwearos": {
    "background_color": "01539bff",
    "bg_type": "one",
    "border_color": "ffffff00",
    "border_style": "rc",
    "border_type": 0,
    "border_width": 1,
    "font_name": "Helvetica",
    "font_size": 179,
    "isForked": true
  },
  "background_color": "4b88f1ff",
  "bg_type": "one",
  "border_color": "ffffffff",
  "border_style": "plain",
  "border_type": 0,
  "border_width": 0,
  "desktopweb": {
    "background_color": "01539bff",
    "bg_type": "one",
    "bottom_left_border_color": "ffffffff",
    "bottom_left_border_style": "plain",
    "bottom_left_border_width": 0,
    "bottom_right_border_color": "ffffffff",
    "bottom_right_border_style": "plain",
    "bottom_right_border_width": 0,
    "font_name": "Helvetica",
    "font_size": 313,
    "isForked": true,
    "top_left_border_color": "ffffffff",
    "top_left_border_style": "plain",
    "top_left_border_width": 0,
    "top_right_border_color": "ffffffff",
    "top_right_border_style": "plain",
    "top_right_border_width": 0
  },
  "fontSizeInPx": true,
  "font_color": "ffffffff",
  "font_name": "iphoneSystem",
  "font_size": 150,
  "font_style": "normal",
  "font_weight": "400",
  "ipad": {
    "background_color": "01539bff",
    "bg_type": "one",
    "border_color": "ffffff00",
    "border_style": "rc",
    "border_type": 0,
    "border_width": 1,
    "font_name": "Helvetica",
    "font_size": 179,
    "isForked": true
  },
  "iphone": {
    "background_color": "01539bff",
    "bg_type": "one",
    "border_color": "ffffff00",
    "border_style": "rc",
    "border_type": 0,
    "border_width": 1,
    "font_name": "Helvetica",
    "font_size": 172,
    "isForked": true
  },
  "isDefaultSkin": false,
  "kiosk": {
    "background_color": "01539bff",
    "bg_type": "one",
    "border_color": "ffffff00",
    "border_style": "rc",
    "border_type": 0,
    "border_width": 1,
    "font_name": "None",
    "font_size": 313,
    "isForked": true
  },
  "kuid": "s3b6252d859d4057820a9b54a942a8c6",
  "spaan": {
    "background_color": "01539bff",
    "bg_type": "one",
    "bottom_left_border_color": "ffffffff",
    "bottom_left_border_style": "plain",
    "bottom_left_border_width": 0,
    "bottom_right_border_color": "ffffffff",
    "bottom_right_border_style": "plain",
    "bottom_right_border_width": 0,
    "font_name": "Helvetica",
    "font_size": 167,
    "isForked": true,
    "top_left_border_color": "ffffffff",
    "top_left_border_style": "plain",
    "top_left_border_width": 0,
    "top_right_border_color": "ffffffff",
    "top_right_border_style": "plain",
    "top_right_border_width": 0
  },
  "spaandroidtablet": {
    "background_color": "01539bff",
    "bg_type": "one",
    "bottom_left_border_color": "ffffffff",
    "bottom_left_border_style": "plain",
    "bottom_left_border_width": 0,
    "bottom_right_border_color": "ffffffff",
    "bottom_right_border_style": "plain",
    "bottom_right_border_width": 0,
    "font_name": "Helvetica",
    "font_size": 139,
    "isForked": true,
    "top_left_border_color": "ffffffff",
    "top_left_border_style": "plain",
    "top_left_border_width": 0,
    "top_right_border_color": "ffffffff",
    "top_right_border_style": "plain",
    "top_right_border_width": 0
  },
  "spaip": {
    "background_color": "01539bff",
    "bg_type": "one",
    "bottom_left_border_color": "ffffffff",
    "bottom_left_border_style": "plain",
    "bottom_left_border_width": 0,
    "bottom_right_border_color": "ffffffff",
    "bottom_right_border_style": "plain",
    "bottom_right_border_width": 0,
    "font_name": "Helvetica",
    "font_size": 161,
    "isForked": true,
    "top_left_border_color": "ffffffff",
    "top_left_border_style": "plain",
    "top_left_border_width": 0,
    "top_right_border_color": "ffffffff",
    "top_right_border_style": "plain",
    "top_right_border_width": 0
  },
  "spaipad": {
    "background_color": "01539bff",
    "bg_type": "one",
    "bottom_left_border_color": "ffffffff",
    "bottom_left_border_style": "plain",
    "bottom_left_border_width": 0,
    "bottom_right_border_color": "ffffffff",
    "bottom_right_border_style": "plain",
    "bottom_right_border_width": 0,
    "font_name": "Helvetica",
    "font_size": 147,
    "isForked": true,
    "top_left_border_color": "ffffffff",
    "top_left_border_style": "plain",
    "top_left_border_width": 0,
    "top_right_border_color": "ffffffff",
    "top_right_border_style": "plain",
    "top_right_border_width": 0
  },
  "spawindowstablet": {
    "background_color": "01539bff",
    "bg_type": "one",
    "bottom_left_border_color": "ffffffff",
    "bottom_left_border_style": "plain",
    "bottom_left_border_width": 0,
    "bottom_right_border_color": "ffffffff",
    "bottom_right_border_style": "plain",
    "bottom_right_border_width": 0,
    "font_name": "Helvetica",
    "font_size": 147,
    "isForked": true,
    "top_left_border_color": "ffffffff",
    "top_left_border_style": "plain",
    "top_left_border_width": 0,
    "top_right_border_color": "ffffffff",
    "top_right_border_style": "plain",
    "top_right_border_width": 0
  },
  "spawinphone8": {
    "background_color": "01539bff",
    "bg_type": "one",
    "bottom_left_border_color": "ffffffff",
    "bottom_left_border_style": "plain",
    "bottom_left_border_width": 0,
    "bottom_right_border_color": "ffffffff",
    "bottom_right_border_style": "plain",
    "bottom_right_border_width": 0,
    "font_name": "Helvetica",
    "font_size": 208,
    "isForked": true,
    "top_left_border_color": "ffffffff",
    "top_left_border_style": "plain",
    "top_left_border_width": 0,
    "top_right_border_color": "ffffffff",
    "top_right_border_style": "plain",
    "top_right_border_width": 0
  },
  "tabrcandroid": {
    "background_color": "01539bff",
    "bg_type": "one",
    "border_color": "ffffff00",
    "border_style": "rc",
    "border_type": 0,
    "border_width": 1,
    "font_name": "Helvetica",
    "font_size": 296,
    "isForked": true
  },
  "wType": "Button",
  "watchos": {
    "background_color": "01539bff",
    "bg_type": "one",
    "font_name": "Helvetica",
    "font_size": 179,
    "isForked": true
  },
  "windows8": {
    "background_color": "01539bff",
    "bg_type": "one",
    "border_color": "ffffff00",
    "border_style": "rc",
    "border_type": 0,
    "border_width": 1,
    "font_name": "None",
    "font_size": 122,
    "isForked": true
  },
  "winphone8": {
    "background_color": "01539bff",
    "bg_type": "one",
    "border_color": "ffffff00",
    "border_style": "rc",
    "border_type": 0,
    "border_width": 1,
    "font_name": "None",
    "font_size": 167,
    "isForked": true
  }
}