{
  "androidwearos": {
    "background_color": "00000000",
    "bg_type": "one",
    "border_color": "01539bff",
    "border_style": "custom",
    "border_type": 0,
    "border_width": 1,
    "font_name": "default",
    "isForked": true
  },
  "background_color": "092b5100",
  "bg_type": "one",
  "border_color": "092b51ff",
  "border_style": "plain",
  "border_type": 0,
  "border_width": 2,
  "desktopweb": {
    "background_color": "00000000",
    "bg_type": "one",
    "bottom_left_border_color": "01539bff",
    "bottom_left_border_radius": 0,
    "bottom_left_border_style": "rc",
    "bottom_left_border_width": 1,
    "bottom_right_border_color": "01539bff",
    "bottom_right_border_radius": 0,
    "bottom_right_border_style": "rc",
    "bottom_right_border_width": 1,
    "isForked": true,
    "top_left_border_color": "01539bff",
    "top_left_border_radius": 0,
    "top_left_border_style": "rc",
    "top_left_border_width": 1,
    "top_right_border_color": "01539bff",
    "top_right_border_radius": 0,
    "top_right_border_style": "rc",
    "top_right_border_width": 1
  },
  "ipad": {
    "background_color": "00000000",
    "bg_type": "one",
    "border_color": "01539bff",
    "border_radius": 0,
    "border_style": "custom",
    "border_type": 0,
    "border_width": 1,
    "isForked": true
  },
  "isDefaultSkin": false,
  "kiosk": {
    "background_color": "00000000",
    "bg_type": "one",
    "border_color": "01539bff",
    "border_radius": 0,
    "border_style": "custom",
    "border_type": 0,
    "border_width": 1,
    "isForked": true
  },
  "kuid": "se0f6ea479c34539bcd4adf7af8b5209",
  "spaan": {
    "background_color": "00000000",
    "bg_type": "one",
    "bottom_left_border_color": "01539bff",
    "bottom_left_border_radius": 0,
    "bottom_left_border_style": "rc",
    "bottom_left_border_width": 1,
    "bottom_right_border_color": "01539bff",
    "bottom_right_border_radius": 0,
    "bottom_right_border_style": "rc",
    "bottom_right_border_width": 1,
    "isForked": true,
    "top_left_border_color": "01539bff",
    "top_left_border_radius": 0,
    "top_left_border_style": "rc",
    "top_left_border_width": 1,
    "top_right_border_color": "01539bff",
    "top_right_border_radius": 0,
    "top_right_border_style": "rc",
    "top_right_border_width": 1
  },
  "spaandroidtablet": {
    "background_color": "00000000",
    "bg_type": "one",
    "bottom_left_border_color": "01539bff",
    "bottom_left_border_radius": 0,
    "bottom_left_border_style": "rc",
    "bottom_left_border_width": 1,
    "bottom_right_border_color": "01539bff",
    "bottom_right_border_radius": 0,
    "bottom_right_border_style": "rc",
    "bottom_right_border_width": 1,
    "isForked": true,
    "top_left_border_color": "01539bff",
    "top_left_border_radius": 0,
    "top_left_border_style": "rc",
    "top_left_border_width": 1,
    "top_right_border_color": "01539bff",
    "top_right_border_radius": 0,
    "top_right_border_style": "rc",
    "top_right_border_width": 1
  },
  "spaip": {
    "background_color": "00000000",
    "bg_type": "one",
    "bottom_left_border_color": "01539bff",
    "bottom_left_border_radius": 0,
    "bottom_left_border_style": "rc",
    "bottom_left_border_width": 1,
    "bottom_right_border_color": "01539bff",
    "bottom_right_border_radius": 0,
    "bottom_right_border_style": "rc",
    "bottom_right_border_width": 1,
    "isForked": true,
    "top_left_border_color": "01539bff",
    "top_left_border_radius": 0,
    "top_left_border_style": "rc",
    "top_left_border_width": 1,
    "top_right_border_color": "01539bff",
    "top_right_border_radius": 0,
    "top_right_border_style": "rc",
    "top_right_border_width": 1
  },
  "spaipad": {
    "background_color": "00000000",
    "bg_type": "one",
    "bottom_left_border_color": "01539bff",
    "bottom_left_border_radius": 0,
    "bottom_left_border_style": "rc",
    "bottom_left_border_width": 1,
    "bottom_right_border_color": "01539bff",
    "bottom_right_border_radius": 0,
    "bottom_right_border_style": "rc",
    "bottom_right_border_width": 1,
    "isForked": true,
    "top_left_border_color": "01539bff",
    "top_left_border_radius": 0,
    "top_left_border_style": "rc",
    "top_left_border_width": 1,
    "top_right_border_color": "01539bff",
    "top_right_border_radius": 0,
    "top_right_border_style": "rc",
    "top_right_border_width": 1
  },
  "spawindowstablet": {
    "background_color": "00000000",
    "bg_type": "one",
    "bottom_left_border_color": "01539bff",
    "bottom_left_border_radius": 0,
    "bottom_left_border_style": "rc",
    "bottom_left_border_width": 1,
    "bottom_right_border_color": "01539bff",
    "bottom_right_border_radius": 0,
    "bottom_right_border_style": "rc",
    "bottom_right_border_width": 1,
    "isForked": true,
    "top_left_border_color": "01539bff",
    "top_left_border_radius": 0,
    "top_left_border_style": "rc",
    "top_left_border_width": 1,
    "top_right_border_color": "01539bff",
    "top_right_border_radius": 0,
    "top_right_border_style": "rc",
    "top_right_border_width": 1
  },
  "spawinphone8": {
    "background_color": "00000000",
    "bg_type": "one",
    "bottom_left_border_color": "01539bff",
    "bottom_left_border_radius": 0,
    "bottom_left_border_style": "rc",
    "bottom_left_border_width": 1,
    "bottom_right_border_color": "01539bff",
    "bottom_right_border_radius": 0,
    "bottom_right_border_style": "rc",
    "bottom_right_border_width": 1,
    "isForked": true,
    "top_left_border_color": "01539bff",
    "top_left_border_radius": 0,
    "top_left_border_style": "rc",
    "top_left_border_width": 1,
    "top_right_border_color": "01539bff",
    "top_right_border_radius": 0,
    "top_right_border_style": "rc",
    "top_right_border_width": 1
  },
  "tabrcandroid": {
    "background_color": "00000000",
    "bg_type": "one",
    "border_color": "01539bff",
    "border_style": "custom",
    "border_type": 0,
    "border_width": 1,
    "isForked": true
  },
  "wType": "FlexContainer",
  "watchos": {
    "font_name": "System"
  },
  "windows8": {
    "background_color": "00000000",
    "bg_type": "one",
    "border_color": "01539bff",
    "border_style": "custom",
    "border_type": 0,
    "border_width": 1,
    "isForked": true
  },
  "winphone8": {
    "background_color": "00000000",
    "bg_type": "one",
    "border_color": "01539bff",
    "border_style": "custom",
    "border_type": 0,
    "border_width": 1,
    "isForked": true
  }
}