{
  "android": {
    "font_name": "default",
    "font_size": 135,
    "isForked": true,
    "text_shadow": {
      "br": 0,
      "color": "000000",
      "nm": 0,
      "x": 0,
      "y": -1
    }
  },
  "androidwearos": {
    "font_name": "default",
    "font_size": 135,
    "isForked": true,
    "text_shadow": {
      "br": 0,
      "color": "000000",
      "nm": 0,
      "x": 0,
      "y": -1
    }
  },
  "background_color": "ffffff00",
  "bg_type": "one",
  "border_color": "ffffffff",
  "border_style": "plain",
  "border_type": 0,
  "border_width": 0,
  "desktopweb": {
    "bottom_left_border_color": "ffffffff",
    "bottom_left_border_style": "plain",
    "bottom_left_border_width": 0,
    "bottom_right_border_color": "ffffffff",
    "bottom_right_border_style": "plain",
    "bottom_right_border_width": 0,
    "font_name": "Helvetica",
    "font_size": 135,
    "isForked": true,
    "text_shadow": {
      "br": 0,
      "color": "000000",
      "nm": 0,
      "x": 0,
      "y": -1
    },
    "top_left_border_color": "ffffffff",
    "top_left_border_style": "plain",
    "top_left_border_width": 0,
    "top_right_border_color": "ffffffff",
    "top_right_border_style": "plain",
    "top_right_border_width": 0
  },
  "fontSizeInPx": false,
  "font_color": "ffffffff",
  "font_name": "iphoneSystem",
  "font_size": 135,
  "font_style": "normal",
  "font_weight": "400",
  "ipad": {
    "font_name": "System",
    "font_size": 135,
    "isForked": true,
    "text_shadow": {
      "br": 0,
      "color": "000000",
      "nm": 0,
      "x": 0,
      "y": -1
    }
  },
  "iphone": {
    "font_name": "HelveticaNeue-Light",
    "font_size": 135,
    "isForked": true,
    "text_shadow": {
      "br": 0,
      "color": "000000",
      "nm": 0,
      "x": 0,
      "y": -1
    }
  },
  "isDefaultSkin": false,
  "kiosk": {
    "font_name": "None",
    "font_size": 135,
    "isForked": false
  },
  "kuid": "saca1e04b5124cb98f81dfdfdf26f410",
  "spaan": {
    "bottom_left_border_color": "ffffffff",
    "bottom_left_border_style": "plain",
    "bottom_left_border_width": 0,
    "bottom_right_border_color": "ffffffff",
    "bottom_right_border_style": "plain",
    "bottom_right_border_width": 0,
    "font_name": "Helvetica",
    "font_size": 135,
    "isForked": true,
    "text_shadow": {
      "br": 0,
      "color": "000000",
      "nm": 0,
      "x": 0,
      "y": -1
    },
    "top_left_border_color": "ffffffff",
    "top_left_border_style": "plain",
    "top_left_border_width": 0,
    "top_right_border_color": "ffffffff",
    "top_right_border_style": "plain",
    "top_right_border_width": 0
  },
  "spaandroidtablet": {
    "bottom_left_border_color": "ffffffff",
    "bottom_left_border_style": "plain",
    "bottom_left_border_width": 0,
    "bottom_right_border_color": "ffffffff",
    "bottom_right_border_style": "plain",
    "bottom_right_border_width": 0,
    "font_name": "Helvetica",
    "font_size": 135,
    "isForked": true,
    "text_shadow": {
      "br": 0,
      "color": "000000",
      "nm": 0,
      "x": 0,
      "y": -1
    },
    "top_left_border_color": "ffffffff",
    "top_left_border_style": "plain",
    "top_left_border_width": 0,
    "top_right_border_color": "ffffffff",
    "top_right_border_style": "plain",
    "top_right_border_width": 0
  },
  "spaip": {
    "bottom_left_border_color": "ffffffff",
    "bottom_left_border_style": "plain",
    "bottom_left_border_width": 0,
    "bottom_right_border_color": "ffffffff",
    "bottom_right_border_style": "plain",
    "bottom_right_border_width": 0,
    "font_name": "Helvetica",
    "font_size": 135,
    "isForked": true,
    "text_shadow": {
      "br": 0,
      "color": "000000",
      "nm": 0,
      "x": 0,
      "y": -1
    },
    "top_left_border_color": "ffffffff",
    "top_left_border_style": "plain",
    "top_left_border_width": 0,
    "top_right_border_color": "ffffffff",
    "top_right_border_style": "plain",
    "top_right_border_width": 0
  },
  "spaipad": {
    "bottom_left_border_color": "ffffffff",
    "bottom_left_border_style": "plain",
    "bottom_left_border_width": 0,
    "bottom_right_border_color": "ffffffff",
    "bottom_right_border_style": "plain",
    "bottom_right_border_width": 0,
    "font_name": "Helvetica",
    "font_size": 135,
    "isForked": true,
    "text_shadow": {
      "br": 0,
      "color": "000000",
      "nm": 0,
      "x": 0,
      "y": -1
    },
    "top_left_border_color": "ffffffff",
    "top_left_border_style": "plain",
    "top_left_border_width": 0,
    "top_right_border_color": "ffffffff",
    "top_right_border_style": "plain",
    "top_right_border_width": 0
  },
  "spawindowstablet": {
    "bottom_left_border_color": "ffffffff",
    "bottom_left_border_style": "plain",
    "bottom_left_border_width": 0,
    "bottom_right_border_color": "ffffffff",
    "bottom_right_border_style": "plain",
    "bottom_right_border_width": 0,
    "font_name": "Helvetica",
    "font_size": 135,
    "isForked": true,
    "text_shadow": {
      "br": 0,
      "color": "000000",
      "nm": 0,
      "x": 0,
      "y": -1
    },
    "top_left_border_color": "ffffffff",
    "top_left_border_style": "plain",
    "top_left_border_width": 0,
    "top_right_border_color": "ffffffff",
    "top_right_border_style": "plain",
    "top_right_border_width": 0
  },
  "spawinphone8": {
    "bottom_left_border_color": "ffffffff",
    "bottom_left_border_style": "plain",
    "bottom_left_border_width": 0,
    "bottom_right_border_color": "ffffffff",
    "bottom_right_border_style": "plain",
    "bottom_right_border_width": 0,
    "font_name": "Helvetica",
    "font_size": 135,
    "isForked": true,
    "text_shadow": {
      "br": 0,
      "color": "000000",
      "nm": 0,
      "x": 0,
      "y": -1
    },
    "top_left_border_color": "ffffffff",
    "top_left_border_style": "plain",
    "top_left_border_width": 0,
    "top_right_border_color": "ffffffff",
    "top_right_border_style": "plain",
    "top_right_border_width": 0
  },
  "tabrcandroid": {
    "font_name": "default",
    "font_size": 135,
    "isForked": true,
    "text_shadow": {
      "br": 0,
      "color": "000000",
      "nm": 0,
      "x": 0,
      "y": -1
    }
  },
  "wType": "Button",
  "watchos": {
    "font_name": "System",
    "font_size": 135,
    "isForked": false
  },
  "windows8": {
    "font_name": "None",
    "font_size": 135,
    "isForked": false
  },
  "winphone8": {
    "font_name": "None",
    "font_size": 135,
    "isForked": false
  }
}