{
  "android": {
    "font_name": "default",
    "font_size": 148,
    "isForked": false
  },
  "androidwearos": {
    "font_name": "default",
    "font_size": 148,
    "isForked": false
  },
  "background_color": "00a3d9ff",
  "bg_type": "one",
  "border_color": "ffffffff",
  "border_style": "plain",
  "border_type": 0,
  "border_width": 0,
  "desktopweb": {
    "font_name": "Helvetica",
    "font_size": 148,
    "isForked": false
  },
  "fontSizeInPx": false,
  "font_color": "ffffffff",
  "font_name": "iphoneSystem",
  "font_size": 148,
  "font_style": "normal",
  "font_weight": "400",
  "ipad": {
    "font_name": "System",
    "font_size": 148,
    "isForked": false
  },
  "iphone": {
    "font_name": "Helvetica",
    "font_size": 148,
    "isForked": false
  },
  "isDefaultSkin": false,
  "kiosk": {
    "font_name": "None",
    "font_size": 148,
    "isForked": false
  },
  "kuid": "s88363fb905f4c01a58c0192da0f0b58",
  "spaan": {
    "font_name": "Helvetica",
    "font_size": 148,
    "isForked": false
  },
  "spaandroidtablet": {
    "font_name": "Helvetica",
    "font_size": 148,
    "isForked": false
  },
  "spaip": {
    "font_name": "Helvetica",
    "font_size": 148,
    "isForked": false
  },
  "spaipad": {
    "font_name": "Helvetica",
    "font_size": 148,
    "isForked": false
  },
  "spawindowstablet": {
    "font_name": "Helvetica",
    "font_size": 148,
    "isForked": false
  },
  "spawinphone8": {
    "font_name": "Helvetica",
    "font_size": 148,
    "isForked": false
  },
  "tabrcandroid": {
    "font_name": "default",
    "font_size": 148,
    "isForked": false
  },
  "wType": "Button",
  "watchos": {
    "font_name": "System",
    "font_size": 148,
    "isForked": false
  },
  "windows8": {
    "font_name": "None",
    "font_size": 148,
    "isForked": false
  },
  "winphone8": {
    "font_name": "None",
    "font_size": 148,
    "isForked": false
  }
}