{
  "android": {
    "font_name": "default",
    "font_size": 135,
    "isForked": false
  },
  "androidwearos": {
    "font_name": "default",
    "font_size": 135,
    "isForked": false
  },
  "background_color": "4b88f100",
  "bg_type": "one",
  "border_color": "ffffffff",
  "border_style": "plain",
  "border_type": 0,
  "border_width": 0,
  "desktopweb": {
    "font_name": "Helvetica",
    "font_size": 135,
    "isForked": false
  },
  "fontSizeInPx": false,
  "font_color": "858a8fff",
  "font_name": "iphoneSystem",
  "font_size": 135,
  "font_style": "normal",
  "font_weight": "400",
  "ipad": {
    "font_name": "System",
    "font_size": 135,
    "isForked": false
  },
  "iphone": {
    "font_name": "Helvetica",
    "font_size": 135,
    "isForked": false
  },
  "isDefaultSkin": false,
  "kiosk": {
    "font_name": "None",
    "font_size": 135,
    "isForked": false
  },
  "kuid": "scb49bb2511a4c9282d60665946ac3be",
  "spaan": {
    "font_name": "Helvetica",
    "font_size": 135,
    "isForked": false
  },
  "spaandroidtablet": {
    "font_name": "Helvetica",
    "font_size": 135,
    "isForked": false
  },
  "spaip": {
    "font_name": "Helvetica",
    "font_size": 135,
    "isForked": false
  },
  "spaipad": {
    "font_name": "Helvetica",
    "font_size": 135,
    "isForked": false
  },
  "spawindowstablet": {
    "font_name": "Helvetica",
    "font_size": 135,
    "isForked": false
  },
  "spawinphone8": {
    "font_name": "Helvetica",
    "font_size": 135,
    "isForked": false
  },
  "tabrcandroid": {
    "font_name": "default",
    "font_size": 135,
    "isForked": false
  },
  "wType": "Button",
  "watchos": {
    "font_name": "System",
    "font_size": 135,
    "isForked": false
  },
  "windows8": {
    "font_name": "None",
    "font_size": 135,
    "isForked": false
  },
  "winphone8": {
    "font_name": "None",
    "font_size": 135,
    "isForked": false
  }
}