{
    "android": {
        "font_name": "default"
    },
    "androidwearos": {
        "font_name": "default"
    },
    "background_image": "bg_grey.png",
    "bg_type": "image",
    "border_color": "000000ff",
    "border_style": "plain",
    "border_type": 0,
    "border_width": 0,
    "desktopweb": {
        "font_name": "Helvetica"
    },
    "ipad": {
        "font_name": "System"
    },
    "iphone": {
        "font_name": "System"
    },
    "isDefaultSkin": false,
    "kiosk": {
        "font_name": "None"
    },
    "kuid": "s4668789c4f34f3db08b6639e9f0bd9c",
    "spaan": {
        "font_name": "Helvetica"
    },
    "spaandroidtablet": {
        "font_name": "Helvetica"
    },
    "spaip": {
        "font_name": "Helvetica"
    },
    "spaipad": {
        "font_name": "Helvetica"
    },
    "spawindowstablet": {
        "font_name": "Helvetica"
    },
    "spawinphone8": {
        "font_name": "Helvetica"
    },
    "tabrcandroid": {
        "font_name": "default"
    },
    "wType": "FlexContainer",
    "watchos": {
        "font_name": "System"
    },
    "windows8": {
        "font_name": "None"
    },
    "winphone8": {
        "font_name": "None"
    }
}