{
  "android": {
    "background_color": {
      "angle": 180,
      "colors": [
        "0000ff00",
        "95959500",
        "959595ff"
      ],
      "cs": [
        0,
        0,
        95
      ],
      "gradientType": "toBottom",
      "gt": "linear"
    },
    "background_style": "linear",
    "bg_type": "ms_gradient",
    "font_name": "default",
    "isForked": true
  },
  "androidwearos": {
    "background_color": {
      "angle": 180,
      "colors": [
        "0000ff00",
        "95959500",
        "959595ff"
      ],
      "cs": [
        0,
        0,
        95
      ],
      "gradientType": "toBottom",
      "gt": "linear"
    },
    "background_style": "linear",
    "bg_type": "ms_gradient",
    "font_name": "default",
    "isForked": true
  },
  "background_color": "00000000",
  "bg_type": "one",
  "border_color": "000000ff",
  "border_style": "plain",
  "border_type": 0,
  "border_width": 0,
  "desktopweb": {
    "background_color": {
      "angle": 180,
      "colors": [
        "0000ff00",
        "95959500",
        "959595ff"
      ],
      "cs": [
        0,
        0,
        95
      ],
      "gradientType": "toBottom",
      "gt": "linear"
    },
    "background_style": "linear",
    "bg_type": "ms_gradient",
    "bottom_left_border_color": "000000ff",
    "bottom_left_border_style": "plain",
    "bottom_left_border_width": 0,
    "bottom_right_border_color": "000000ff",
    "bottom_right_border_style": "plain",
    "bottom_right_border_width": 0,
    "font_name": "Helvetica",
    "isForked": true,
    "top_left_border_color": "000000ff",
    "top_left_border_style": "plain",
    "top_left_border_width": 0,
    "top_right_border_color": "000000ff",
    "top_right_border_style": "plain",
    "top_right_border_width": 0
  },
  "ipad": {
    "background_color": {
      "angle": 180,
      "colors": [
        "0000ff00",
        "95959500",
        "959595ff"
      ],
      "cs": [
        0,
        0,
        95
      ],
      "gradientType": "toBottom",
      "gt": "linear"
    },
    "background_style": "linear",
    "bg_type": "ms_gradient",
    "font_name": "System",
    "isForked": true
  },
  "iphone": {
    "background_color": {
      "angle": 180,
      "colors": [
        "0000ff00",
        "95959500",
        "959595ff"
      ],
      "cs": [
        0,
        0,
        95
      ],
      "gradientType": "toBottom",
      "gt": "linear"
    },
    "background_style": "linear",
    "bg_type": "ms_gradient",
    "font_name": "System",
    "isForked": true
  },
  "isDefaultSkin": false,
  "kiosk": {
    "background_color": {
      "angle": 180,
      "colors": [
        "0000ff00",
        "95959500",
        "959595ff"
      ],
      "cs": [
        0,
        0,
        95
      ],
      "gradientType": "toBottom",
      "gt": "linear"
    },
    "background_style": "linear",
    "bg_type": "ms_gradient",
    "font_name": "None",
    "isForked": true
  },
  "kuid": "s8df1f649fa5426fa310992ca51757e8",
  "spaan": {
    "background_color": {
      "angle": 180,
      "colors": [
        "0000ff00",
        "95959500",
        "959595ff"
      ],
      "cs": [
        0,
        0,
        95
      ],
      "gradientType": "toBottom",
      "gt": "linear"
    },
    "background_style": "linear",
    "bg_type": "ms_gradient",
    "bottom_left_border_color": "000000ff",
    "bottom_left_border_style": "plain",
    "bottom_left_border_width": 0,
    "bottom_right_border_color": "000000ff",
    "bottom_right_border_style": "plain",
    "bottom_right_border_width": 0,
    "font_name": "Helvetica",
    "isForked": true,
    "top_left_border_color": "000000ff",
    "top_left_border_style": "plain",
    "top_left_border_width": 0,
    "top_right_border_color": "000000ff",
    "top_right_border_style": "plain",
    "top_right_border_width": 0
  },
  "spaandroidtablet": {
    "background_color": {
      "angle": 180,
      "colors": [
        "0000ff00",
        "95959500",
        "959595ff"
      ],
      "cs": [
        0,
        0,
        95
      ],
      "gradientType": "toBottom",
      "gt": "linear"
    },
    "background_style": "linear",
    "bg_type": "ms_gradient",
    "bottom_left_border_color": "000000ff",
    "bottom_left_border_style": "plain",
    "bottom_left_border_width": 0,
    "bottom_right_border_color": "000000ff",
    "bottom_right_border_style": "plain",
    "bottom_right_border_width": 0,
    "font_name": "Helvetica",
    "isForked": true,
    "top_left_border_color": "000000ff",
    "top_left_border_style": "plain",
    "top_left_border_width": 0,
    "top_right_border_color": "000000ff",
    "top_right_border_style": "plain",
    "top_right_border_width": 0
  },
  "spaip": {
    "background_color": {
      "angle": 180,
      "colors": [
        "0000ff00",
        "95959500",
        "959595ff"
      ],
      "cs": [
        0,
        0,
        95
      ],
      "gradientType": "toBottom",
      "gt": "linear"
    },
    "background_style": "linear",
    "bg_type": "ms_gradient",
    "bottom_left_border_color": "000000ff",
    "bottom_left_border_style": "plain",
    "bottom_left_border_width": 0,
    "bottom_right_border_color": "000000ff",
    "bottom_right_border_style": "plain",
    "bottom_right_border_width": 0,
    "font_name": "Helvetica",
    "isForked": true,
    "top_left_border_color": "000000ff",
    "top_left_border_style": "plain",
    "top_left_border_width": 0,
    "top_right_border_color": "000000ff",
    "top_right_border_style": "plain",
    "top_right_border_width": 0
  },
  "spaipad": {
    "background_color": {
      "angle": 180,
      "colors": [
        "0000ff00",
        "95959500",
        "959595ff"
      ],
      "cs": [
        0,
        0,
        95
      ],
      "gradientType": "toBottom",
      "gt": "linear"
    },
    "background_style": "linear",
    "bg_type": "ms_gradient",
    "bottom_left_border_color": "000000ff",
    "bottom_left_border_style": "plain",
    "bottom_left_border_width": 0,
    "bottom_right_border_color": "000000ff",
    "bottom_right_border_style": "plain",
    "bottom_right_border_width": 0,
    "font_name": "Helvetica",
    "isForked": true,
    "top_left_border_color": "000000ff",
    "top_left_border_style": "plain",
    "top_left_border_width": 0,
    "top_right_border_color": "000000ff",
    "top_right_border_style": "plain",
    "top_right_border_width": 0
  },
  "spawindowstablet": {
    "background_color": {
      "angle": 180,
      "colors": [
        "0000ff00",
        "95959500",
        "959595ff"
      ],
      "cs": [
        0,
        0,
        95
      ],
      "gradientType": "toBottom",
      "gt": "linear"
    },
    "background_style": "linear",
    "bg_type": "ms_gradient",
    "bottom_left_border_color": "000000ff",
    "bottom_left_border_style": "plain",
    "bottom_left_border_width": 0,
    "bottom_right_border_color": "000000ff",
    "bottom_right_border_style": "plain",
    "bottom_right_border_width": 0,
    "font_name": "Helvetica",
    "isForked": true,
    "top_left_border_color": "000000ff",
    "top_left_border_style": "plain",
    "top_left_border_width": 0,
    "top_right_border_color": "000000ff",
    "top_right_border_style": "plain",
    "top_right_border_width": 0
  },
  "spawinphone8": {
    "background_color": {
      "angle": 180,
      "colors": [
        "0000ff00",
        "95959500",
        "959595ff"
      ],
      "cs": [
        0,
        0,
        95
      ],
      "gradientType": "toBottom",
      "gt": "linear"
    },
    "background_style": "linear",
    "bg_type": "ms_gradient",
    "bottom_left_border_color": "000000ff",
    "bottom_left_border_style": "plain",
    "bottom_left_border_width": 0,
    "bottom_right_border_color": "000000ff",
    "bottom_right_border_style": "plain",
    "bottom_right_border_width": 0,
    "font_name": "Helvetica",
    "isForked": true,
    "top_left_border_color": "000000ff",
    "top_left_border_style": "plain",
    "top_left_border_width": 0,
    "top_right_border_color": "000000ff",
    "top_right_border_style": "plain",
    "top_right_border_width": 0
  },
  "tabrcandroid": {
    "background_color": {
      "angle": 180,
      "colors": [
        "0000ff00",
        "95959500",
        "959595ff"
      ],
      "cs": [
        0,
        0,
        95
      ],
      "gradientType": "toBottom",
      "gt": "linear"
    },
    "background_style": "linear",
    "bg_type": "ms_gradient",
    "font_name": "default",
    "isForked": true
  },
  "wType": "FlexContainer",
  "watchos": {
    "font_name": "System"
  },
  "windows8": {
    "background_color": {
      "angle": 180,
      "colors": [
        "0000ff00",
        "95959500",
        "959595ff"
      ],
      "cs": [
        0,
        0,
        95
      ],
      "gradientType": "toBottom",
      "gt": "linear"
    },
    "background_style": "linear",
    "bg_type": "ms_gradient",
    "font_name": "None",
    "isForked": true
  },
  "winphone8": {
    "background_color": {
      "angle": 180,
      "colors": [
        "0000ff00",
        "95959500",
        "959595ff"
      ],
      "cs": [
        0,
        0,
        95
      ],
      "gradientType": "toBottom",
      "gt": "linear"
    },
    "background_style": "linear",
    "bg_type": "ms_gradient",
    "font_name": "None",
    "isForked": true
  }
}