{
  "android": {
    "font_name": "Helvetica",
    "font_size": 122,
    "isForked": false
  },
  "androidwearos": {
    "font_name": "default",
    "font_size": 157,
    "isForked": false
  },
  "background_color": "00000000",
  "bg_type": "one",
  "border_color": "424242ff",
  "border_style": "plain",
  "border_type": 0,
  "border_width": 0,
  "desktopweb": {
    "font_name": "Helvetica",
    "font_size": 275,
    "isForked": false
  },
  "fontSizeInPx": true,
  "font_color": "ffffffff",
  "font_name": "iphoneSystem",
  "font_size": 152,
  "font_style": "normal",
  "font_weight": "400",
  "ipad": {
    "font_name": "Helvetica",
    "font_size": 157,
    "isForked": false
  },
  "iphone": {
    "font_name": "Helvetica",
    "font_size": 152,
    "isForked": false
  },
  "isDefaultSkin": false,
  "kiosk": {
    "font_name": "None",
    "font_size": 275,
    "isForked": false
  },
  "kuid": "sa2c129df25340da9c6e797c36f66623",
  "spaan": {
    "font_name": "Helvetica",
    "font_size": 147,
    "isForked": false
  },
  "spaandroidtablet": {
    "font_name": "Helvetica",
    "font_size": 122,
    "isForked": false
  },
  "spaip": {
    "font_name": "Helvetica",
    "font_size": 142,
    "isForked": false
  },
  "spaipad": {
    "font_name": "Helvetica",
    "font_size": 129,
    "isForked": false
  },
  "spawindowstablet": {
    "font_name": "Helvetica",
    "font_size": 129,
    "isForked": false
  },
  "spawinphone8": {
    "font_name": "Helvetica",
    "font_size": 183,
    "isForked": false
  },
  "tabrcandroid": {
    "font_name": "Helvetica",
    "font_size": 261,
    "isForked": false
  },
  "wType": "Label",
  "watchos": {
    "font_name": "System",
    "font_size": 157,
    "isForked": false
  },
  "windows8": {
    "font_name": "None",
    "font_size": 107,
    "isForked": false
  },
  "winphone8": {
    "font_name": "None",
    "font_size": 147,
    "isForked": false
  }
}