{
    "android": {
        "font_name": "default",
        "font_size": 130,
        "isForked": true
    },
    "androidwearos": {
        "font_name": "default",
        "font_size": 130,
        "isForked": true
    },
    "background_color": "ffffffff",
    "bg_type": "one",
    "border_color": "333333ff",
    "border_style": "plain",
    "border_type": 0,
    "border_width": 0,
    "desktopweb": {
        "bottom_left_border_color": "333333ff",
        "bottom_left_border_style": "plain",
        "bottom_left_border_width": 0,
        "bottom_right_border_color": "333333ff",
        "bottom_right_border_style": "plain",
        "bottom_right_border_width": 0,
        "font_name": "Helvetica",
        "font_size": 130,
        "isForked": true,
        "top_left_border_color": "333333ff",
        "top_left_border_style": "plain",
        "top_left_border_width": 0,
        "top_right_border_color": "333333ff",
        "top_right_border_style": "plain",
        "top_right_border_width": 0
    },
    "fontSizeInPx": false,
    "font_color": "333333ff",
    "font_name": "iphoneSystem",
    "font_size": 107,
    "font_style": "normal",
    "font_weight": "400",
    "ipad": {
        "font_name": "System",
        "font_size": 130,
        "isForked": true
    },
    "iphone": {
        "font_name": "System",
        "font_size": 130,
        "isForked": true
    },
    "isDefaultSkin": false,
    "kiosk": {
        "font_name": "None",
        "font_size": 130,
        "isForked": true
    },
    "kuid": "s58d9bd845b544d2a059c5a3bbbf894a",
    "spaan": {
        "bottom_left_border_color": "333333ff",
        "bottom_left_border_style": "plain",
        "bottom_left_border_width": 0,
        "bottom_right_border_color": "333333ff",
        "bottom_right_border_style": "plain",
        "bottom_right_border_width": 0,
        "font_name": "Helvetica",
        "font_size": 130,
        "isForked": true,
        "top_left_border_color": "333333ff",
        "top_left_border_style": "plain",
        "top_left_border_width": 0,
        "top_right_border_color": "333333ff",
        "top_right_border_style": "plain",
        "top_right_border_width": 0
    },
    "spaandroidtablet": {
        "bottom_left_border_color": "333333ff",
        "bottom_left_border_style": "plain",
        "bottom_left_border_width": 0,
        "bottom_right_border_color": "333333ff",
        "bottom_right_border_style": "plain",
        "bottom_right_border_width": 0,
        "font_name": "Helvetica",
        "font_size": 130,
        "isForked": true,
        "top_left_border_color": "333333ff",
        "top_left_border_style": "plain",
        "top_left_border_width": 0,
        "top_right_border_color": "333333ff",
        "top_right_border_style": "plain",
        "top_right_border_width": 0
    },
    "spaip": {
        "bottom_left_border_color": "333333ff",
        "bottom_left_border_style": "plain",
        "bottom_left_border_width": 0,
        "bottom_right_border_color": "333333ff",
        "bottom_right_border_style": "plain",
        "bottom_right_border_width": 0,
        "font_name": "Helvetica",
        "font_size": 130,
        "isForked": true,
        "top_left_border_color": "333333ff",
        "top_left_border_style": "plain",
        "top_left_border_width": 0,
        "top_right_border_color": "333333ff",
        "top_right_border_style": "plain",
        "top_right_border_width": 0
    },
    "spaipad": {
        "bottom_left_border_color": "333333ff",
        "bottom_left_border_style": "plain",
        "bottom_left_border_width": 0,
        "bottom_right_border_color": "333333ff",
        "bottom_right_border_style": "plain",
        "bottom_right_border_width": 0,
        "font_name": "Helvetica",
        "font_size": 130,
        "isForked": true,
        "top_left_border_color": "333333ff",
        "top_left_border_style": "plain",
        "top_left_border_width": 0,
        "top_right_border_color": "333333ff",
        "top_right_border_style": "plain",
        "top_right_border_width": 0
    },
    "spawindowstablet": {
        "bottom_left_border_color": "333333ff",
        "bottom_left_border_style": "plain",
        "bottom_left_border_width": 0,
        "bottom_right_border_color": "333333ff",
        "bottom_right_border_style": "plain",
        "bottom_right_border_width": 0,
        "font_name": "Helvetica",
        "font_size": 130,
        "isForked": true,
        "top_left_border_color": "333333ff",
        "top_left_border_style": "plain",
        "top_left_border_width": 0,
        "top_right_border_color": "333333ff",
        "top_right_border_style": "plain",
        "top_right_border_width": 0
    },
    "spawinphone8": {
        "bottom_left_border_color": "333333ff",
        "bottom_left_border_style": "plain",
        "bottom_left_border_width": 0,
        "bottom_right_border_color": "333333ff",
        "bottom_right_border_style": "plain",
        "bottom_right_border_width": 0,
        "font_name": "Helvetica",
        "font_size": 130,
        "isForked": true,
        "top_left_border_color": "333333ff",
        "top_left_border_style": "plain",
        "top_left_border_width": 0,
        "top_right_border_color": "333333ff",
        "top_right_border_style": "plain",
        "top_right_border_width": 0
    },
    "tabrcandroid": {
        "font_name": "default",
        "font_size": 130,
        "isForked": true
    },
    "wType": "TextField",
    "watchos": {
        "font_name": "System"
    },
    "windows8": {
        "font_name": "None",
        "font_size": 130,
        "isForked": true
    },
    "winphone8": {
        "font_name": "None",
        "font_size": 130,
        "isForked": true
    }
}