{
  "android": {
    "font_color": "3d5466ff",
    "font_name": "Helvetica",
    "font_size": 111,
    "isForked": true
  },
  "androidwearos": {
    "font_color": "3d5466ff",
    "font_name": "Helvetica",
    "font_size": 143,
    "isForked": true
  },
  "background_color": "00000000",
  "bg_type": "one",
  "border_color": "424242ff",
  "border_style": "plain",
  "border_type": 0,
  "border_width": 0,
  "desktopweb": {
    "bottom_left_border_color": "424242ff",
    "bottom_left_border_style": "plain",
    "bottom_left_border_width": 0,
    "bottom_right_border_color": "424242ff",
    "bottom_right_border_style": "plain",
    "bottom_right_border_width": 0,
    "font_color": "3d5466ff",
    "font_name": "Helvetica",
    "font_size": 250,
    "isForked": true,
    "top_left_border_color": "424242ff",
    "top_left_border_style": "plain",
    "top_left_border_width": 0,
    "top_right_border_color": "424242ff",
    "top_right_border_style": "plain",
    "top_right_border_width": 0
  },
  "fontSizeInPx": true,
  "font_color": "333333ff",
  "font_name": "iphoneSystem",
  "font_size": 200,
  "font_style": "normal",
  "font_weight": "400",
  "iphone": {
    "font_color": "3d5466ff",
    "font_name": "Helvetica",
    "font_size": 138,
    "isForked": true
  },
  "isDefaultSkin": false,
  "kiosk": {
    "font_color": "3d5466ff",
    "font_name": "None",
    "font_size": 250,
    "isForked": true
  },
  "kuid": "s41d1b7ab9f04d429efed098762df963",
  "spaan": {
    "bottom_left_border_color": "424242ff",
    "bottom_left_border_style": "plain",
    "bottom_left_border_width": 0,
    "bottom_right_border_color": "424242ff",
    "bottom_right_border_style": "plain",
    "bottom_right_border_width": 0,
    "font_color": "3d5466ff",
    "font_name": "Helvetica",
    "font_size": 133,
    "isForked": true,
    "top_left_border_color": "424242ff",
    "top_left_border_style": "plain",
    "top_left_border_width": 0,
    "top_right_border_color": "424242ff",
    "top_right_border_style": "plain",
    "top_right_border_width": 0
  },
  "spaandroidtablet": {
    "bottom_left_border_color": "424242ff",
    "bottom_left_border_style": "plain",
    "bottom_left_border_width": 0,
    "bottom_right_border_color": "424242ff",
    "bottom_right_border_style": "plain",
    "bottom_right_border_width": 0,
    "font_color": "3d5466ff",
    "font_name": "Helvetica",
    "font_size": 111,
    "isForked": true,
    "top_left_border_color": "424242ff",
    "top_left_border_style": "plain",
    "top_left_border_width": 0,
    "top_right_border_color": "424242ff",
    "top_right_border_style": "plain",
    "top_right_border_width": 0
  },
  "spaip": {
    "bottom_left_border_color": "424242ff",
    "bottom_left_border_style": "plain",
    "bottom_left_border_width": 0,
    "bottom_right_border_color": "424242ff",
    "bottom_right_border_style": "plain",
    "bottom_right_border_width": 0,
    "font_color": "3d5466ff",
    "font_name": "Helvetica",
    "font_size": 129,
    "isForked": true,
    "top_left_border_color": "424242ff",
    "top_left_border_style": "plain",
    "top_left_border_width": 0,
    "top_right_border_color": "424242ff",
    "top_right_border_style": "plain",
    "top_right_border_width": 0
  },
  "spaipad": {
    "bottom_left_border_color": "424242ff",
    "bottom_left_border_style": "plain",
    "bottom_left_border_width": 0,
    "bottom_right_border_color": "424242ff",
    "bottom_right_border_style": "plain",
    "bottom_right_border_width": 0,
    "font_color": "3d5466ff",
    "font_name": "Helvetica",
    "font_size": 118,
    "isForked": true,
    "top_left_border_color": "424242ff",
    "top_left_border_style": "plain",
    "top_left_border_width": 0,
    "top_right_border_color": "424242ff",
    "top_right_border_style": "plain",
    "top_right_border_width": 0
  },
  "spawindowstablet": {
    "bottom_left_border_color": "424242ff",
    "bottom_left_border_style": "plain",
    "bottom_left_border_width": 0,
    "bottom_right_border_color": "424242ff",
    "bottom_right_border_style": "plain",
    "bottom_right_border_width": 0,
    "font_color": "3d5466ff",
    "font_name": "Helvetica",
    "font_size": 118,
    "isForked": true,
    "top_left_border_color": "424242ff",
    "top_left_border_style": "plain",
    "top_left_border_width": 0,
    "top_right_border_color": "424242ff",
    "top_right_border_style": "plain",
    "top_right_border_width": 0
  },
  "spawinphone8": {
    "bottom_left_border_color": "424242ff",
    "bottom_left_border_style": "plain",
    "bottom_left_border_width": 0,
    "bottom_right_border_color": "424242ff",
    "bottom_right_border_style": "plain",
    "bottom_right_border_width": 0,
    "font_color": "3d5466ff",
    "font_name": "Helvetica",
    "font_size": 167,
    "isForked": true,
    "top_left_border_color": "424242ff",
    "top_left_border_style": "plain",
    "top_left_border_width": 0,
    "top_right_border_color": "424242ff",
    "top_right_border_style": "plain",
    "top_right_border_width": 0
  },
  "tabrcandroid": {
    "font_color": "3d5466ff",
    "font_name": "Helvetica",
    "font_size": 237,
    "isForked": true
  },
  "wType": "Label",
  "watchos": {
    "font_color": "3d5466ff",
    "font_name": "Helvetica",
    "font_size": 143,
    "isForked": true
  },
  "windows8": {
    "font_color": "3d5466ff",
    "font_name": "None",
    "font_size": 98,
    "isForked": true
  },
  "winphone8": {
    "font_color": "3d5466ff",
    "font_name": "None",
    "font_size": 133,
    "isForked": true
  }
}