{
  "android": {
    "font_name": "Helvetica",
    "font_size": 117,
    "isForked": false
  },
  "androidwearos": {
    "font_name": "default",
    "font_size": 117,
    "isForked": false
  },
  "background_color": "3d546600",
  "bg_type": "one",
  "border_color": "333333ff",
  "border_style": "plain",
  "border_type": 0,
  "border_width": 0,
  "desktopweb": {
    "font_name": "Helvetica",
    "font_size": 117,
    "isForked": false
  },
  "fontSizeInPx": false,
  "font_color": "3d5466ff",
  "font_name": "iphoneSystem",
  "font_size": 117,
  "font_style": "normal",
  "font_weight": "400",
  "ipad": {
    "font_name": "Helvetica",
    "font_size": 117,
    "isForked": false
  },
  "iphone": {
    "font_name": "Helvetica",
    "font_size": 117,
    "isForked": false
  },
  "isDefaultSkin": false,
  "kiosk": {
    "font_name": "None",
    "font_size": 117,
    "isForked": false
  },
  "kuid": "sc52da03a26a4fb78e3f6c468c89e056",
  "spaan": {
    "font_name": "Helvetica",
    "font_size": 117,
    "isForked": false
  },
  "spaandroidtablet": {
    "font_name": "Helvetica",
    "font_size": 117,
    "isForked": false
  },
  "spaip": {
    "font_name": "Helvetica",
    "font_size": 117,
    "isForked": false
  },
  "spaipad": {
    "font_name": "Helvetica",
    "font_size": 117,
    "isForked": false
  },
  "spawindowstablet": {
    "font_name": "Helvetica",
    "font_size": 117,
    "isForked": false
  },
  "spawinphone8": {
    "font_name": "Helvetica",
    "font_size": 117,
    "isForked": false
  },
  "tabrcandroid": {
    "font_name": "Helvetica",
    "font_size": 117,
    "isForked": false
  },
  "wType": "TextField",
  "watchos": {
    "font_name": "System",
    "font_size": 117,
    "isForked": false
  },
  "windows8": {
    "font_name": "None",
    "font_size": 117,
    "isForked": false
  },
  "winphone8": {
    "font_name": "None",
    "font_size": 117,
    "isForked": false
  }
}