{
  "android": {
    "font_name": "Helvetica",
    "font_size": 139,
    "isForked": false
  },
  "androidwearos": {
    "font_name": "default",
    "font_size": 179,
    "isForked": false
  },
  "background_color": "01539bff",
  "bg_type": "one",
  "border_color": "ffffffff",
  "border_style": "plain",
  "border_type": 0,
  "border_width": 0,
  "desktopweb": {
    "font_name": "Helvetica",
    "font_size": 313,
    "isForked": false
  },
  "fontSizeInPx": true,
  "font_color": "ffffffff",
  "font_name": "iphoneSystem",
  "font_size": 139,
  "font_style": "normal",
  "font_weight": "400",
  "ipad": {
    "font_name": "Helvetica",
    "font_size": 179,
    "isForked": false
  },
  "iphone": {
    "font_name": "Helvetica",
    "font_size": 172,
    "isForked": false
  },
  "isDefaultSkin": false,
  "kiosk": {
    "font_name": "None",
    "font_size": 313,
    "isForked": false
  },
  "kuid": "s5b34edb4974408a9c8df5894f0fbe69",
  "spaan": {
    "font_name": "Helvetica",
    "font_size": 128,
    "isForked": false
  },
  "spaandroidtablet": {
    "font_name": "Helvetica",
    "font_size": 107,
    "isForked": false
  },
  "spaip": {
    "font_name": "Helvetica",
    "font_size": 124,
    "isForked": false
  },
  "spaipad": {
    "font_name": "Helvetica",
    "font_size": 113,
    "isForked": false
  },
  "spawindowstablet": {
    "font_name": "Helvetica",
    "font_size": 113,
    "isForked": false
  },
  "spawinphone8": {
    "font_name": "Helvetica",
    "font_size": 160,
    "isForked": false
  },
  "tabrcandroid": {
    "font_name": "Helvetica",
    "font_size": 296,
    "isForked": false
  },
  "wType": "Button",
  "watchos": {
    "font_name": "System",
    "font_size": 179,
    "isForked": false
  },
  "windows8": {
    "font_name": "None",
    "font_size": 122,
    "isForked": false
  },
  "winphone8": {
    "font_name": "None",
    "font_size": 167,
    "isForked": false
  }
}