{
    "android": {
        "background_color": {
            "angle": 180,
            "colors": [
                "0000ff00",
                "95959500",
                "95959500"
            ],
            "cs": [
                0,
                85,
                86
            ],
            "gradientType": "toBottom",
            "gt": "linear"
        },
        "background_style": "linear",
        "bg_type": "ms_gradient",
        "font_color": "333333ff",
        "font_name": "default",
        "font_size": 120,
        "isForked": true
    },
    "androidwearos": {
        "background_color": {
            "angle": 180,
            "colors": [
                "0000ff00",
                "95959500",
                "95959500"
            ],
            "cs": [
                0,
                85,
                86
            ],
            "gradientType": "toBottom",
            "gt": "linear"
        },
        "background_style": "linear",
        "bg_type": "ms_gradient",
        "font_color": "333333ff",
        "font_name": "default",
        "font_size": 120,
        "isForked": true
    },
    "background_color": "00000000",
    "bg_type": "one",
    "border_color": "424242ff",
    "border_style": "plain",
    "border_type": 0,
    "border_width": 0,
    "delinkedPltfrms": {
        "androidwear": [],
        "desktop": [],
        "mobile": [
            "iphone"
        ],
        "tablet": [],
        "watch": []
    },
    "desktopweb": {
        "background_color": {
            "angle": 180,
            "colors": [
                "0000ff00",
                "95959500",
                "95959500"
            ],
            "cs": [
                0,
                85,
                86
            ],
            "gradientType": "toBottom",
            "gt": "linear"
        },
        "background_style": "linear",
        "bg_type": "ms_gradient",
        "bottom_left_border_color": "424242ff",
        "bottom_left_border_style": "plain",
        "bottom_left_border_width": 0,
        "bottom_right_border_color": "424242ff",
        "bottom_right_border_style": "plain",
        "bottom_right_border_width": 0,
        "font_color": "333333ff",
        "font_name": "Helvetica",
        "font_size": 120,
        "isForked": true,
        "top_left_border_color": "424242ff",
        "top_left_border_style": "plain",
        "top_left_border_width": 0,
        "top_right_border_color": "424242ff",
        "top_right_border_style": "plain",
        "top_right_border_width": 0
    },
    "fontSizeInPx": false,
    "font_color": "333333ff",
    "font_name": "iphoneSystem",
    "font_size": 120,
    "font_style": "normal",
    "font_weight": "400",
    "ipad": {
        "background_color": {
            "angle": 180,
            "colors": [
                "0000ff00",
                "95959500",
                "95959500"
            ],
            "cs": [
                0,
                85,
                86
            ],
            "gradientType": "toBottom",
            "gt": "linear"
        },
        "background_style": "linear",
        "bg_type": "ms_gradient",
        "font_color": "333333ff",
        "font_name": "System",
        "font_size": 120,
        "isForked": true
    },
    "iphone": {
        "background_color": {
            "angle": 180,
            "colors": [
                "0000ff00",
                "95959500",
                "95959500"
            ],
            "cs": [
                0,
                85,
                86
            ],
            "gradientType": "toBottom",
            "gt": "linear"
        },
        "background_style": "linear",
        "bg_type": "ms_gradient",
        "font_size": 120,
        "isForked": true
    },
    "isDefaultSkin": false,
    "kiosk": {
        "background_color": {
            "angle": 180,
            "colors": [
                "0000ff00",
                "95959500",
                "95959500"
            ],
            "cs": [
                0,
                85,
                86
            ],
            "gradientType": "toBottom",
            "gt": "linear"
        },
        "background_style": "linear",
        "bg_type": "ms_gradient",
        "font_color": "333333ff",
        "font_name": "None",
        "font_size": 120,
        "isForked": true
    },
    "kuid": "s8a6e4d9ec854114b6de30d0af3fe345",
    "spaan": {
        "background_color": {
            "angle": 180,
            "colors": [
                "0000ff00",
                "95959500",
                "95959500"
            ],
            "cs": [
                0,
                85,
                86
            ],
            "gradientType": "toBottom",
            "gt": "linear"
        },
        "background_style": "linear",
        "bg_type": "ms_gradient",
        "bottom_left_border_color": "424242ff",
        "bottom_left_border_style": "plain",
        "bottom_left_border_width": 0,
        "bottom_right_border_color": "424242ff",
        "bottom_right_border_style": "plain",
        "bottom_right_border_width": 0,
        "font_color": "333333ff",
        "font_name": "Helvetica",
        "font_size": 120,
        "isForked": true,
        "top_left_border_color": "424242ff",
        "top_left_border_style": "plain",
        "top_left_border_width": 0,
        "top_right_border_color": "424242ff",
        "top_right_border_style": "plain",
        "top_right_border_width": 0
    },
    "spaandroidtablet": {
        "background_color": {
            "angle": 180,
            "colors": [
                "0000ff00",
                "95959500",
                "95959500"
            ],
            "cs": [
                0,
                85,
                86
            ],
            "gradientType": "toBottom",
            "gt": "linear"
        },
        "background_style": "linear",
        "bg_type": "ms_gradient",
        "bottom_left_border_color": "424242ff",
        "bottom_left_border_style": "plain",
        "bottom_left_border_width": 0,
        "bottom_right_border_color": "424242ff",
        "bottom_right_border_style": "plain",
        "bottom_right_border_width": 0,
        "font_color": "333333ff",
        "font_name": "Helvetica",
        "font_size": 120,
        "isForked": true,
        "top_left_border_color": "424242ff",
        "top_left_border_style": "plain",
        "top_left_border_width": 0,
        "top_right_border_color": "424242ff",
        "top_right_border_style": "plain",
        "top_right_border_width": 0
    },
    "spaip": {
        "background_color": {
            "angle": 180,
            "colors": [
                "0000ff00",
                "95959500",
                "95959500"
            ],
            "cs": [
                0,
                85,
                86
            ],
            "gradientType": "toBottom",
            "gt": "linear"
        },
        "background_style": "linear",
        "bg_type": "ms_gradient",
        "bottom_left_border_color": "424242ff",
        "bottom_left_border_style": "plain",
        "bottom_left_border_width": 0,
        "bottom_right_border_color": "424242ff",
        "bottom_right_border_style": "plain",
        "bottom_right_border_width": 0,
        "font_color": "333333ff",
        "font_name": "Helvetica",
        "font_size": 120,
        "isForked": true,
        "top_left_border_color": "424242ff",
        "top_left_border_style": "plain",
        "top_left_border_width": 0,
        "top_right_border_color": "424242ff",
        "top_right_border_style": "plain",
        "top_right_border_width": 0
    },
    "spaipad": {
        "background_color": {
            "angle": 180,
            "colors": [
                "0000ff00",
                "95959500",
                "95959500"
            ],
            "cs": [
                0,
                85,
                86
            ],
            "gradientType": "toBottom",
            "gt": "linear"
        },
        "background_style": "linear",
        "bg_type": "ms_gradient",
        "bottom_left_border_color": "424242ff",
        "bottom_left_border_style": "plain",
        "bottom_left_border_width": 0,
        "bottom_right_border_color": "424242ff",
        "bottom_right_border_style": "plain",
        "bottom_right_border_width": 0,
        "font_color": "333333ff",
        "font_name": "Helvetica",
        "font_size": 120,
        "isForked": true,
        "top_left_border_color": "424242ff",
        "top_left_border_style": "plain",
        "top_left_border_width": 0,
        "top_right_border_color": "424242ff",
        "top_right_border_style": "plain",
        "top_right_border_width": 0
    },
    "spawindowstablet": {
        "background_color": {
            "angle": 180,
            "colors": [
                "0000ff00",
                "95959500",
                "95959500"
            ],
            "cs": [
                0,
                85,
                86
            ],
            "gradientType": "toBottom",
            "gt": "linear"
        },
        "background_style": "linear",
        "bg_type": "ms_gradient",
        "bottom_left_border_color": "424242ff",
        "bottom_left_border_style": "plain",
        "bottom_left_border_width": 0,
        "bottom_right_border_color": "424242ff",
        "bottom_right_border_style": "plain",
        "bottom_right_border_width": 0,
        "font_color": "333333ff",
        "font_name": "Helvetica",
        "font_size": 120,
        "isForked": true,
        "top_left_border_color": "424242ff",
        "top_left_border_style": "plain",
        "top_left_border_width": 0,
        "top_right_border_color": "424242ff",
        "top_right_border_style": "plain",
        "top_right_border_width": 0
    },
    "spawinphone8": {
        "background_color": {
            "angle": 180,
            "colors": [
                "0000ff00",
                "95959500",
                "95959500"
            ],
            "cs": [
                0,
                85,
                86
            ],
            "gradientType": "toBottom",
            "gt": "linear"
        },
        "background_style": "linear",
        "bg_type": "ms_gradient",
        "bottom_left_border_color": "424242ff",
        "bottom_left_border_style": "plain",
        "bottom_left_border_width": 0,
        "bottom_right_border_color": "424242ff",
        "bottom_right_border_style": "plain",
        "bottom_right_border_width": 0,
        "font_color": "333333ff",
        "font_name": "Helvetica",
        "font_size": 120,
        "isForked": true,
        "top_left_border_color": "424242ff",
        "top_left_border_style": "plain",
        "top_left_border_width": 0,
        "top_right_border_color": "424242ff",
        "top_right_border_style": "plain",
        "top_right_border_width": 0
    },
    "tabrcandroid": {
        "background_color": {
            "angle": 180,
            "colors": [
                "0000ff00",
                "95959500",
                "95959500"
            ],
            "cs": [
                0,
                85,
                86
            ],
            "gradientType": "toBottom",
            "gt": "linear"
        },
        "background_style": "linear",
        "bg_type": "ms_gradient",
        "font_color": "333333ff",
        "font_name": "default",
        "font_size": 120,
        "isForked": true
    },
    "wType": "Label",
    "watchos": {
        "font_color": "333333ff",
        "font_name": "System",
        "font_size": 120,
        "isForked": true
    },
    "windows8": {
        "background_color": {
            "angle": 180,
            "colors": [
                "0000ff00",
                "95959500",
                "95959500"
            ],
            "cs": [
                0,
                85,
                86
            ],
            "gradientType": "toBottom",
            "gt": "linear"
        },
        "background_style": "linear",
        "bg_type": "ms_gradient",
        "font_color": "333333ff",
        "font_name": "None",
        "font_size": 120,
        "isForked": true
    },
    "winphone8": {
        "background_color": {
            "angle": 180,
            "colors": [
                "0000ff00",
                "95959500",
                "95959500"
            ],
            "cs": [
                0,
                85,
                86
            ],
            "gradientType": "toBottom",
            "gt": "linear"
        },
        "background_style": "linear",
        "bg_type": "ms_gradient",
        "font_color": "333333ff",
        "font_name": "None",
        "font_size": 120,
        "isForked": true
    }
}