{
  "android": {
    "background_color": "ffffff00",
    "bg_type": "one",
    "font_name": "default",
    "isForked": true
  },
  "androidwearos": {
    "background_color": "ffffff00",
    "bg_type": "one",
    "font_name": "default",
    "isForked": true
  },
  "background_color": "ffffffff",
  "bg_type": "one",
  "border_color": "282828ff",
  "border_style": "plain",
  "border_type": 0,
  "border_width": 0,
  "desktopweb": {
    "background_color": "ffffff00",
    "bg_type": "one",
    "border_type": 0,
    "bottom_left_border_color": "282828ff",
    "bottom_left_border_style": "plain",
    "bottom_left_border_width": 0,
    "bottom_right_border_color": "282828ff",
    "bottom_right_border_style": "plain",
    "bottom_right_border_width": 0,
    "customCSS": "outline:none;\nborder:none;\nackground-color: transparent;",
    "font_name": "Helvetica",
    "isCustomCSSEnabled": false,
    "isForked": true,
    "top_left_border_color": "28282800",
    "top_left_border_style": "plain",
    "top_left_border_width": 0,
    "top_right_border_color": "282828ff",
    "top_right_border_style": "plain",
    "top_right_border_width": 0
  },
  "font_color": "000000ff",
  "font_name": "",
  "font_size": 107,
  "font_style": "normal",
  "font_weight": "normal",
  "ipad": {
    "background_color": "ffffff00",
    "bg_type": "one",
    "font_name": "HelveticaNeue-Medium",
    "isForked": true
  },
  "iphone": {
    "background_color": "ffffff00",
    "bg_type": "one",
    "font_name": "HelveticaNeue-Medium",
    "isForked": true
  },
  "isDefaultSkin": false,
  "kiosk": {
    "background_color": "ffffff00",
    "bg_type": "one",
    "font_name": "None",
    "isForked": true
  },
  "kuid": "s8a09f704892454ea8179ffa9d690af5",
  "spaan": {
    "background_color": "ffffff00",
    "bg_type": "one",
    "border_type": 0,
    "bottom_left_border_color": "282828ff",
    "bottom_left_border_style": "plain",
    "bottom_left_border_width": 0,
    "bottom_right_border_color": "282828ff",
    "bottom_right_border_style": "plain",
    "bottom_right_border_width": 0,
    "customCSS": "outline:none;\nborder:none;\nackground-color: transparent;",
    "font_name": "Helvetica",
    "isCustomCSSEnabled": false,
    "isForked": true,
    "top_left_border_color": "28282800",
    "top_left_border_style": "plain",
    "top_left_border_width": 0,
    "top_right_border_color": "282828ff",
    "top_right_border_style": "plain",
    "top_right_border_width": 0
  },
  "spaandroidtablet": {
    "background_color": "ffffff00",
    "bg_type": "one",
    "border_type": 0,
    "bottom_left_border_color": "282828ff",
    "bottom_left_border_style": "plain",
    "bottom_left_border_width": 0,
    "bottom_right_border_color": "282828ff",
    "bottom_right_border_style": "plain",
    "bottom_right_border_width": 0,
    "customCSS": "outline:none;\nborder:none;\nackground-color: transparent;",
    "font_name": "Helvetica",
    "isCustomCSSEnabled": false,
    "isForked": true,
    "top_left_border_color": "28282800",
    "top_left_border_style": "plain",
    "top_left_border_width": 0,
    "top_right_border_color": "282828ff",
    "top_right_border_style": "plain",
    "top_right_border_width": 0
  },
  "spaip": {
    "background_color": "ffffff00",
    "bg_type": "one",
    "border_type": 0,
    "bottom_left_border_color": "282828ff",
    "bottom_left_border_style": "plain",
    "bottom_left_border_width": 0,
    "bottom_right_border_color": "282828ff",
    "bottom_right_border_style": "plain",
    "bottom_right_border_width": 0,
    "customCSS": "outline:none;\nborder:none;\nackground-color: transparent;",
    "font_name": "Helvetica",
    "isCustomCSSEnabled": false,
    "isForked": true,
    "top_left_border_color": "28282800",
    "top_left_border_style": "plain",
    "top_left_border_width": 0,
    "top_right_border_color": "282828ff",
    "top_right_border_style": "plain",
    "top_right_border_width": 0
  },
  "spaipad": {
    "background_color": "ffffff00",
    "bg_type": "one",
    "border_type": 0,
    "bottom_left_border_color": "282828ff",
    "bottom_left_border_style": "plain",
    "bottom_left_border_width": 0,
    "bottom_right_border_color": "282828ff",
    "bottom_right_border_style": "plain",
    "bottom_right_border_width": 0,
    "customCSS": "outline:none;\nborder:none;\nackground-color: transparent;",
    "font_name": "Helvetica",
    "isCustomCSSEnabled": false,
    "isForked": true,
    "top_left_border_color": "28282800",
    "top_left_border_style": "plain",
    "top_left_border_width": 0,
    "top_right_border_color": "282828ff",
    "top_right_border_style": "plain",
    "top_right_border_width": 0
  },
  "spawindowstablet": {
    "background_color": "ffffff00",
    "bg_type": "one",
    "border_type": 0,
    "bottom_left_border_color": "282828ff",
    "bottom_left_border_style": "plain",
    "bottom_left_border_width": 0,
    "bottom_right_border_color": "282828ff",
    "bottom_right_border_style": "plain",
    "bottom_right_border_width": 0,
    "customCSS": "outline:none;\nborder:none;\nackground-color: transparent;",
    "font_name": "Helvetica",
    "isCustomCSSEnabled": false,
    "isForked": true,
    "top_left_border_color": "28282800",
    "top_left_border_style": "plain",
    "top_left_border_width": 0,
    "top_right_border_color": "282828ff",
    "top_right_border_style": "plain",
    "top_right_border_width": 0
  },
  "spawinphone8": {
    "background_color": "ffffff00",
    "bg_type": "one",
    "border_type": 0,
    "bottom_left_border_color": "282828ff",
    "bottom_left_border_style": "plain",
    "bottom_left_border_width": 0,
    "bottom_right_border_color": "282828ff",
    "bottom_right_border_style": "plain",
    "bottom_right_border_width": 0,
    "customCSS": "outline:none;\nborder:none;\nackground-color: transparent;",
    "font_name": "Helvetica",
    "isCustomCSSEnabled": false,
    "isForked": true,
    "top_left_border_color": "28282800",
    "top_left_border_style": "plain",
    "top_left_border_width": 0,
    "top_right_border_color": "282828ff",
    "top_right_border_style": "plain",
    "top_right_border_width": 0
  },
  "tabrcandroid": {
    "background_color": "ffffff00",
    "bg_type": "one",
    "font_name": "default",
    "isForked": true
  },
  "wType": "TextField",
  "watchos": {
    "font_name": "System"
  },
  "windows8": {
    "background_color": "ffffff00",
    "bg_type": "one",
    "font_name": "None",
    "isForked": true
  },
  "winphone8": {
    "background_color": "ffffff00",
    "bg_type": "one",
    "font_name": "None",
    "isForked": true
  }
}