{
  "android": {
    "font_name": "Helvetica",
    "font_size": 133,
    "isForked": false
  },
  "androidwearos": {
    "font_name": "default",
    "font_size": 171,
    "isForked": false
  },
  "background_color": "01539bff",
  "bg_type": "one",
  "border_color": "ffffffff",
  "border_style": "rc",
  "border_type": 0,
  "border_width": 1,
  "desktopweb": {
    "font_name": "Helvetica",
    "font_size": 300,
    "isForked": false
  },
  "fontSizeInPx": true,
  "font_color": "ffffffff",
  "font_name": "iphoneSystem",
  "font_size": 284,
  "font_style": "normal",
  "font_weight": "400",
  "ipad": {
    "font_name": "Helvetica",
    "font_size": 171,
    "isForked": false
  },
  "iphone": {
    "font_name": "Helvetica",
    "font_size": 166,
    "isForked": false
  },
  "isDefaultSkin": false,
  "kiosk": {
    "font_name": "None",
    "font_size": 300,
    "isForked": false
  },
  "kuid": "s8acec873ef34fa5b6887dab644fe51c",
  "spaan": {
    "font_name": "Helvetica",
    "font_size": 213,
    "isForked": false
  },
  "spaandroidtablet": {
    "font_name": "Helvetica",
    "font_size": 178,
    "isForked": false
  },
  "spaip": {
    "font_name": "Helvetica",
    "font_size": 206,
    "isForked": false
  },
  "spaipad": {
    "font_name": "Helvetica",
    "font_size": 188,
    "isForked": false
  },
  "spawindowstablet": {
    "font_name": "Helvetica",
    "font_size": 188,
    "isForked": false
  },
  "spawinphone8": {
    "font_name": "Helvetica",
    "font_size": 267,
    "isForked": false
  },
  "tabrcandroid": {
    "font_name": "Helvetica",
    "font_size": 284,
    "isForked": false
  },
  "wType": "Button",
  "watchos": {
    "font_name": "System",
    "font_size": 171,
    "isForked": false
  },
  "windows8": {
    "font_name": "None",
    "font_size": 117,
    "isForked": false
  },
  "winphone8": {
    "font_name": "None",
    "font_size": 160,
    "isForked": false
  }
}