{
    "android": {
        "font_name": "default",
        "font_size": 95,
        "isForked": false
    },
    "androidwearos": {
        "font_name": "default",
        "font_size": 95,
        "isForked": false
    },
    "background_color": "80d1ecff",
    "bg_type": "one",
    "border_color": "80d1ecff",
    "border_radius": 4,
    "border_style": "custom",
    "border_type": 0,
    "border_width": 1,
    "desktopweb": {
        "font_name": "Helvetica",
        "font_size": 95,
        "isForked": false
    },
    "fontSizeInPx": false,
    "font_color": "ffffffff",
    "font_name": "iphoneSystem",
    "font_size": 95,
    "font_style": "normal",
    "font_weight": "400",
    "ipad": {
        "font_name": "System",
        "font_size": 95,
        "isForked": false
    },
    "iphone": {
        "font_name": "System",
        "font_size": 95,
        "isForked": false
    },
    "isDefaultSkin": false,
    "kiosk": {
        "font_name": "None",
        "font_size": 95,
        "isForked": false
    },
    "kuid": "sd14bfe6dbab4b98b400e642a036a801",
    "spaan": {
        "font_name": "Helvetica",
        "font_size": 95,
        "isForked": false
    },
    "spaandroidtablet": {
        "font_name": "Helvetica",
        "font_size": 95,
        "isForked": false
    },
    "spaip": {
        "font_name": "Helvetica",
        "font_size": 95,
        "isForked": false
    },
    "spaipad": {
        "font_name": "Helvetica",
        "font_size": 95,
        "isForked": false
    },
    "spawindowstablet": {
        "font_name": "Helvetica",
        "font_size": 95,
        "isForked": false
    },
    "spawinphone8": {
        "font_name": "Helvetica",
        "font_size": 95,
        "isForked": false
    },
    "tabrcandroid": {
        "font_name": "default",
        "font_size": 95,
        "isForked": false
    },
    "wType": "Button",
    "watchos": {
        "font_name": "System",
        "font_size": 95,
        "isForked": false
    },
    "windows8": {
        "font_name": "None",
        "font_size": 95,
        "isForked": false
    },
    "winphone8": {
        "font_name": "None",
        "font_size": 95,
        "isForked": false
    }
}