{
  "android": {
    "background_left_color": "01539b00",
    "background_right_color": "01539b00",
    "bg_type": "one",
    "font_name": "Helvetica",
    "font_size": 80,
    "font_style": "normal",
    "font_weight": "normal",
    "isForked": true,
    "left_font_color": "33333300",
    "right_font_color": "33333300",
    "thumb_color": "01539bff"
  },
  "androidwearos": {
    "background_left_color": "01539b00",
    "background_right_color": "01539b00",
    "bg_type": "one",
    "font_name": "Helvetica",
    "font_size": 80,
    "font_style": "normal",
    "font_weight": "normal",
    "isForked": true,
    "left_font_color": "33333300",
    "right_font_color": "33333300",
    "thumb_color": "01539bff"
  },
  "background_left_color": "48d874ff",
  "background_right_color": "ffffff00",
  "bg_type": "one",
  "border_color": "000000ff",
  "border_style": "plain",
  "border_type": 0,
  "border_width": 0,
  "delinkedPltfrms": {
    "androidwear": [],
    "desktop": [],
    "mobile": [],
    "tablet": [],
    "watch": []
  },
  "desktopweb": {
    "background_left_color": "01539b00",
    "background_right_color": "01539b00",
    "bg_type": "one",
    "bottom_left_border_color": "000000ff",
    "bottom_left_border_style": "plain",
    "bottom_left_border_width": 0,
    "bottom_right_border_color": "000000ff",
    "bottom_right_border_style": "plain",
    "bottom_right_border_width": 0,
    "font_name": "Helvetica",
    "font_size": 80,
    "font_style": "normal",
    "font_weight": "normal",
    "isForked": true,
    "left_font_color": "33333300",
    "right_font_color": "33333300",
    "top_left_border_color": "000000ff",
    "top_left_border_style": "plain",
    "top_left_border_width": 0,
    "top_right_border_color": "000000ff",
    "top_right_border_style": "plain",
    "top_right_border_width": 0
  },
  "fontSizeInPx": false,
  "font_size": 156,
  "font_style": "normal",
  "font_weight": "normal",
  "ipad": {
    "background_left_color": "01539b00",
    "background_right_color": "01539b00",
    "bg_type": "one",
    "font_name": "Helvetica",
    "font_size": 80,
    "font_style": "normal",
    "font_weight": "normal",
    "isForked": true,
    "left_font_color": "33333300",
    "right_font_color": "33333300",
    "thumb_color": "01539bff",
    "tint_color": "01539bff"
  },
  "iphone": {
    "background_left_color": "01539b00",
    "background_right_color": "01539b00",
    "bg_type": "one",
    "font_name": "Helvetica",
    "font_size": 80,
    "font_style": "normal",
    "font_weight": "normal",
    "isForked": true,
    "left_font_color": "33333300",
    "right_font_color": "33333300",
    "thumb_color": "01539bff",
    "tint_color": "01539bff"
  },
  "isDefaultSkin": false,
  "kiosk": {
    "font_name": "None"
  },
  "kuid": "sf6c3e98e7504ead925c57a6c7669e42",
  "left_font_color": "333333ff",
  "right_font_color": "333333ff",
  "spaan": {
    "background_left_color": "01539b00",
    "background_right_color": "01539b00",
    "bg_type": "one",
    "bottom_left_border_color": "000000ff",
    "bottom_left_border_style": "plain",
    "bottom_left_border_width": 0,
    "bottom_right_border_color": "000000ff",
    "bottom_right_border_style": "plain",
    "bottom_right_border_width": 0,
    "font_name": "Helvetica",
    "font_size": 80,
    "font_style": "normal",
    "font_weight": "normal",
    "isForked": true,
    "left_font_color": "33333300",
    "right_font_color": "33333300",
    "top_left_border_color": "000000ff",
    "top_left_border_style": "plain",
    "top_left_border_width": 0,
    "top_right_border_color": "000000ff",
    "top_right_border_style": "plain",
    "top_right_border_width": 0
  },
  "spaandroidtablet": {
    "background_left_color": "01539b00",
    "background_right_color": "01539b00",
    "bg_type": "one",
    "bottom_left_border_color": "000000ff",
    "bottom_left_border_style": "plain",
    "bottom_left_border_width": 0,
    "bottom_right_border_color": "000000ff",
    "bottom_right_border_style": "plain",
    "bottom_right_border_width": 0,
    "font_name": "Helvetica",
    "font_size": 80,
    "font_style": "normal",
    "font_weight": "normal",
    "isForked": true,
    "left_font_color": "33333300",
    "right_font_color": "33333300",
    "top_left_border_color": "000000ff",
    "top_left_border_style": "plain",
    "top_left_border_width": 0,
    "top_right_border_color": "000000ff",
    "top_right_border_style": "plain",
    "top_right_border_width": 0
  },
  "spaip": {
    "background_left_color": "01539b00",
    "background_right_color": "01539b00",
    "bg_type": "one",
    "bottom_left_border_color": "000000ff",
    "bottom_left_border_style": "plain",
    "bottom_left_border_width": 0,
    "bottom_right_border_color": "000000ff",
    "bottom_right_border_style": "plain",
    "bottom_right_border_width": 0,
    "font_name": "Helvetica",
    "font_size": 80,
    "font_style": "normal",
    "font_weight": "normal",
    "isForked": true,
    "left_font_color": "33333300",
    "right_font_color": "33333300",
    "top_left_border_color": "000000ff",
    "top_left_border_style": "plain",
    "top_left_border_width": 0,
    "top_right_border_color": "000000ff",
    "top_right_border_style": "plain",
    "top_right_border_width": 0
  },
  "spaipad": {
    "background_left_color": "01539b00",
    "background_right_color": "01539b00",
    "bg_type": "one",
    "bottom_left_border_color": "000000ff",
    "bottom_left_border_style": "plain",
    "bottom_left_border_width": 0,
    "bottom_right_border_color": "000000ff",
    "bottom_right_border_style": "plain",
    "bottom_right_border_width": 0,
    "font_name": "Helvetica",
    "font_size": 80,
    "font_style": "normal",
    "font_weight": "normal",
    "isForked": true,
    "left_font_color": "33333300",
    "right_font_color": "33333300",
    "top_left_border_color": "000000ff",
    "top_left_border_style": "plain",
    "top_left_border_width": 0,
    "top_right_border_color": "000000ff",
    "top_right_border_style": "plain",
    "top_right_border_width": 0
  },
  "spawindowstablet": {
    "background_left_color": "01539b00",
    "background_right_color": "01539b00",
    "bg_type": "one",
    "bottom_left_border_color": "000000ff",
    "bottom_left_border_style": "plain",
    "bottom_left_border_width": 0,
    "bottom_right_border_color": "000000ff",
    "bottom_right_border_style": "plain",
    "bottom_right_border_width": 0,
    "font_name": "Helvetica",
    "font_size": 80,
    "font_style": "normal",
    "font_weight": "normal",
    "isForked": true,
    "left_font_color": "33333300",
    "right_font_color": "33333300",
    "top_left_border_color": "000000ff",
    "top_left_border_style": "plain",
    "top_left_border_width": 0,
    "top_right_border_color": "000000ff",
    "top_right_border_style": "plain",
    "top_right_border_width": 0
  },
  "spawinphone8": {
    "background_left_color": "01539b00",
    "background_right_color": "01539b00",
    "bg_type": "one",
    "bottom_left_border_color": "000000ff",
    "bottom_left_border_style": "plain",
    "bottom_left_border_width": 0,
    "bottom_right_border_color": "000000ff",
    "bottom_right_border_style": "plain",
    "bottom_right_border_width": 0,
    "font_name": "Helvetica",
    "font_size": 80,
    "font_style": "normal",
    "font_weight": "normal",
    "isForked": true,
    "left_font_color": "33333300",
    "right_font_color": "33333300",
    "top_left_border_color": "000000ff",
    "top_left_border_style": "plain",
    "top_left_border_width": 0,
    "top_right_border_color": "000000ff",
    "top_right_border_style": "plain",
    "top_right_border_width": 0
  },
  "tabrcandroid": {
    "background_left_color": "01539b00",
    "background_right_color": "01539b00",
    "bg_type": "one",
    "font_name": "Helvetica",
    "font_size": 80,
    "font_style": "normal",
    "font_weight": "normal",
    "isForked": true,
    "left_font_color": "33333300",
    "right_font_color": "33333300",
    "thumb_color": "01539bff"
  },
  "wType": "Switch",
  "watchos": {
    "background_left_color": "01539b00",
    "background_right_color": "01539b00",
    "bg_type": "one",
    "font_name": "Helvetica",
    "font_size": 80,
    "font_weight": "normal",
    "isForked": true
  },
  "windows8": {
    "background_left_color": "01539b00",
    "background_right_color": "01539b00",
    "bg_type": "one",
    "font_name": "None",
    "font_size": 80,
    "font_style": "normal",
    "font_weight": "normal",
    "isForked": true,
    "left_font_color": "33333300",
    "right_font_color": "33333300"
  },
  "winphone8": {
    "background_left_color": "01539b00",
    "background_right_color": "01539b00",
    "bg_type": "one",
    "font_name": "None",
    "font_size": 80,
    "font_style": "normal",
    "font_weight": "normal",
    "isForked": true,
    "left_font_color": "33333300",
    "right_font_color": "33333300"
  }
}