{
  "android": {
    "font_name": "default",
    "font_size": 128,
    "isForked": false
  },
  "androidwearos": {
    "font_name": "default",
    "font_size": 128,
    "isForked": false
  },
  "background_color": "ffffffff",
  "bg_type": "one",
  "border_color": "a1a1a17f",
  "border_style": "plain",
  "border_type": 0,
  "border_width": 1,
  "desktopweb": {
    "font_name": "Helvetica",
    "font_size": 128,
    "isForked": false
  },
  "fontSizeInPx": false,
  "font_color": "5d5d5dff",
  "font_name": "iphoneSystem",
  "font_size": 128,
  "font_style": "normal",
  "font_weight": "400",
  "ipad": {
    "font_name": "System",
    "font_size": 128,
    "isForked": false
  },
  "iphone": {
    "font_name": "Helvetica",
    "font_size": 128,
    "isForked": false
  },
  "isDefaultSkin": false,
  "kiosk": {
    "font_name": "None",
    "font_size": 128,
    "isForked": false
  },
  "kuid": "s4119956b4704d5fa4c7689c88b26997",
  "spaan": {
    "font_name": "Helvetica",
    "font_size": 128,
    "isForked": false
  },
  "spaandroidtablet": {
    "font_name": "Helvetica",
    "font_size": 128,
    "isForked": false
  },
  "spaip": {
    "font_name": "Helvetica",
    "font_size": 128,
    "isForked": false
  },
  "spaipad": {
    "font_name": "Helvetica",
    "font_size": 128,
    "isForked": false
  },
  "spawindowstablet": {
    "font_name": "Helvetica",
    "font_size": 128,
    "isForked": false
  },
  "spawinphone8": {
    "font_name": "Helvetica",
    "font_size": 128,
    "isForked": false
  },
  "tabrcandroid": {
    "font_name": "default",
    "font_size": 128,
    "isForked": false
  },
  "wType": "ListBox",
  "watchos": {
    "font_name": "System",
    "font_size": 128,
    "isForked": false
  },
  "windows8": {
    "font_name": "None",
    "font_size": 128,
    "isForked": false
  },
  "winphone8": {
    "font_name": "None",
    "font_size": 128,
    "isForked": false
  }
}