{
  "android": {
    "font_name": "default",
    "font_size": 120,
    "isForked": false
  },
  "androidwearos": {
    "font_name": "default",
    "font_size": 120,
    "isForked": false
  },
  "background_color": "ffffff00",
  "bg_type": "one",
  "border_color": "000000ff",
  "border_style": "plain",
  "border_type": 0,
  "border_width": 0,
  "desktopweb": {
    "font_name": "Helvetica",
    "font_size": 120,
    "isForked": false
  },
  "fontSizeInPx": false,
  "font_color": "4d4d4dff",
  "font_name": "iphoneSystem",
  "font_size": 120,
  "ipad": {
    "font_name": "System",
    "font_size": 120,
    "isForked": false
  },
  "iphone": {
    "font_name": "HelveticaNeue-Light",
    "font_size": 120,
    "isForked": false
  },
  "isDefaultSkin": false,
  "kiosk": {
    "font_name": "None",
    "font_size": 120,
    "isForked": false
  },
  "kuid": "sf6318ffc2924702a887be46df2fc81e",
  "spaan": {
    "font_name": "Helvetica",
    "font_size": 120,
    "isForked": false
  },
  "spaandroidtablet": {
    "font_name": "Helvetica",
    "font_size": 120,
    "isForked": false
  },
  "spaip": {
    "font_name": "Helvetica",
    "font_size": 120,
    "isForked": false
  },
  "spaipad": {
    "font_name": "Helvetica",
    "font_size": 120,
    "isForked": false
  },
  "spawindowstablet": {
    "font_name": "Helvetica",
    "font_size": 120,
    "isForked": false
  },
  "spawinphone8": {
    "font_name": "Helvetica",
    "font_size": 120,
    "isForked": false
  },
  "tabrcandroid": {
    "font_name": "default",
    "font_size": 120,
    "isForked": false
  },
  "wType": "CheckBoxGroup",
  "watchos": {
    "font_name": "System",
    "font_size": 120,
    "isForked": false
  },
  "windows8": {
    "font_name": "None",
    "font_size": 120,
    "isForked": false
  },
  "winphone8": {
    "font_name": "None",
    "font_size": 120,
    "isForked": false
  }
}