{
  "android": {
    "font_name": "Helvetica",
    "font_size": 106,
    "isForked": false
  },
  "androidwearos": {
    "font_name": "default",
    "font_size": 136,
    "isForked": false
  },
  "background_color": "ffffff00",
  "bg_type": "one",
  "border_color": "424242ff",
  "border_style": "plain",
  "border_type": 0,
  "border_width": 0,
  "desktopweb": {
    "font_name": "Helvetica",
    "font_size": 238,
    "isForked": false
  },
  "fontSizeInPx": true,
  "font_color": "3d5466ff",
  "font_name": "iphoneSystem",
  "font_size": 136,
  "font_style": "normal",
  "font_weight": "400",
  "ipad": {
    "font_name": "Helvetica",
    "font_size": 136,
    "isForked": false
  },
  "iphone": {
    "font_name": "Helvetica",
    "font_size": 131,
    "isForked": false
  },
  "isDefaultSkin": false,
  "kiosk": {
    "font_name": "None",
    "font_size": 238,
    "isForked": false
  },
  "kuid": "s6aa9184580145fc822772de46e8c8f9",
  "spaan": {
    "font_name": "Helvetica",
    "font_size": 127,
    "isForked": false
  },
  "spaandroidtablet": {
    "font_name": "Helvetica",
    "font_size": 106,
    "isForked": false
  },
  "spaip": {
    "font_name": "Helvetica",
    "font_size": 122,
    "isForked": false
  },
  "spaipad": {
    "font_name": "Helvetica",
    "font_size": 112,
    "isForked": false
  },
  "spawindowstablet": {
    "font_name": "Helvetica",
    "font_size": 112,
    "isForked": false
  },
  "spawinphone8": {
    "font_name": "Helvetica",
    "font_size": 158,
    "isForked": false
  },
  "tabrcandroid": {
    "font_name": "Helvetica",
    "font_size": 225,
    "isForked": false
  },
  "wType": "Label",
  "watchos": {
    "font_name": "System",
    "font_size": 136,
    "isForked": false
  },
  "windows8": {
    "font_name": "None",
    "font_size": 93,
    "isForked": false
  },
  "winphone8": {
    "font_name": "None",
    "font_size": 127,
    "isForked": false
  }
}