{
  "android": {
    "font_name": "Helvetica",
    "font_size": 108,
    "isForked": false
  },
  "androidwearos": {
    "font_name": "default",
    "font_size": 139,
    "isForked": false
  },
  "background_color": "00000000",
  "bg_type": "one",
  "border_color": "424242ff",
  "border_style": "plain",
  "border_type": 0,
  "border_width": 0,
  "desktopweb": {
    "font_name": "Helvetica",
    "font_size": 244,
    "isForked": false
  },
  "fontSizeInPx": true,
  "font_color": "034f93ff",
  "font_name": "iphoneSystem",
  "font_size": 139,
  "font_style": "normal",
  "font_weight": "400",
  "ipad": {
    "font_name": "Helvetica",
    "font_size": 139,
    "isForked": false
  },
  "iphone": {
    "font_name": "Helvetica",
    "font_size": 134,
    "isForked": false
  },
  "isDefaultSkin": false,
  "kiosk": {
    "font_name": "None",
    "font_size": 244,
    "isForked": false
  },
  "kuid": "s84d7c541a08436dadd960c0dcb72407",
  "spaan": {
    "font_name": "Helvetica",
    "font_size": 130,
    "isForked": false
  },
  "spaandroidtablet": {
    "font_name": "Helvetica",
    "font_size": 108,
    "isForked": false
  },
  "spaip": {
    "font_name": "Helvetica",
    "font_size": 126,
    "isForked": false
  },
  "spaipad": {
    "font_name": "Helvetica",
    "font_size": 115,
    "isForked": false
  },
  "spawindowstablet": {
    "font_name": "Helvetica",
    "font_size": 115,
    "isForked": false
  },
  "spawinphone8": {
    "font_name": "Helvetica",
    "font_size": 163,
    "isForked": false
  },
  "tabrcandroid": {
    "font_name": "Helvetica",
    "font_size": 231,
    "isForked": false
  },
  "wType": "Label",
  "watchos": {
    "font_name": "System",
    "font_size": 139,
    "isForked": false
  },
  "windows8": {
    "font_name": "None",
    "font_size": 95,
    "isForked": false
  },
  "winphone8": {
    "font_name": "None",
    "font_size": 130,
    "isForked": false
  }
}