{
  "android": {
    "font_name": "Helvetica",
    "font_size": 111,
    "isForked": true
  },
  "androidwearos": {
    "font_name": "default",
    "font_size": 143,
    "isForked": true
  },
  "background_color": "ffffff00",
  "bg_type": "one",
  "border_color": "424242ff",
  "border_style": "plain",
  "border_type": 0,
  "border_width": 0,
  "delinkedPltfrms": {
    "androidwear": [],
    "desktop": [],
    "mobile": [],
    "tablet": [
      "tabrcandroid"
    ],
    "watch": []
  },
  "desktopweb": {
    "bottom_left_border_color": "424242ff",
    "bottom_left_border_style": "plain",
    "bottom_left_border_width": 0,
    "bottom_right_border_color": "424242ff",
    "bottom_right_border_style": "plain",
    "bottom_right_border_width": 0,
    "font_name": "Helvetica",
    "font_size": 250,
    "isForked": true,
    "top_left_border_color": "424242ff",
    "top_left_border_style": "plain",
    "top_left_border_width": 0,
    "top_right_border_color": "424242ff",
    "top_right_border_style": "plain",
    "top_right_border_width": 0
  },
  "fontSizeInPx": true,
  "font_color": "3d5466ff",
  "font_name": "iphoneSystem",
  "font_size": 111,
  "font_style": "normal",
  "font_weight": "400",
  "ipad": {
    "font_name": "Helvetica",
    "font_size": 143,
    "isForked": true
  },
  "iphone": {
    "font_name": "Helvetica",
    "font_size": 138,
    "isForked": true
  },
  "isDefaultSkin": false,
  "kiosk": {
    "font_name": "None",
    "font_size": 250,
    "isForked": true
  },
  "kuid": "s4b407c36195494295d3fb758f68449f",
  "spaan": {
    "bottom_left_border_color": "424242ff",
    "bottom_left_border_style": "plain",
    "bottom_left_border_width": 0,
    "bottom_right_border_color": "424242ff",
    "bottom_right_border_style": "plain",
    "bottom_right_border_width": 0,
    "font_name": "Helvetica",
    "font_size": 133,
    "isForked": true,
    "top_left_border_color": "424242ff",
    "top_left_border_style": "plain",
    "top_left_border_width": 0,
    "top_right_border_color": "424242ff",
    "top_right_border_style": "plain",
    "top_right_border_width": 0
  },
  "spaandroidtablet": {
    "bottom_left_border_color": "424242ff",
    "bottom_left_border_style": "plain",
    "bottom_left_border_width": 0,
    "bottom_right_border_color": "424242ff",
    "bottom_right_border_style": "plain",
    "bottom_right_border_width": 0,
    "font_name": "Helvetica",
    "font_size": 111,
    "isForked": true,
    "top_left_border_color": "424242ff",
    "top_left_border_style": "plain",
    "top_left_border_width": 0,
    "top_right_border_color": "424242ff",
    "top_right_border_style": "plain",
    "top_right_border_width": 0
  },
  "spaip": {
    "bottom_left_border_color": "424242ff",
    "bottom_left_border_style": "plain",
    "bottom_left_border_width": 0,
    "bottom_right_border_color": "424242ff",
    "bottom_right_border_style": "plain",
    "bottom_right_border_width": 0,
    "font_name": "Helvetica",
    "font_size": 129,
    "isForked": true,
    "top_left_border_color": "424242ff",
    "top_left_border_style": "plain",
    "top_left_border_width": 0,
    "top_right_border_color": "424242ff",
    "top_right_border_style": "plain",
    "top_right_border_width": 0
  },
  "spaipad": {
    "bottom_left_border_color": "424242ff",
    "bottom_left_border_style": "plain",
    "bottom_left_border_width": 0,
    "bottom_right_border_color": "424242ff",
    "bottom_right_border_style": "plain",
    "bottom_right_border_width": 0,
    "font_name": "Helvetica",
    "font_size": 118,
    "isForked": true,
    "top_left_border_color": "424242ff",
    "top_left_border_style": "plain",
    "top_left_border_width": 0,
    "top_right_border_color": "424242ff",
    "top_right_border_style": "plain",
    "top_right_border_width": 0
  },
  "spawindowstablet": {
    "bottom_left_border_color": "424242ff",
    "bottom_left_border_style": "plain",
    "bottom_left_border_width": 0,
    "bottom_right_border_color": "424242ff",
    "bottom_right_border_style": "plain",
    "bottom_right_border_width": 0,
    "font_name": "Helvetica",
    "font_size": 118,
    "isForked": true,
    "top_left_border_color": "424242ff",
    "top_left_border_style": "plain",
    "top_left_border_width": 0,
    "top_right_border_color": "424242ff",
    "top_right_border_style": "plain",
    "top_right_border_width": 0
  },
  "spawinphone8": {
    "bottom_left_border_color": "424242ff",
    "bottom_left_border_style": "plain",
    "bottom_left_border_width": 0,
    "bottom_right_border_color": "424242ff",
    "bottom_right_border_style": "plain",
    "bottom_right_border_width": 0,
    "font_name": "Helvetica",
    "font_size": 167,
    "isForked": true,
    "top_left_border_color": "424242ff",
    "top_left_border_style": "plain",
    "top_left_border_width": 0,
    "top_right_border_color": "424242ff",
    "top_right_border_style": "plain",
    "top_right_border_width": 0
  },
  "tabrcandroid": {
    "font_name": "Helvetica",
    "font_size": 196,
    "isForked": true
  },
  "wType": "Label",
  "watchos": {
    "font_name": "System",
    "font_size": 143,
    "isForked": true
  },
  "windows8": {
    "font_name": "None",
    "font_size": 98,
    "isForked": true
  },
  "winphone8": {
    "font_name": "None",
    "font_size": 133,
    "isForked": true
  }
}