{
  "background_color": "ffffff00",
  "bg_type": "one",
  "border_color": "000000ff",
  "border_style": "plain",
  "border_type": 0,
  "border_width": 1,
  "desktopweb": {
    "border_type": 0,
    "bottom_left_border_color": "0066b0ff",
    "bottom_left_border_style": "plain",
    "bottom_left_border_width": "0",
    "bottom_right_border_color": "0066b0ff",
    "bottom_right_border_style": "plain",
    "bottom_right_border_width": "0",
    "isForked": true,
    "shadow": {
      "br": 4,
      "color": "000000",
      "inner": false,
      "nm": 0,
      "x": 0,
      "y": 4
    },
    "top_left_border_color": "0066b0ff",
    "top_left_border_style": "plain",
    "top_left_border_width": "0",
    "top_right_border_color": "0066b0ff",
    "top_right_border_style": "plain",
    "top_right_border_width": "0"
  },
  "ipad": {
    "isForked": true,
    "shadow": {
      "br": 4,
      "color": "000000",
      "inner": false,
      "nm": 0,
      "x": 0,
      "y": 4
    }
  },
  "iphone": {
    "isForked": true,
    "shadow": {
      "br": 4,
      "color": "000000",
      "inner": false,
      "nm": 0,
      "x": 0,
      "y": 4
    }
  },
  "isDefaultSkin": false,
  "kuid": "sfe2f8e4878b4ef9a3036f8329c19b12",
  "spaan": {
    "border_type": 0,
    "bottom_left_border_color": "0066b0ff",
    "bottom_left_border_style": "plain",
    "bottom_left_border_width": "0",
    "bottom_right_border_color": "0066b0ff",
    "bottom_right_border_style": "plain",
    "bottom_right_border_width": "0",
    "isForked": true,
    "shadow": {
      "br": 4,
      "color": "000000",
      "inner": false,
      "nm": 0,
      "x": 0,
      "y": 4
    },
    "top_left_border_color": "0066b0ff",
    "top_left_border_style": "plain",
    "top_left_border_width": "0",
    "top_right_border_color": "0066b0ff",
    "top_right_border_style": "plain",
    "top_right_border_width": "0"
  },
  "spaandroidtablet": {
    "border_type": 0,
    "bottom_left_border_color": "0066b0ff",
    "bottom_left_border_style": "plain",
    "bottom_left_border_width": "0",
    "bottom_right_border_color": "0066b0ff",
    "bottom_right_border_style": "plain",
    "bottom_right_border_width": "0",
    "isForked": true,
    "shadow": {
      "br": 4,
      "color": "000000",
      "inner": false,
      "nm": 0,
      "x": 0,
      "y": 4
    },
    "top_left_border_color": "0066b0ff",
    "top_left_border_style": "plain",
    "top_left_border_width": "0",
    "top_right_border_color": "0066b0ff",
    "top_right_border_style": "plain",
    "top_right_border_width": "0"
  },
  "spaip": {
    "border_type": 0,
    "bottom_left_border_color": "0066b0ff",
    "bottom_left_border_style": "plain",
    "bottom_left_border_width": "0",
    "bottom_right_border_color": "0066b0ff",
    "bottom_right_border_style": "plain",
    "bottom_right_border_width": "0",
    "isForked": true,
    "shadow": {
      "br": 4,
      "color": "000000",
      "inner": false,
      "nm": 0,
      "x": 0,
      "y": 4
    },
    "top_left_border_color": "0066b0ff",
    "top_left_border_style": "plain",
    "top_left_border_width": "0",
    "top_right_border_color": "0066b0ff",
    "top_right_border_style": "plain",
    "top_right_border_width": "0"
  },
  "spaipad": {
    "border_type": 0,
    "bottom_left_border_color": "0066b0ff",
    "bottom_left_border_style": "plain",
    "bottom_left_border_width": "0",
    "bottom_right_border_color": "0066b0ff",
    "bottom_right_border_style": "plain",
    "bottom_right_border_width": "0",
    "isForked": true,
    "shadow": {
      "br": 4,
      "color": "000000",
      "inner": false,
      "nm": 0,
      "x": 0,
      "y": 4
    },
    "top_left_border_color": "0066b0ff",
    "top_left_border_style": "plain",
    "top_left_border_width": "0",
    "top_right_border_color": "0066b0ff",
    "top_right_border_style": "plain",
    "top_right_border_width": "0"
  },
  "spawindowstablet": {
    "border_type": 0,
    "bottom_left_border_color": "0066b0ff",
    "bottom_left_border_style": "plain",
    "bottom_left_border_width": "0",
    "bottom_right_border_color": "0066b0ff",
    "bottom_right_border_style": "plain",
    "bottom_right_border_width": "0",
    "isForked": true,
    "shadow": {
      "br": 4,
      "color": "000000",
      "inner": false,
      "nm": 0,
      "x": 0,
      "y": 4
    },
    "top_left_border_color": "0066b0ff",
    "top_left_border_style": "plain",
    "top_left_border_width": "0",
    "top_right_border_color": "0066b0ff",
    "top_right_border_style": "plain",
    "top_right_border_width": "0"
  },
  "spawinphone8": {
    "border_type": 0,
    "bottom_left_border_color": "0066b0ff",
    "bottom_left_border_style": "plain",
    "bottom_left_border_width": "0",
    "bottom_right_border_color": "0066b0ff",
    "bottom_right_border_style": "plain",
    "bottom_right_border_width": "0",
    "isForked": true,
    "shadow": {
      "br": 4,
      "color": "000000",
      "inner": false,
      "nm": 0,
      "x": 0,
      "y": 4
    },
    "top_left_border_color": "0066b0ff",
    "top_left_border_style": "plain",
    "top_left_border_width": "0",
    "top_right_border_color": "0066b0ff",
    "top_right_border_style": "plain",
    "top_right_border_width": "0"
  },
  "wType": "FlexContainer"
}