{
  "android": {
    "font_name": "Helvetica",
    "font_size": 117,
    "isForked": false
  },
  "androidwearos": {
    "font_name": "default",
    "font_size": 150,
    "isForked": false
  },
  "background_color": "00000000",
  "bg_type": "one",
  "border_color": "424242ff",
  "border_style": "plain",
  "border_type": 0,
  "border_width": 0,
  "desktopweb": {
    "font_name": "Helvetica",
    "font_size": 263,
    "isForked": false
  },
  "fontSizeInPx": true,
  "font_color": "333333ff",
  "font_name": "iphoneSystem",
  "font_size": 150,
  "font_style": "normal",
  "font_weight": "400",
  "ipad": {
    "font_name": "Helvetica",
    "font_size": 150,
    "isForked": false
  },
  "iphone": {
    "font_name": "Helvetica",
    "font_size": 145,
    "isForked": false
  },
  "isDefaultSkin": false,
  "kiosk": {
    "font_name": "None",
    "font_size": 263,
    "isForked": false
  },
  "kuid": "s60722ae525640e8b497366693a035a8",
  "spaan": {
    "font_name": "Helvetica",
    "font_size": 140,
    "isForked": false
  },
  "spaandroidtablet": {
    "font_name": "Helvetica",
    "font_size": 117,
    "isForked": false
  },
  "spaip": {
    "font_name": "Helvetica",
    "font_size": 135,
    "isForked": false
  },
  "spaipad": {
    "font_name": "Helvetica",
    "font_size": 124,
    "isForked": false
  },
  "spawindowstablet": {
    "font_name": "Helvetica",
    "font_size": 124,
    "isForked": false
  },
  "spawinphone8": {
    "font_name": "Helvetica",
    "font_size": 175,
    "isForked": false
  },
  "tabrcandroid": {
    "font_name": "Helvetica",
    "font_size": 249,
    "isForked": false
  },
  "wType": "Label",
  "watchos": {
    "font_name": "System",
    "font_size": 150,
    "isForked": false
  },
  "windows8": {
    "font_name": "None",
    "font_size": 102,
    "isForked": false
  },
  "winphone8": {
    "font_name": "None",
    "font_size": 140,
    "isForked": false
  }
}