{
  "android": {
    "font_name": "default",
    "font_size": 107,
    "isForked": false
  },
  "androidwearos": {
    "font_name": "default",
    "font_size": 107,
    "isForked": false
  },
  "background_color": "fcb040ff",
  "bg_type": "one",
  "border_color": "424242ff",
  "border_style": "plain",
  "border_type": 0,
  "border_width": 0,
  "desktopweb": {
    "font_name": "Helvetica",
    "font_size": 107,
    "isForked": false
  },
  "fontSizeInPx": false,
  "font_color": "fcb040ff",
  "font_name": "iphoneSystem",
  "font_size": 107,
  "font_style": "underline",
  "font_weight": "400",
  "ipad": {
    "font_name": "System",
    "font_size": 107,
    "isForked": false
  },
  "iphone": {
    "font_name": "System",
    "font_size": 107,
    "isForked": false
  },
  "isDefaultSkin": false,
  "kiosk": {
    "font_name": "None",
    "font_size": 107,
    "isForked": false
  },
  "kuid": "s2f756a7cfef4d86983cd2d422ac4808",
  "spaan": {
    "font_name": "Helvetica",
    "font_size": 107,
    "isForked": false
  },
  "spaandroidtablet": {
    "font_name": "Helvetica",
    "font_size": 107,
    "isForked": false
  },
  "spaip": {
    "font_name": "Helvetica",
    "font_size": 107,
    "isForked": false
  },
  "spaipad": {
    "font_name": "Helvetica",
    "font_size": 107,
    "isForked": false
  },
  "spawindowstablet": {
    "font_name": "Helvetica",
    "font_size": 107,
    "isForked": false
  },
  "spawinphone8": {
    "font_name": "Helvetica",
    "font_size": 107,
    "isForked": false
  },
  "tabrcandroid": {
    "font_name": "default",
    "font_size": 107,
    "isForked": false
  },
  "wType": "Label",
  "watchos": {
    "font_name": "System",
    "font_size": 107,
    "isForked": false
  },
  "windows8": {
    "font_name": "None",
    "font_size": 107,
    "isForked": false
  },
  "winphone8": {
    "font_name": "None",
    "font_size": 107,
    "isForked": false
  }
}