{
  "android": {
    "font_name": "default"
  },
  "androidwearos": {
    "font_name": "default"
  },
  "background_gradient_bottom_color": "092b51ff",
  "background_gradient_top_color": "01539bff",
  "background_style": "vg",
  "bg_type": "two",
  "border_color": "000000ff",
  "border_style": "plain",
  "border_type": 0,
  "border_width": 0,
  "desktopweb": {
    "font_name": "Helvetica"
  },
  "ipad": {
    "font_name": "System"
  },
  "iphone": {
    "font_name": "System"
  },
  "isDefaultSkin": false,
  "kiosk": {
    "font_name": "None"
  },
  "kuid": "sb1c63825cd64fb7bba414aa768f100d",
  "spaan": {
    "font_name": "Helvetica"
  },
  "spaandroidtablet": {
    "font_name": "Helvetica"
  },
  "spaip": {
    "font_name": "Helvetica"
  },
  "spaipad": {
    "font_name": "Helvetica"
  },
  "spawindowstablet": {
    "font_name": "Helvetica"
  },
  "spawinphone8": {
    "font_name": "Helvetica"
  },
  "tabrcandroid": {
    "font_name": "default"
  },
  "wType": "FlexContainer",
  "watchos": {
    "font_name": "System"
  },
  "windows8": {
    "font_name": "None"
  },
  "winphone8": {
    "font_name": "None"
  }
}