{
  "android": {
    "font_name": "Helvetica",
    "font_size": 103,
    "isForked": false
  },
  "androidwearos": {
    "font_name": "default",
    "font_size": 132,
    "isForked": false
  },
  "background_color": "ffffff00",
  "bg_type": "one",
  "border_color": "333333ff",
  "border_style": "plain",
  "border_type": 0,
  "border_width": 0,
  "desktopweb": {
    "font_name": "Helvetica",
    "font_size": 231,
    "isForked": false
  },
  "fontSizeInPx": true,
  "font_color": "bdbdbdff",
  "font_name": "iphoneSystem",
  "font_size": 103,
  "font_style": "normal",
  "font_weight": "400",
  "ipad": {
    "font_name": "Helvetica",
    "font_size": 132,
    "isForked": false
  },
  "iphone": {
    "font_name": "Helvetica",
    "font_size": 128,
    "isForked": false
  },
  "isDefaultSkin": false,
  "kiosk": {
    "font_name": "None",
    "font_size": 231,
    "isForked": false
  },
  "kuid": "s86bef85a2f84e8d9ae0cd2d22a145d6",
  "spaan": {
    "font_name": "Helvetica",
    "font_size": 95,
    "isForked": false
  },
  "spaandroidtablet": {
    "font_name": "Helvetica",
    "font_size": 79,
    "isForked": false
  },
  "spaip": {
    "font_name": "Helvetica",
    "font_size": 92,
    "isForked": false
  },
  "spaipad": {
    "font_name": "Helvetica",
    "font_size": 84,
    "isForked": false
  },
  "spawindowstablet": {
    "font_name": "Helvetica",
    "font_size": 84,
    "isForked": false
  },
  "spawinphone8": {
    "font_name": "Helvetica",
    "font_size": 119,
    "isForked": false
  },
  "tabrcandroid": {
    "font_name": "Helvetica",
    "font_size": 219,
    "isForked": false
  },
  "wType": "TextArea",
  "watchos": {
    "font_name": "System",
    "font_size": 132,
    "isForked": false
  },
  "windows8": {
    "font_name": "None",
    "font_size": 90,
    "isForked": false
  },
  "winphone8": {
    "font_name": "None",
    "font_size": 123,
    "isForked": false
  }
}