{
  "android": {
    "font_name": "Helvetica",
    "font_size": 111,
    "isForked": false
  },
  "androidwearos": {
    "font_name": "default",
    "font_size": 143,
    "isForked": false
  },
  "background_color": "ffffffff",
  "bg_type": "one",
  "border_color": "333333ff",
  "border_style": "plain",
  "border_type": 0,
  "border_width": 0,
  "desktopweb": {
    "font_name": "Helvetica",
    "font_size": 250,
    "isForked": false
  },
  "fontSizeInPx": true,
  "font_color": "333333ff",
  "font_name": "iphoneSystem",
  "font_size": 143,
  "font_style": "normal",
  "font_weight": "400",
  "ipad": {
    "font_name": "Helvetica",
    "font_size": 143,
    "isForked": false
  },
  "iphone": {
    "font_name": "Helvetica",
    "font_size": 138,
    "isForked": false
  },
  "isDefaultSkin": false,
  "kiosk": {
    "font_name": "None",
    "font_size": 250,
    "isForked": false
  },
  "kuid": "s0a4d67969f34aae9f7d22cb4ff8b2c4",
  "spaan": {
    "font_name": "Helvetica",
    "font_size": 133,
    "isForked": false
  },
  "spaandroidtablet": {
    "font_name": "Helvetica",
    "font_size": 111,
    "isForked": false
  },
  "spaip": {
    "font_name": "Helvetica",
    "font_size": 129,
    "isForked": false
  },
  "spaipad": {
    "font_name": "Helvetica",
    "font_size": 118,
    "isForked": false
  },
  "spawindowstablet": {
    "font_name": "Helvetica",
    "font_size": 118,
    "isForked": false
  },
  "spawinphone8": {
    "font_name": "Helvetica",
    "font_size": 167,
    "isForked": false
  },
  "tabrcandroid": {
    "font_name": "Helvetica",
    "font_size": 237,
    "isForked": true
  },
  "wType": "TextArea",
  "watchos": {
    "font_name": "System",
    "font_size": 143,
    "isForked": false
  },
  "windows8": {
    "font_name": "None",
    "font_size": 98,
    "isForked": false
  },
  "winphone8": {
    "font_name": "None",
    "font_size": 133,
    "isForked": false
  }
}