{
  "android": {
    "font_name": "Helvetica",
    "font_size": 125,
    "isForked": true
  },
  "androidwearos": {
    "font_name": "default",
    "font_size": 161,
    "isForked": true
  },
  "background_color": "ffffff00",
  "bg_type": "one",
  "border_color": "333333ff",
  "border_style": "plain",
  "border_type": 0,
  "border_width": 0,
  "desktopweb": {
    "bottom_left_border_color": "333333ff",
    "bottom_left_border_style": "plain",
    "bottom_left_border_width": 0,
    "bottom_right_border_color": "333333ff",
    "bottom_right_border_style": "plain",
    "bottom_right_border_width": 0,
    "font_name": "Helvetica",
    "font_size": 281,
    "isForked": true,
    "top_left_border_color": "333333ff",
    "top_left_border_style": "plain",
    "top_left_border_width": 0,
    "top_right_border_color": "333333ff",
    "top_right_border_style": "plain",
    "top_right_border_width": 0
  },
  "fontSizeInPx": true,
  "font_color": "bdbdbdff",
  "font_name": "iphoneSystem",
  "font_size": 136,
  "font_style": "normal",
  "font_weight": "400",
  "ipad": {
    "font_name": "Helvetica",
    "font_size": 136,
    "isForked": false
  },
  "iphone": {
    "font_name": "Helvetica",
    "font_size": 155,
    "isForked": true
  },
  "isDefaultSkin": false,
  "kiosk": {
    "font_name": "None",
    "font_size": 238,
    "isForked": false
  },
  "kuid": "s2fb04aa2ae74f86a630a3ff5652fe90",
  "spaan": {
    "bottom_left_border_color": "333333ff",
    "bottom_left_border_style": "plain",
    "bottom_left_border_width": 0,
    "bottom_right_border_color": "333333ff",
    "bottom_right_border_style": "plain",
    "bottom_right_border_width": 0,
    "font_name": "Helvetica",
    "font_size": 200,
    "isForked": true,
    "top_left_border_color": "333333ff",
    "top_left_border_style": "plain",
    "top_left_border_width": 0,
    "top_right_border_color": "333333ff",
    "top_right_border_style": "plain",
    "top_right_border_width": 0
  },
  "spaandroidtablet": {
    "bottom_left_border_color": "333333ff",
    "bottom_left_border_style": "plain",
    "bottom_left_border_width": 0,
    "bottom_right_border_color": "333333ff",
    "bottom_right_border_style": "plain",
    "bottom_right_border_width": 0,
    "font_name": "Helvetica",
    "font_size": 167,
    "isForked": true,
    "top_left_border_color": "333333ff",
    "top_left_border_style": "plain",
    "top_left_border_width": 0,
    "top_right_border_color": "333333ff",
    "top_right_border_style": "plain",
    "top_right_border_width": 0
  },
  "spaip": {
    "bottom_left_border_color": "333333ff",
    "bottom_left_border_style": "plain",
    "bottom_left_border_width": 0,
    "bottom_right_border_color": "333333ff",
    "bottom_right_border_style": "plain",
    "bottom_right_border_width": 0,
    "font_name": "Helvetica",
    "font_size": 193,
    "isForked": true,
    "top_left_border_color": "333333ff",
    "top_left_border_style": "plain",
    "top_left_border_width": 0,
    "top_right_border_color": "333333ff",
    "top_right_border_style": "plain",
    "top_right_border_width": 0
  },
  "spaipad": {
    "bottom_left_border_color": "333333ff",
    "bottom_left_border_style": "plain",
    "bottom_left_border_width": 0,
    "bottom_right_border_color": "333333ff",
    "bottom_right_border_style": "plain",
    "bottom_right_border_width": 0,
    "font_name": "Helvetica",
    "font_size": 176,
    "isForked": true,
    "top_left_border_color": "333333ff",
    "top_left_border_style": "plain",
    "top_left_border_width": 0,
    "top_right_border_color": "333333ff",
    "top_right_border_style": "plain",
    "top_right_border_width": 0
  },
  "spawindowstablet": {
    "bottom_left_border_color": "333333ff",
    "bottom_left_border_style": "plain",
    "bottom_left_border_width": 0,
    "bottom_right_border_color": "333333ff",
    "bottom_right_border_style": "plain",
    "bottom_right_border_width": 0,
    "font_name": "Helvetica",
    "font_size": 176,
    "isForked": true,
    "top_left_border_color": "333333ff",
    "top_left_border_style": "plain",
    "top_left_border_width": 0,
    "top_right_border_color": "333333ff",
    "top_right_border_style": "plain",
    "top_right_border_width": 0
  },
  "spawinphone8": {
    "bottom_left_border_color": "333333ff",
    "bottom_left_border_style": "plain",
    "bottom_left_border_width": 0,
    "bottom_right_border_color": "333333ff",
    "bottom_right_border_style": "plain",
    "bottom_right_border_width": 0,
    "font_name": "Helvetica",
    "font_size": 250,
    "isForked": true,
    "top_left_border_color": "333333ff",
    "top_left_border_style": "plain",
    "top_left_border_width": 0,
    "top_right_border_color": "333333ff",
    "top_right_border_style": "plain",
    "top_right_border_width": 0
  },
  "tabrcandroid": {
    "font_name": "Helvetica",
    "font_size": 267,
    "isForked": true
  },
  "wType": "TextArea",
  "watchos": {
    "font_name": "System",
    "font_size": 136,
    "isForked": false
  },
  "windows8": {
    "font_name": "None",
    "font_size": 93,
    "isForked": false
  },
  "winphone8": {
    "font_name": "None",
    "font_size": 127,
    "isForked": false
  }
}