{
  "android": {
    "font_name": "Helvetica",
    "font_size": 107,
    "isForked": false
  },
  "androidwearos": {
    "font_name": "default",
    "font_size": 107,
    "isForked": false
  },
  "background_color": "ffffff00",
  "bg_type": "one",
  "border_color": "333333ff",
  "border_style": "plain",
  "border_type": 0,
  "border_width": 1,
  "desktopweb": {
    "font_name": "Helvetica",
    "font_size": 107,
    "isForked": false
  },
  "fontSizeInPx": false,
  "font_color": "3D5466ff",
  "font_name": "iphoneSystem",
  "font_size": 107,
  "font_style": "normal",
  "font_weight": "400",
  "ipad": {
    "font_name": "Helvetica",
    "font_size": 107,
    "isForked": false
  },
  "iphone": {
    "font_name": "Helvetica",
    "font_size": 107,
    "isForked": false
  },
  "isDefaultSkin": false,
  "kiosk": {
    "font_name": "None",
    "font_size": 107,
    "isForked": false
  },
  "kuid": "s4594d774fd54457a41439966a93973b",
  "spaan": {
    "font_name": "Helvetica",
    "font_size": 107,
    "isForked": false
  },
  "spaandroidtablet": {
    "font_name": "Helvetica",
    "font_size": 107,
    "isForked": false
  },
  "spaip": {
    "font_name": "Helvetica",
    "font_size": 107,
    "isForked": false
  },
  "spaipad": {
    "font_name": "Helvetica",
    "font_size": 107,
    "isForked": false
  },
  "spawindowstablet": {
    "font_name": "Helvetica",
    "font_size": 107,
    "isForked": false
  },
  "spawinphone8": {
    "font_name": "Helvetica",
    "font_size": 107,
    "isForked": false
  },
  "tabrcandroid": {
    "font_name": "Helvetica",
    "font_size": 107,
    "isForked": false
  },
  "wType": "TextField",
  "watchos": {
    "font_name": "System",
    "font_size": 107,
    "isForked": false
  },
  "windows8": {
    "font_name": "None",
    "font_size": 107,
    "isForked": false
  },
  "winphone8": {
    "font_name": "None",
    "font_size": 107,
    "isForked": false
  }
}