{
  "android": {
    "font_name": "default",
    "font_size": 130,
    "isForked": false
  },
  "androidwearos": {
    "font_name": "default",
    "font_size": 130,
    "isForked": false
  },
  "background_color": "ffffffff",
  "bg_type": "one",
  "border_color": "333333ff",
  "border_style": "rc",
  "border_type": 0,
  "border_width": 1,
  "desktopweb": {
    "font_name": "Helvetica",
    "font_size": 130,
    "isForked": false
  },
  "fontSizeInPx": false,
  "font_color": "555555ff",
  "font_name": "iphoneSystem",
  "font_size": 130,
  "font_style": "normal",
  "font_weight": "400",
  "ipad": {
    "font_name": "System",
    "font_size": 130,
    "isForked": false
  },
  "iphone": {
    "font_name": "Helvetica-Light",
    "font_size": 130,
    "isForked": false
  },
  "isDefaultSkin": false,
  "kiosk": {
    "font_name": "None",
    "font_size": 130,
    "isForked": false
  },
  "kuid": "s938b921a1a445d6803d47891c6930b7",
  "spaan": {
    "font_name": "Helvetica",
    "font_size": 130,
    "isForked": false
  },
  "spaandroidtablet": {
    "font_name": "Helvetica",
    "font_size": 130,
    "isForked": false
  },
  "spaip": {
    "font_name": "Helvetica",
    "font_size": 130,
    "isForked": false
  },
  "spaipad": {
    "font_name": "Helvetica",
    "font_size": 130,
    "isForked": false
  },
  "spawindowstablet": {
    "font_name": "Helvetica",
    "font_size": 130,
    "isForked": false
  },
  "spawinphone8": {
    "font_name": "Helvetica",
    "font_size": 130,
    "isForked": false
  },
  "tabrcandroid": {
    "font_name": "default",
    "font_size": 130,
    "isForked": false
  },
  "wType": "TextField",
  "watchos": {
    "font_name": "System",
    "font_size": 130,
    "isForked": false
  },
  "windows8": {
    "font_name": "None",
    "font_size": 130,
    "isForked": false
  },
  "winphone8": {
    "font_name": "None",
    "font_size": 130,
    "isForked": false
  }
}