{
  "android": {
    "background_color": "0066b0ff",
    "bg_type": "one",
    "font_name": "default",
    "font_size": 105,
    "font_weight": "normal",
    "isForked": true,
    "text_shadow": {
      "br": 0,
      "color": "00000000",
      "nm": 0,
      "x": 0,
      "y": 0
    }
  },
  "androidwearos": {
    "font_name": "Helvetica",
    "isForked": true,
    "text_shadow": {
      "br": 0,
      "color": "00000000",
      "nm": 0,
      "x": 0,
      "y": 0
    }
  },
  "background_color": "0066b0ff",
  "bg_type": "one",
  "border_color": "ffffffff",
  "border_style": "plain",
  "border_type": 0,
  "border_width": 0,
  "desktopweb": {
    "background_color": "0066b0ff",
    "bg_type": "one",
    "border_type": 0,
    "bottom_left_border_color": "0066b000",
    "bottom_left_border_style": "plain",
    "bottom_left_border_width": "1",
    "bottom_right_border_color": "0066b000",
    "bottom_right_border_style": "plain",
    "bottom_right_border_width": "1",
    "font_name": "Helvetica",
    "font_size": 105,
    "isForked": true,
    "shadow": {
      "br": 4,
      "color": "0000003d",
      "inner": false,
      "nm": 0,
      "x": 0,
      "y": 4
    },
    "text_shadow": {
      "br": 0,
      "color": "00000000",
      "nm": 0,
      "x": 0,
      "y": 0
    },
    "top_left_border_color": "0066b000",
    "top_left_border_style": "plain",
    "top_left_border_width": "1",
    "top_right_border_color": "0066b000",
    "top_right_border_style": "plain",
    "top_right_border_width": "1"
  },
  "fontSizeInPx": false,
  "font_color": "ffffffff",
  "font_name": "Helvetica",
  "font_size": 105,
  "font_style": "normal",
  "font_weight": "normal",
  "ipad": {
    "background_color": "0066b0ff",
    "bg_type": "one",
    "border_color": "0066b000",
    "border_radius": 2,
    "border_style": "custom",
    "border_type": 0,
    "border_width": 1,
    "font_name": "Helvetica",
    "font_size": 105,
    "isForked": true,
    "shadow": {
      "br": 0,
      "color": "000000ff",
      "inner": false,
      "nm": 0,
      "x": 0,
      "y": 0
    },
    "text_shadow": {
      "br": 4,
      "color": "00000000",
      "nm": 0,
      "x": 0,
      "y": 0
    }
  },
  "iphone": {
    "font_name": "OpenSans-Regular",
    "font_size": 105,
    "isForked": true,
    "text_shadow": {
      "br": 0,
      "color": "00000000",
      "nm": 0,
      "x": 0,
      "y": 0
    }
  },
  "isDefaultSkin": false,
  "kiosk": {
    "background_color": "0066b0ff",
    "bg_type": "one",
    "border_color": "0066b000",
    "border_radius": 2,
    "border_style": "custom",
    "border_type": 0,
    "border_width": 1,
    "font_name": "GenericMonospace",
    "font_size": 105,
    "isForked": true
  },
  "kuid": "sb389957d2974a03aca0dee355192a33",
  "spaan": {
    "bottom_left_border_color": "ffffffff",
    "bottom_left_border_style": "plain",
    "bottom_left_border_width": 0,
    "bottom_right_border_color": "ffffffff",
    "bottom_right_border_style": "plain",
    "bottom_right_border_width": 0,
    "font_name": "Helvetica",
    "font_size": 105,
    "isForked": true,
    "text_shadow": {
      "br": 0,
      "color": "00000000",
      "nm": 0,
      "x": 0,
      "y": 0
    },
    "top_left_border_color": "ffffffff",
    "top_left_border_style": "plain",
    "top_left_border_width": 0,
    "top_right_border_color": "ffffffff",
    "top_right_border_style": "plain",
    "top_right_border_width": 0
  },
  "spaandroidtablet": {
    "background_color": "0066b0ff",
    "bg_type": "one",
    "border_type": 0,
    "bottom_left_border_color": "0066b000",
    "bottom_left_border_radius": "2",
    "bottom_left_border_style": "rc",
    "bottom_left_border_width": "1",
    "bottom_right_border_color": "0066b000",
    "bottom_right_border_radius": "2",
    "bottom_right_border_style": "rc",
    "bottom_right_border_width": "1",
    "font_name": "Helvetica",
    "font_size": 105,
    "isForked": true,
    "shadow": {
      "br": 4,
      "color": "0000003f",
      "inner": false,
      "nm": 0,
      "x": 0,
      "y": 4
    },
    "text_shadow": {
      "br": 0,
      "color": "00000000",
      "nm": 0,
      "x": 0,
      "y": 0
    },
    "top_left_border_color": "0066b000",
    "top_left_border_radius": "2",
    "top_left_border_style": "rc",
    "top_left_border_width": "1",
    "top_right_border_color": "0066b000",
    "top_right_border_radius": "2",
    "top_right_border_style": "rc",
    "top_right_border_width": "1"
  },
  "spaip": {
    "bottom_left_border_color": "ffffffff",
    "bottom_left_border_style": "plain",
    "bottom_left_border_width": 0,
    "bottom_right_border_color": "ffffffff",
    "bottom_right_border_style": "plain",
    "bottom_right_border_width": 0,
    "font_name": "Helvetica",
    "font_size": 105,
    "isForked": true,
    "text_shadow": {
      "br": 0,
      "color": "00000000",
      "nm": 0,
      "x": 0,
      "y": 0
    },
    "top_left_border_color": "ffffffff",
    "top_left_border_style": "plain",
    "top_left_border_width": 0,
    "top_right_border_color": "ffffffff",
    "top_right_border_style": "plain",
    "top_right_border_width": 0
  },
  "spaipad": {
    "background_color": "0066b0ff",
    "bg_type": "one",
    "border_type": 0,
    "bottom_left_border_color": "0066b000",
    "bottom_left_border_radius": "2",
    "bottom_left_border_style": "rc",
    "bottom_left_border_width": "1",
    "bottom_right_border_color": "0066b000",
    "bottom_right_border_radius": "2",
    "bottom_right_border_style": "rc",
    "bottom_right_border_width": "1",
    "font_name": "Helvetica",
    "font_size": 105,
    "isForked": true,
    "shadow": {
      "br": 4,
      "color": "0000003f",
      "inner": false,
      "nm": 0,
      "x": 0,
      "y": 4
    },
    "text_shadow": {
      "br": 0,
      "color": "00000000",
      "nm": 0,
      "x": 0,
      "y": 0
    },
    "top_left_border_color": "0066b000",
    "top_left_border_radius": "2",
    "top_left_border_style": "rc",
    "top_left_border_width": "1",
    "top_right_border_color": "0066b000",
    "top_right_border_radius": "2",
    "top_right_border_style": "rc",
    "top_right_border_width": "1"
  },
  "spawindowstablet": {
    "background_color": "0066b0ff",
    "bg_type": "one",
    "border_type": 0,
    "bottom_left_border_color": "0066b000",
    "bottom_left_border_radius": "2",
    "bottom_left_border_style": "rc",
    "bottom_left_border_width": "1",
    "bottom_right_border_color": "0066b000",
    "bottom_right_border_radius": "2",
    "bottom_right_border_style": "rc",
    "bottom_right_border_width": "1",
    "font_name": "Helvetica",
    "font_size": 105,
    "isForked": true,
    "shadow": {
      "br": 4,
      "color": "0000003f",
      "inner": false,
      "nm": 0,
      "x": 0,
      "y": 4
    },
    "text_shadow": {
      "br": 0,
      "color": "00000000",
      "nm": 0,
      "x": 0,
      "y": 0
    },
    "top_left_border_color": "0066b000",
    "top_left_border_radius": "2",
    "top_left_border_style": "rc",
    "top_left_border_width": "1",
    "top_right_border_color": "0066b000",
    "top_right_border_radius": "2",
    "top_right_border_style": "rc",
    "top_right_border_width": "1"
  },
  "spawinphone8": {
    "bottom_left_border_color": "ffffffff",
    "bottom_left_border_style": "plain",
    "bottom_left_border_width": 0,
    "bottom_right_border_color": "ffffffff",
    "bottom_right_border_style": "plain",
    "bottom_right_border_width": 0,
    "font_name": "Helvetica",
    "font_size": 105,
    "isForked": true,
    "text_shadow": {
      "br": 0,
      "color": "00000000",
      "nm": 0,
      "x": 0,
      "y": 0
    },
    "top_left_border_color": "ffffffff",
    "top_left_border_style": "plain",
    "top_left_border_width": 0,
    "top_right_border_color": "ffffffff",
    "top_right_border_style": "plain",
    "top_right_border_width": 0
  },
  "tabrcandroid": {
    "background_color": "0066b0ff",
    "bg_type": "one",
    "border_color": "0066b000",
    "border_style": "custom",
    "border_type": 0,
    "border_width": 1,
    "bottom_left_border_radius": 2,
    "bottom_right_border_radius": 2,
    "font_name": "default",
    "font_size": 105,
    "isForked": true,
    "text_shadow": {
      "br": 0,
      "color": "00000000",
      "nm": 0,
      "x": 0,
      "y": 0
    },
    "top_left_border_radius": 2,
    "top_right_border_radius": 2
  },
  "wType": "Button",
  "watchos": {
    "font_name": "Helvetica",
    "font_size": 105,
    "isForked": false
  },
  "windows8": {
    "background_color": "0066b0ff",
    "bg_type": "one",
    "border_color": "0066b000",
    "border_style": "custom",
    "border_type": 0,
    "border_width": 1,
    "bottom_left_border_radius": 2,
    "bottom_right_border_radius": 2,
    "font_name": "GenericMonospace",
    "font_size": 105,
    "isForked": true,
    "top_left_border_radius": 2,
    "top_right_border_radius": 2
  },
  "winphone8": {
    "font_name": "None",
    "font_size": 105,
    "isForked": false
  }
}