{
    "DNDConfig": null,
    "__parentReadjusting__": false,
    "_height_": {
        "type": "string",
        "value": "100%"
    },
    "_left_": {
        "type": "string",
        "value": "0dp"
    },
    "_margin_": [
        0,
        0,
        0,
        0
    ],
    "_orientation_": 6,
    "_padding_": [
        0,
        0,
        0,
        0
    ],
    "_percent_": true,
    "_skin_": "s7fe4b13287a49c89dbbba930bd9460b",
    "_top_": {
        "type": "string",
        "value": "0dp"
    },
    "_width_": {
        "type": "string",
        "value": "100%"
    },
    "allboxes": [],
    "canUpdateUI": true,
    "children": [
        "segCarousel1",
        "lblHeading",
        "lblPrice",
        "flxStar",
        "imgLocation",
        "lblLocation",
        "mapView",
        "lblServicesIncluded",
        "flxBookHotel",
        "flxBody"
    ],
    "clipbounds": true,
    "containerweight": 100,
    "enablescrolling": true,
    "id": "E2ECard",
    "ide_postShow": "AS_FlexContainer_i7ed359eec8540ce91595bc4d25bfbd0",
    "info": null,
    "isvisible": true,
    "kuid": "ua64d6f387f54e2e978f28b494cd2082",
    "layouttype": 2,
    "name": "kony.ui.FlexContainer",
    "parent": "userwidgetmodel",
    "pf": "userwidgetmodel",
    "snapgridsize": 10,
    "snaptogrid": true,
    "vizProps": {
        "hidewidgethierarchy": false
    },
    "wType": "FlexContainer",
    "widgetalignment": 1
}