{
    "DNDConfig": null,
    "__parentReadjusting__": false,
    "_height_": {
        "type": "string",
        "value": "6.50%"
    },
    "_margin_": [
        0,
        0,
        0,
        0
    ],
    "_orientation_": 6,
    "_padding_": [
        0,
        0,
        0,
        0
    ],
    "_percent_": true,
    "_skin_": "sc1b8faff73c44a9b0fc36b51dc7f5fe",
    "_top_": {
        "type": "string",
        "value": "91%"
    },
    "_width_": {
        "type": "string",
        "value": "93.10%"
    },
    "allboxes": [],
    "canUpdateUI": true,
    "centerx": {
        "type": "string",
        "value": "50%"
    },
    "children": [
        "lblButton"
    ],
    "clipbounds": true,
    "containerweight": 100,
    "enablescrolling": true,
    "id": "flxBookHotel",
    "ide_onTouchStart": "AS_FlexContainer_h77316e20e3541a5bdcb28d3179e08e0",
    "info": null,
    "isvisible": true,
    "kuid": "ub6a201e7bde45e686b824864366d13a",
    "layouttype": 2,
    "name": "kony.ui.FlexContainer",
    "parent": "E2ECard",
    "pf": "userwidgetmodel",
    "snapgridsize": 10,
    "snaptogrid": true,
    "vizProps": {},
    "wType": "FlexContainer",
    "widgetalignment": 1,
    "zindex": 2
}