{
    "@class": "com.kony.gen.viz.model.container.KVizSegment2",
    "DNDConfig": null,
    "__parentReadjusting__": false,
    "_bounces_": false,
    "_data_": [
        {},
        {},
        {}
    ],
    "_height_": {
        "type": "string",
        "value": "35%"
    },
    "_indicator_": "none",
    "_left_": {
        "type": "string",
        "value": "0dp"
    },
    "_margin_": [
        0,
        0,
        0,
        0
    ],
    "_orientation_": 2,
    "_padding_": [
        0,
        0,
        0,
        0
    ],
    "_top_": {
        "type": "string",
        "value": "0dp"
    },
    "_width_": {
        "type": "string",
        "value": "100%"
    },
    "autogrowmode": 0,
    "canUpdateUI": true,
    "containerweight": 100,
    "counter": "03",
    "focusedindex": 0,
    "focuseditem": {},
    "groupcells": false,
    "hasSections": false,
    "id": "segCarousel1",
    "ide_onSwipe": "AS_Segment_cc4a496983724c0d906f04a301e2f1e7",
    "info": null,
    "ipad": {
        "psp": {
            "indicator": "rowselect"
        }
    },
    "iphone": {
        "psp": {
            "bounces": false,
            "indicator": "rowselect"
        }
    },
    "isvisible": true,
    "kuid": "ueab6424545e4da3bdb753c166e57af8",
    "masterdata": {},
    "mobile": {
        "_data_": [
            {},
            {},
            {},
            {}
        ],
        "rowtemplate": null,
        "sectionHeaderTemplateId": null,
        "selectionBehaviorConfig": null,
        "widgetdatamap": {}
    },
    "name": "kony.ui.SegmentedUI2",
    "needpageindicator": false,
    "pageoffdotimage": "pageoffdot.png",
    "pageondotimage": "pageondot.png",
    "paginationconfig": {
        "position": "bottom",
        "vdistance": 1
    },
    "parent": "E2ECard",
    "pf": "userwidgetmodel",
    "retainselection": false,
    "rowcounter": 3,
    "rowfocusskin": "sc32c06916c647298b49a404c650b006",
    "rowskin": "s98aee10ea85452d939c6ff850b8b120",
    "rowtemplate": "konympcarousel1flx",
    "screenlevelwidget": false,
    "seccounter": 0,
    "sectionheaderskin": "s8542d6bf0de404cb7fc68f84c07db20",
    "selectedRows": null,
    "selectedState": false,
    "selectedindex": [
        0,
        0
    ],
    "selectedindices": null,
    "selecteditems": {},
    "selectedsectionindex": null,
    "selectionbehavior": "default",
    "separatorrequired": false,
    "showscrollbars": false,
    "swipeContext": {
        "currentPage": 0,
        "imageWidth": 750,
        "widthRatio": 0
    },
    "viewtype": "pageview",
    "wType": "Segment",
    "widgetalignment": 5,
    "widgetdatamap": {},
    "zindex": 2
}