{
    "DNDConfig": null,
    "__parentReadjusting__": false,
    "_height_": {
        "type": "string",
        "value": "220dp"
    },
    "_left_": {
        "type": "string",
        "value": "20dp"
    },
    "_margin_": [
        0,
        0,
        0,
        0
    ],
    "_orientation_": 6,
    "_padding_": [
        0,
        0,
        0,
        0
    ],
    "_percent_": true,
    "_right_": {
        "type": "string",
        "value": "20dp"
    },
    "_skin_": "s62a54225a774b8ba8fa95db02c8db35",
    "_top_": {
        "type": "string",
        "value": "40%"
    },
    "allboxes": [],
    "canUpdateUI": true,
    "children": [
        "lblDescptn"
    ],
    "clipbounds": true,
    "containerweight": 100,
    "enablescrolling": true,
    "id": "flxDescrptn",
    "info": null,
    "iscustomlayout": false,
    "isvisible": true,
    "kuid": "a6939eb5b33a4d55962af7ef4a10881d",
    "layouttype": 4,
    "name": "kony.ui.FlexContainer",
    "parent": "frmLanding",
    "pf": "frmLanding",
    "retaincontentalignment": false,
    "retainflexpositionproperties": false,
    "snapgridsize": 10,
    "snaptogrid": true,
    "wType": "FlexContainer",
    "widgetalignment": 1,
    "zindex": 10
}