{
    "NativeFunctionAPI": {
        "Android": {
            "4.0": {
                "Kony_SDKCommons-Android-4.0": {
                    "enable": true,
                    "filename": "Kony_SDKCommons-Android-4.0.zip",
                    "isDefault": true,
                    "os": "4.0",
                    "platform": "Android",
                    "title": "Kony_SDKCommons"
                },
                "Kony_SyncV2-Android-4.0": {
                    "enable": true,
                    "filename": "Kony_SyncV2-Android-4.0.zip",
                    "isDefault": true,
                    "os": "4.0",
                    "platform": "Android",
                    "title": "Kony_SyncV2"
                },
                "android.accounts-Android-4.0": {
                    "enable": true,
                    "filename": "android.accounts-Android-4.0.zip",
                    "os": "4.0",
                    "platform": "Android",
                    "title": "android.accounts",
                    "url": "D:\\KonyVisualizerEnterprise8.2.0.124\\Workspace\\.imports\\.temp\\import355754092\\nativebindings\\Android\\4.0\\android.accounts-Android-4.0.zip",
                    "isDefault": false
                },
                "android.content-Android-4.0": {
                    "enable": true,
                    "filename": "android.content-Android-4.0.zip",
                    "os": "4.0",
                    "platform": "Android",
                    "title": "android.content",
                    "url": "D:\\KonyVisualizerEnterprise8.2.0.124\\Workspace\\.imports\\.temp\\import355754092\\nativebindings\\Android\\4.0\\android.content-Android-4.0.zip",
                    "isDefault": false
                },
                "android.net-Android-4.0": {
                    "enable": true,
                    "filename": "android.net-Android-4.0.zip",
                    "os": "4.0",
                    "platform": "Android",
                    "title": "android.net",
                    "url": "D:\\KonyVisualizerEnterprise8.2.0.124\\Workspace\\.imports\\.temp\\import355754092\\nativebindings\\Android\\4.0\\android.net-Android-4.0.zip",
                    "isDefault": false
                },
                "android.os-Android-4.0": {
                    "enable": true,
                    "filename": "android.os-Android-4.0.zip",
                    "os": "4.0",
                    "platform": "Android",
                    "title": "android.os",
                    "url": "D:\\KonyVisualizerEnterprise8.2.0.124\\Workspace\\.imports\\.temp\\import355754092\\nativebindings\\Android\\4.0\\android.os-Android-4.0.zip",
                    "isDefault": false
                },
                "android.webkit-Android-4.0": {
                    "enable": true,
                    "filename": "android.webkit-Android-4.0.zip",
                    "os": "4.0",
                    "platform": "Android",
                    "title": "android.webkit",
                    "url": "D:\\KonyVisualizerEnterprise8.2.0.124\\Workspace\\.nativebindings\\Android\\4.0\\android.webkit-Android-4.0.zip",
                    "isDefault": false
                },
                "java.lang-Android-4.0": {
                    "enable": true,
                    "filename": "java.lang-Android-4.0.zip",
                    "os": "4.0",
                    "platform": "Android",
                    "title": "java.lang",
                    "url": "D:\\KonyVisualizerEnterprise8.2.0.124\\Workspace\\.imports\\.temp\\import355754092\\nativebindings\\Android\\4.0\\java.lang-Android-4.0.zip",
                    "isDefault": false
                },
                "Kony_FileStorage-Android-4.0": {
                    "title": "Kony_FileStorage",
                    "platform": "Android",
                    "os": "4.0",
                    "ci": true,
                    "isDefault": true,
                    "filename": "Kony_FileStorage-Android-4.0.zip",
                    "enable": true
                }
            }
        },
        "iOS": {
            "10.0": {
                "Foundation-iOS-10.0": {
                    "enable": false,
                    "filename": "Foundation-iOS-10.0.zip",
                    "os": "10.0",
                    "platform": "iOS",
                    "title": "Foundation",
                    "url": "D:\\KonyVisualizerEnterprise8.2.0.124\\Workspace\\.imports\\.temp\\import1395664753\\nativebindings\\iOS\\10.0\\Foundation-iOS-10.0.zip",
                    "isDefault": false
                },
                "Kony_SyncV2-iOS-10.0": {
                    "enable": false,
                    "filename": "Kony_SyncV2-iOS-10.0.zip",
                    "os": "10.0",
                    "platform": "iOS",
                    "title": "Kony_SyncV2",
                    "url": "D:\\KonyVisualizerEnterprise8.2.0.124\\Workspace\\.imports\\.temp\\import1395664753\\nativebindings\\iOS\\10.0\\Kony_SyncV2-iOS-10.0.zip",
                    "isDefault": true
                },
                "UIKit-iOS-10.0": {
                    "enable": false,
                    "filename": "UIKit-iOS-10.0.zip",
                    "os": "10.0",
                    "platform": "iOS",
                    "title": "UIKit",
                    "url": "D:\\KonyVisualizerEnterprise8.2.0.124\\Workspace\\.imports\\.temp\\import1395664753\\nativebindings\\iOS\\10.0\\UIKit-iOS-10.0.zip",
                    "isDefault": false
                }
            },
            "11.0": {
                "Kony_SDKCommons-iOS-11.0": {
                    "enable": true,
                    "filename": "Kony_SDKCommons-iOS-11.0.zip",
                    "isDefault": true,
                    "os": "11.0",
                    "platform": "iOS",
                    "title": "Kony_SDKCommons"
                },
                "Kony_SyncV2-iOS-11.0": {
                    "enable": true,
                    "filename": "Kony_SyncV2-iOS-11.0.zip",
                    "isDefault": true,
                    "os": "11.0",
                    "platform": "iOS",
                    "title": "Kony_SyncV2"
                },
                "UIKit-iOS-11.0": {
                    "checksum": "6effc8bb47bc4871c124071357b0406b523c2a0e",
                    "enable": false,
                    "filename": "UIKit-iOS-11.0.zip",
                    "os": "11.0",
                    "platform": "iOS",
                    "projectName": "KonyPayments",
                    "title": "UIKit",
                    "url": "/visualizer/nativeframeworks/ios/7.0/UIKit-iOS-11.0.zip",
                    "isDefault": false
                },
                "Kony_FileStorage-iOS-11.0": {
                    "title": "Kony_FileStorage",
                    "platform": "iOS",
                    "os": "11.0",
                    "ci": true,
                    "isDefault": true,
                    "filename": "Kony_FileStorage-iOS-11.0.zip",
                    "enable": true
                }
            }
        }
    }
}