{
    "splashScreen": {
        "desktop": {
            "desktopweb": {},
            "kiosk": {}
        },
        "mobile": {
            "android": {},
            "iphone": {
                "splashConfig": {
                    "_skin_": "sa2a1ac58ea74f34aadc7b41dcb3cb4c",
                    "children": [
                        {
                            "UIElementType": "Image",
                            "_height_": {
                                "type": "string",
                                "value": "100%"
                            },
                            "_left_": {
                                "type": "string",
                                "value": "0dp"
                            },
                            "_src_": "splash.png",
                            "_top_": {
                                "type": "string",
                                "value": "0dp"
                            },
                            "_width_": {
                                "type": "string",
                                "value": "100%"
                            },
                            "contentmode": 0,
                            "id": "splashImage",
                            "isvisible": true,
                            "kuid": "f6c49832ddc14dccafc4bea8e8d62aba",
                            "wType": "Image"
                        }
                    ]
                }
            },
            "spa": {},
            "spaan": {},
            "spabb": {},
            "spaip": {},
            "spawinphone8": {},
            "winphone10": {},
            "winphone8": {}
        },
        "tablet": {
            "android": {},
            "ipad": {
                "landscape": {},
                "splashConfig": {
                    "_skin_": "sa2a1ac58ea74f34aadc7b41dcb3cb4c",
                    "children": [
                        {
                            "UIElementType": "Image",
                            "_height_": {
                                "type": "string",
                                "value": "100%"
                            },
                            "_left_": {
                                "type": "string",
                                "value": "0dp"
                            },
                            "_src_": "splash.png",
                            "_top_": {
                                "type": "string",
                                "value": "0dp"
                            },
                            "_width_": {
                                "type": "string",
                                "value": "100%"
                            },
                            "contentmode": 0,
                            "id": "splashImage",
                            "isvisible": true,
                            "kuid": "a5a06273d7a643fe92414ebfbbed2e80",
                            "wType": "Image"
                        }
                    ]
                }
            },
            "spa": {},
            "spaandroidtablet": {},
            "spaipad": {},
            "spawindowstablet": {},
            "windows8": {}
        }
    }
}