{
    "@class": "com.kony.gen.viz.model.component.KVizButton",
    "DNDConfig": null,
    "__parentReadjusting__": false,
    "_height_": {
        "type": "string",
        "value": "50dp"
    },
    "_left_": {
        "type": "string",
        "value": "37dp"
    },
    "_margin_": [
        6,
        6,
        6,
        6
    ],
    "_padding_": [
        0,
        0,
        0,
        0
    ],
    "_skin_": "sfe8e10f54214aa6abe049d7239ee8a9",
    "_text_": " Media API",
    "_top_": {
        "type": "string",
        "value": "43dp"
    },
    "_width_": {
        "type": "string",
        "value": "300dp"
    },
    "canUpdateUI": true,
    "centerx": {
        "type": "string",
        "value": "49.88%"
    },
    "containerweight": 100,
    "contentalignment": 5,
    "displaytext": true,
    "focusskin": "s98df96ac850483b8ec9f9e2847a9bfd",
    "id": "Button0g2050c4484f342",
    "info": null,
    "iscustomlayout": false,
    "isvisible": true,
    "kuid": "d7c8444124724181b2bab79de2934fc0",
    "name": "kony.ui.Button",
    "onclick": "AS_Button_d4814c58550a408dbfd241a621c8297c",
    "parent": "FlexContainer0e10091df550e4d",
    "pf": "frmHome",
    "retaincontentalignment": false,
    "retainflexpositionproperties": false,
    "wType": "Button",
    "zindex": 1
}