{
    "@class": "com.kony.gen.viz.model.component.KVizButton",
    "DNDConfig": null,
    "__parentReadjusting__": false,
    "_height_": {
        "type": "string",
        "value": "50dp"
    },
    "_left_": {
        "type": "string",
        "value": "37dp"
    },
    "_margin_": [
        6,
        6,
        6,
        6
    ],
    "_padding_": [
        0,
        0,
        0,
        0
    ],
    "_skin_": "sfe8e10f54214aa6abe049d7239ee8a9",
    "_text_": "Media Record API",
    "_top_": {
        "type": "string",
        "value": "110dp"
    },
    "_width_": {
        "type": "string",
        "value": "300dp"
    },
    "canUpdateUI": true,
    "centerx": {
        "type": "string",
        "value": "49.84%"
    },
    "containerweight": 100,
    "contentalignment": 5,
    "displaytext": true,
    "focusskin": "s98df96ac850483b8ec9f9e2847a9bfd",
    "id": "CopyButton0afb30ec0b39d48",
    "info": null,
    "iscustomlayout": false,
    "isvisible": true,
    "kuid": "db26c857982c4fdca499533053443991",
    "name": "kony.ui.Button",
    "onclick": "AS_Button_d5199d5abd6543c7b9ba9ac080ef7014",
    "parent": "FlexContainer0e10091df550e4d",
    "pf": "frmHome",
    "retaincontentalignment": false,
    "retainflexpositionproperties": false,
    "wType": "Button",
    "zindex": 1
}