{
    "AS_Button_g218eaa450784ea48ca444e0a0816010": {
        "id": "AS_Button_g218eaa450784ea48ca444e0a0816010",
        "type": "ACTION_SEQUENCE",
        "params": [{
            "datatype": "collection",
            "name": "eventobject"
        }],
        "contextObj": {
            "name": "frmHome",
            "type": "forms",
            "platform": null,
            "KUID": "i9f46632643d45e18a14c4b7f889fc8a"
        },
        "language": "js",
        "actions": [{
            "id": "INVOKE_FUNCTION___ce70053d75574c8bae4583c4fe82ee51",
            "type": "INVOKE_FUNCTION",
            "sequenceKUID": "setActionSheet",
            "display": "setActionSheet",
            "inputparams": [],
            "parentId": null,
            "callbackType": null,
            "disabled": null,
            "source": "controller"
        }]
    }
}