{
  "android": {
    "background_image": "floatingbtn.png",
    "bg_type": "image"
  },
  "background_color": "56a9ddff",
  "bg_type": "one",
  "border_color": "ffffffff",
  "border_style": "plain",
  "border_type": 0,
  "border_width": 0,
  "font_color": "ffffffff",
  "font_name": "Helvetica",
  "font_size": 148,
  "font_style": "normal",
  "font_weight": "normal",
  "iphone": {
    "background_image": "floatingbtn.png",
    "bg_type": "image"
  },
  "isDefaultSkin": false,
  "kuid": "s267010855c44d05b646f17757c6ceb1",
  "wType": "Button"
}