{
  "android": {
    "font_size": 100,
    "isForked": false
  },
  "desktopweb": {
    "font_size": 100,
    "isForked": false
  },
  "fontSizeInPx": false,
  "font_color": "1e00ffff",
  "font_name": "Helvetica",
  "font_size": 100,
  "font_style": "normal",
  "font_weight": "normal",
  "ipad": {
    "font_size": 100,
    "isForked": false
  },
  "iphone": {
    "font_size": 100,
    "isForked": false
  },
  "isDefaultSkin": false,
  "kiosk": {
    "font_size": 100,
    "isForked": false
  },
  "kuid": "s4b2b16a3a2a49dba2d876ee8d080da8",
  "spaan": {
    "font_size": 100,
    "isForked": false
  },
  "spaandroidtablet": {
    "font_size": 100,
    "isForked": false
  },
  "spabb": {
    "font_size": 100,
    "isForked": false
  },
  "spaip": {
    "font_size": 100,
    "isForked": false
  },
  "spaipad": {
    "font_size": 100,
    "isForked": false
  },
  "spawindowstablet": {
    "font_size": 100,
    "isForked": false
  },
  "spawinphone8": {
    "font_size": 100,
    "isForked": false
  },
  "tabrcandroid": {
    "font_size": 100,
    "isForked": false
  },
  "wType": "RichText",
  "watchos": {
    "font_size": 100,
    "isForked": false
  },
  "windows8": {
    "font_size": 100,
    "isForked": false
  },
  "winphone8": {
    "font_size": 100,
    "isForked": false
  }
}