{
  "android": {
    "font_name": "roboto.regular",
    "font_size": 120,
    "isForked": false
  },
  "background_color": "00000000",
  "bg_type": "one",
  "border_color": "424242ff",
  "border_style": "plain",
  "border_type": 0,
  "border_width": 0,
  "desktopweb": {
    "font_color": "ffffffff",
    "font_name": "Helvetica",
    "font_size": 120,
    "font_weight": "bold",
    "isForked": true
  },
  "fontSizeInPx": false,
  "font_color": "ffffffff",
  "font_name": "Helvetica",
  "font_size": 120,
  "font_style": "normal",
  "font_weight": "normal",
  "ipad": {
    "font_color": "ffffffff",
    "font_name": "SFUIText-Regular",
    "font_size": 120,
    "isForked": true
  },
  "iphone": {
    "font_color": "ffffffff",
    "font_name": "SFUIText-Regular",
    "font_size": 120,
    "isForked": true
  },
  "isDefaultSkin": false,
  "kiosk": {
    "font_color": "ffffffff",
    "font_name": "FontAwesome",
    "font_size": 120,
    "font_weight": "bold",
    "isForked": true
  },
  "kuid": "sa06d850dbb0403ba4b32e1c1bbe1ef7",
  "spaan": {
    "font_color": "ffffffff",
    "font_name": "roboto.regular",
    "font_size": 120,
    "font_weight": "bold",
    "isForked": true
  },
  "spaandroidtablet": {
    "font_color": "ffffffff",
    "font_name": "roboto.regular",
    "font_size": 120,
    "font_weight": "bold",
    "isForked": true
  },
  "spabb": {
    "font_color": "ffffffff",
    "font_name": "Helvetica",
    "font_size": 120,
    "font_weight": "bold",
    "isForked": true
  },
  "spaip": {
    "font_color": "ffffffff",
    "font_name": "SFUIText-Regular",
    "font_size": 120,
    "font_weight": "bold",
    "isForked": true
  },
  "spaipad": {
    "font_color": "ffffffff",
    "font_name": "SFUIText-Regular",
    "font_size": 120,
    "font_weight": "bold",
    "isForked": true
  },
  "spawindowstablet": {
    "font_color": "ffffffff",
    "font_name": "Helvetica",
    "font_size": 120,
    "font_weight": "bold",
    "isForked": true
  },
  "spawinphone8": {
    "font_color": "ffffffff",
    "font_name": "Helvetica",
    "font_size": 120,
    "font_weight": "bold",
    "isForked": true
  },
  "tabrcandroid": {
    "font_color": "ffffffff",
    "font_name": "roboto.regular",
    "font_size": 120,
    "font_weight": "bold",
    "isForked": true
  },
  "wType": "Label",
  "watchos": {
    "font_color": "ffffffff",
    "font_name": "Helvetica",
    "font_size": 120,
    "font_weight": "bold",
    "isForked": true
  },
  "windows8": {
    "font_color": "ffffffff",
    "font_name": "FontAwesome",
    "font_size": 120,
    "font_weight": "bold",
    "isForked": true
  },
  "winphone8": {
    "font_color": "ffffffff",
    "font_name": "FontAwesome",
    "font_size": 120,
    "font_weight": "bold",
    "isForked": true
  }
}