{
    "AS_Button_be2e2ca9fb8e45899ba26b2f315a783c": {
        "id": "AS_Button_be2e2ca9fb8e45899ba26b2f315a783c",
        "type": "ACTION_SEQUENCE",
        "params": [{
            "datatype": "collection",
            "name": "eventobject"
        }],
        "contextObj": {
            "name": "Form1",
            "type": "forms",
            "platform": null,
            "KUID": "bd3c42f5316847dd91b22e059cdcd8ef"
        },
        "language": "js",
        "actions": [{
            "id": "INVOKE_FUNCTION___e8510953b42544858b62037d7f5306aa",
            "type": "INVOKE_FUNCTION",
            "sequenceKUID": "removeData",
            "display": "removeData",
            "inputparams": [],
            "parentId": null,
            "callbackType": null,
            "disabled": null,
            "source": "controller"
        }]
    }
}