{
    "AS_Button_e9261b30d2f94a9bafc7cc47bac4c030": {
        "id": "AS_Button_e9261b30d2f94a9bafc7cc47bac4c030",
        "type": "ACTION_SEQUENCE",
        "params": [{
            "datatype": "collection",
            "name": "eventobject"
        }],
        "contextObj": {
            "name": "Form1",
            "type": "forms",
            "platform": null,
            "KUID": "bd3c42f5316847dd91b22e059cdcd8ef"
        },
        "language": "js",
        "actions": [{
            "id": "INVOKE_FUNCTION___h56ea0fd872a43088667a1ef14feb02f",
            "type": "INVOKE_FUNCTION",
            "sequenceKUID": "saveData",
            "display": "saveData",
            "inputparams": [],
            "parentId": null,
            "callbackType": null,
            "disabled": null,
            "source": "controller"
        }]
    }
}