{
    "AS_Button_df82a3ee4cae4d849a7c7fa3f43f6cb0": {
        "id": "AS_Button_df82a3ee4cae4d849a7c7fa3f43f6cb0",
        "type": "ACTION_SEQUENCE",
        "params": [{
            "datatype": "collection",
            "name": "eventobject"
        }],
        "contextObj": {
            "name": "Form1",
            "type": "forms",
            "platform": null,
            "KUID": "bd3c42f5316847dd91b22e059cdcd8ef"
        },
        "language": "js",
        "actions": [{
            "id": "INVOKE_FUNCTION___c1dcfba516a049b4972229767bc9d405",
            "type": "INVOKE_FUNCTION",
            "sequenceKUID": "readData",
            "display": "readData",
            "inputparams": [],
            "parentId": null,
            "callbackType": null,
            "disabled": null,
            "source": "controller"
        }]
    }
}