{
    "DNDConfig": null,
    "__parentReadjusting__": false,
    "_height_": {
        "type": "string",
        "value": "100%"
    },
    "_left_": {
        "type": "string",
        "value": "0dp"
    },
    "_margin_": [
        0,
        0,
        0,
        0
    ],
    "_orientation_": 6,
    "_padding_": [
        0,
        0,
        0,
        0
    ],
    "_percent_": true,
    "_skin_": "se1fc551727b4295abb388dc8c305c82",
    "_top_": {
        "type": "string",
        "value": "0dp"
    },
    "_width_": {
        "type": "string",
        "value": "100%"
    },
    "allboxes": [],
    "canUpdateUI": true,
    "children": [
        "mapView"
    ],
    "clipbounds": true,
    "containerweight": 100,
    "enablescrolling": true,
    "id": "map2",
    "ide_postShow": "AS_FlexContainer_ba90b9ffa2fd4f67bf0d05b62731badf",
    "ide_preShow": "AS_FlexContainer_ccb30b09969846ed98bf185b0eb32cc8",
    "info": null,
    "isvisible": true,
    "kuid": "id6e5788978b48d89e9f362999d2ec3a",
    "layouttype": 2,
    "name": "kony.ui.FlexContainer",
    "parent": "userwidgetmodel",
    "pf": "userwidgetmodel",
    "postshow": "AS_FlexContainer_ba90b9ffa2fd4f67bf0d05b62731badf",
    "preshow": "AS_FlexContainer_ccb30b09969846ed98bf185b0eb32cc8",
    "snapgridsize": 10,
    "snaptogrid": true,
    "vizProps": {
        "hidewidgethierarchy": false
    },
    "wType": "FlexContainer",
    "widgetalignment": 1
}