{
    "@class": "com.kony.gen.viz.model.component.KVizMap",
    "DNDConfig": null,
    "__parentReadjusting__": false,
    "_height_": {
        "type": "string",
        "value": "100%"
    },
    "_left_": {
        "type": "string",
        "value": "0dp"
    },
    "_margin_": [
        0,
        0,
        0,
        0
    ],
    "_mode_": 1,
    "_padding_": [
        0,
        0,
        0,
        0
    ],
    "_top_": {
        "type": "string",
        "value": "0dp"
    },
    "_width_": {
        "type": "string",
        "value": "100%"
    },
    "calloutwidth": 80,
    "canUpdateUI": true,
    "containerweight": 100,
    "defaultpinimage": "map_pin_red_2.png",
    "id": "mapView",
    "info": null,
    "invokedProperty": "maps",
    "isvisible": true,
    "kuid": "d959f77503584e3db4c35280c4e949f8",
    "locationdata": [],
    "mapsource": "non-native",
    "mapsrc": "non-native",
    "mobile": {
        "calloutTemplateId": "g5614504d0c74e3c93b44894e682d47f",
        "callouttemplate": "flxParent"
    },
    "name": "kony.ui.Map",
    "parent": "map2",
    "pf": "userwidgetmodel",
    "provider": "google",
    "screenlevelwidget": false,
    "wType": "Map",
    "zindex": 1,
    "zoomlevel": 6
}