{
    "AS_FlexContainer_j7324ca7190b46e5a03bbd83a42b781d": {
        "id": "AS_FlexContainer_j7324ca7190b46e5a03bbd83a42b781d",
        "type": "ACTION_SEQUENCE",
        "params": [{
            "datatype": "collection",
            "name": "eventobject"
        }],
        "contextObj": {
            "name": "uwu0e1f888f7ed49cd96d476abc5395890",
            "type": "userwidgets",
            "KUID": "u0e1f888f7ed49cd96d476abc5395890"
        },
        "language": "js",
        "actions": [{
            "id": "ADD_SNIPPET__i97a036da19b47a68dbd2b4aef79b9e3",
            "type": "ADD_SNIPPET",
            "codeSnippet": "this.mapValue();",
            "parentId": null,
            "callbackType": null
        }]
    }
}