{
    "AS_FlexContainer_b29fd22e97494c6a8ff69c2e2711b50a": {
        "id": "AS_FlexContainer_b29fd22e97494c6a8ff69c2e2711b50a",
        "type": "ACTION_SEQUENCE",
        "params": [{
            "datatype": "collection",
            "name": "eventobject"
        }, {
            "datatype": "string",
            "name": "x"
        }, {
            "datatype": "string",
            "name": "y"
        }],
        "contextObj": {
            "name": "uwu0e1f888f7ed49cd96d476abc5395890",
            "type": "userwidgets",
            "KUID": "u0e1f888f7ed49cd96d476abc5395890"
        },
        "language": "js",
        "actions": [{
            "id": "ADD_SNIPPET__f7182c7f21cd4baeb0811d81f6d586ef",
            "type": "ADD_SNIPPET",
            "codeSnippet": "this.bookHotel();",
            "parentId": null,
            "callbackType": null
        }]
    }
}