{
    "AS_Image_idcb9117cb624791896aa0bfaed4dd03": {
        "id": "AS_Image_idcb9117cb624791896aa0bfaed4dd03",
        "type": "ACTION_SEQUENCE",
        "params": [{
            "datatype": "collection",
            "name": "eventobject"
        }, {
            "datatype": "string",
            "name": "x"
        }, {
            "datatype": "string",
            "name": "y"
        }],
        "contextObj": {
            "type": "userwidgets",
            "KUID": "ub5f2e45bdd648ef87d70d3b7ce30ab8"
        },
        "language": "js",
        "actions": [{
            "id": "ADD_SNIPPET__cb138718ced24a7b89159070a004ee41",
            "type": "ADD_SNIPPET",
            "codeSnippet": "this.setStarsSelected(5);",
            "parentId": null,
            "callbackType": null
        }]
    }
}