{
    "AS_Image_bb1a3b0b8a814a67ba6b66f26f4203d1": {
        "id": "AS_Image_bb1a3b0b8a814a67ba6b66f26f4203d1",
        "type": "ACTION_SEQUENCE",
        "params": [{
            "datatype": "collection",
            "name": "eventobject"
        }, {
            "datatype": "string",
            "name": "x"
        }, {
            "datatype": "string",
            "name": "y"
        }],
        "contextObj": {
            "type": "userwidgets",
            "KUID": "ub5f2e45bdd648ef87d70d3b7ce30ab8"
        },
        "language": "js",
        "actions": [{
            "id": "ADD_SNIPPET__f904486e8cda4582a46241f69a1c6c34",
            "type": "ADD_SNIPPET",
            "codeSnippet": "this.setStarsSelected(4);",
            "parentId": null,
            "callbackType": null
        }]
    }
}