{
    "@class": "com.kony.gen.viz.model.component.KVizButton",
    "DNDConfig": null,
    "__parentReadjusting__": false,
    "_height_": {
        "type": "string",
        "value": "100%"
    },
    "_left_": {
        "type": "string",
        "value": "0dp"
    },
    "_margin_": [
        6,
        6,
        6,
        6
    ],
    "_padding_": [
        27,
        0,
        0,
        0
    ],
    "_skin_": "s645b24fc9d04f149036355f972326f6",
    "_text_": "Back",
    "_top_": {
        "type": "string",
        "value": "0dp"
    },
    "_width_": {
        "type": "string",
        "value": "76dp"
    },
    "android": {
        "displayText": false
    },
    "canUpdateUI": true,
    "containerweight": 100,
    "contentalignment": 4,
    "displaytext": true,
    "focusskin": "se4129cec58c4f76aedeba2bd2b0d409",
    "id": "headerButtonLeft",
    "info": null,
    "iphone": {
        "padding": [
            27,
            0,
            0,
            0
        ],
        "paddingInPixel": true
    },
    "isvisible": true,
    "kuid": "a9cc82a70619436396fda968e49b363e",
    "masterType": 1,
    "name": "kony.ui.Button",
    "onclick": "AS_Button_b99e488b8a57487b9a9b2b425dcbf3f4",
    "paddingLocked": false,
    "paddinginpixel": false,
    "parent": "headerContainer25",
    "pf": "frmAppSetRead",
    "wType": "Button",
    "zindex": 1
}