{
    "@class": "com.kony.gen.viz.model.container.KVizSegment2",
    "DNDConfig": null,
    "__parentReadjusting__": false,
    "_data_": [
        {
            "Image0c1a48ecdd8924b": {
                "@class": "com.viz.ide.model.segment.ImageSegmentData",
                "src": "b1.png"
            }
        },
        {
            "Image0c1a48ecdd8924b": {
                "@class": "com.viz.ide.model.segment.ImageSegmentData",
                "src": "b2.png"
            }
        },
        {
            "Image0c1a48ecdd8924b": {
                "@class": "com.viz.ide.model.segment.ImageSegmentData",
                "src": "b3.png"
            }
        },
        {
            "Image0c1a48ecdd8924b": {
                "@class": "com.viz.ide.model.segment.ImageSegmentData",
                "src": "b4.png"
            }
        }
    ],
    "_height_": {
        "type": "ref",
        "value": "preferred"
    },
    "_indicator_": "none",
    "_left_": {
        "type": "string",
        "value": "2%"
    },
    "_margin_": [
        0,
        0,
        0,
        0
    ],
    "_orientation_": 2,
    "_padding_": [
        0,
        0,
        0,
        0
    ],
    "_top_": {
        "type": "string",
        "value": "15dp"
    },
    "_width_": {
        "type": "string",
        "value": "96%"
    },
    "autogrowmode": 1,
    "canUpdateUI": true,
    "containerweight": 100,
    "counter": "03",
    "focusedindex": null,
    "focuseditem": null,
    "groupcells": false,
    "hasSections": false,
    "id": "SegMsgSetR",
    "info": null,
    "ipad": {
        "psp": {
            "indicator": "rowselect"
        }
    },
    "iphone": {
        "psp": {
            "indicator": "rowselect"
        }
    },
    "iscustomlayout": false,
    "isvisible": true,
    "kuid": "jc2dff1d56b44b909bd2cb8df9fa1837",
    "masterdata": {},
    "name": "kony.ui.SegmentedUI2",
    "needpageindicator": true,
    "pageoffdotimage": "pageoffdot.png",
    "pageondotimage": "pageondot.png",
    "paginationconfig": {
        "position": "bottom"
    },
    "parent": "frmAppSetRead",
    "pf": "frmAppSetRead",
    "retaincontentalignment": false,
    "retainflexpositionproperties": false,
    "retainselection": false,
    "rowTemplateId": "ebb357e3c52e4c13858fd7c70de2a863",
    "rowcounter": 3,
    "rowfocusskin": "se8419bd794c4fd5adef3f928d0b9906",
    "rowskin": "s4ea2779b5a94675b864ec41ebf1e099",
    "rowtemplate": "flxImg",
    "screenlevelwidget": false,
    "seccounter": 0,
    "sectionheaderskin": "sd30ecb6d3584123970765dbca15629e",
    "selectedRows": null,
    "selectedState": false,
    "selectedindex": null,
    "selectedindices": null,
    "selecteditems": null,
    "selectedsectionindex": 0,
    "selectionbehavior": "default",
    "separatorcolor": "aaaaaa00",
    "separatorrequired": true,
    "separatorthickness": 1,
    "showscrollbars": false,
    "viewtype": "tableview",
    "vizProps": {},
    "wType": "Segment",
    "widgetalignment": 5,
    "widgetdatamap": {
        "Image0c1a48ecdd8924b": "Image0c1a48ecdd8924b",
        "flxImg": "flxImg"
    },
    "zindex": 1
}