{
    "DNDConfig": null,
    "_height_": {
        "type": "string",
        "value": "75.0%"
    },
    "_left_": {
        "type": "string",
        "value": "0%"
    },
    "_margin_": [
        0,
        0,
        0,
        0
    ],
    "_padding_": [
        0,
        0,
        0,
        0
    ],
    "_skin_": "s890453a82904a349641e92209f9b00f",
    "_top_": {
        "type": "string",
        "value": "0%"
    },
    "_width_": {
        "type": "string",
        "value": "100%"
    },
    "allboxes": [],
    "allowhorizontalbounce": true,
    "allowverticalbounce": true,
    "android": {
        "@class": "com.kony.gen.viz.model.container.property.scrollflexcontainer.AndroidScrollFlexContainerProperty",
        "render": true
    },
    "bounces": false,
    "canUpdateUI": true,
    "children": [],
    "containerweight": 100,
    "contentoffset": {},
    "contentsize": {},
    "defaultunit": 2,
    "enablescrolling": true,
    "focusskin": "s890453a82904a349641e92209f9b00f",
    "horizontalscrollindicator": true,
    "id": "flNut",
    "iphone": {
        "@class": "com.kony.gen.viz.model.container.property.scrollflexcontainer.IPhoneScrollFlexContainerProperty",
        "psp": {
            "bouncesZoom": true,
            "maxZoomScale": 1,
            "minZoomScale": 1,
            "zoomScale": 1
        },
        "render": true
    },
    "isvisible": true,
    "kuid": "p2kwiet140781533144",
    "layouttype": 2,
    "margininpixel": false,
    "name": "kony.ui.FlexScrollContainer",
    "paddinginpixel": false,
    "pagingenabled": false,
    "parent": "nutrition",
    "pf": "nutrition",
    "scrolldirection": 2,
    "spa": {
        "@class": "com.kony.gen.viz.model.container.property.scrollflexcontainer.SPAScrollFlexContainerProperty"
    },
    "spaan": {
        "@class": "com.kony.gen.viz.model.container.property.scrollflexcontainer.SPAAndroidScrollFlexContainerProperty",
        "render": true
    },
    "spabb": {
        "@class": "com.kony.gen.viz.model.container.property.scrollflexcontainer.SPABBScrollFlexContainerProperty",
        "render": false
    },
    "spaip": {
        "@class": "com.kony.gen.viz.model.container.property.scrollflexcontainer.SPAIPhoneScrollFlexContainerProperty",
        "render": true
    },
    "spawinphone8": {
        "@class": "com.kony.gen.viz.model.container.property.scrollflexcontainer.SPAWinPhone8ScrollFlexContainerProperty",
        "render": true
    },
    "verticalscrollindicator": true,
    "wType": "FlexScrollContainer",
    "widgetalignment": 1,
    "winphone8": {
        "@class": "com.kony.gen.viz.model.container.property.scrollflexcontainer.WinPhone8ScrollFlexContainerProperty",
        "psp": {
            "enableCache": false
        },
        "render": true
    },
    "zindex": 1
}