{
    "android": {
        "font_size": 130,
        "isForked": false
    },
    "background_color": "ffffff00",
    "bg_type": "one",
    "border_color": "427b06ff",
    "border_style": "plain",
    "border_type": 0,
    "border_width": 0,
    "desktopweb": {
        "font_size": 130,
        "isForked": false
    },
    "fontSizeInPx": false,
    "font_color": "5c87dbff",
    "font_name": "Helvetica",
    "font_size": 130,
    "font_style": "normal",
    "font_weight": "normal",
    "ipad": {
        "font_size": 130,
        "isForked": false
    },
    "iphone": {
        "font_size": 130,
        "isForked": false
    },
    "isDefaultSkin": false,
    "kiosk": {
        "font_size": 130,
        "isForked": false
    },
    "kuid": "s52f4035bcaf4016a4afc4a8ce4de0ac",
    "spaan": {
        "font_size": 130,
        "isForked": false
    },
    "spaandroidtablet": {
        "font_size": 130,
        "isForked": false
    },
    "spabb": {
        "font_size": 130,
        "isForked": false
    },
    "spaip": {
        "font_size": 130,
        "isForked": false
    },
    "spaipad": {
        "font_size": 130,
        "isForked": false
    },
    "spawindowstablet": {
        "font_size": 130,
        "isForked": false
    },
    "spawinphone8": {
        "font_size": 130,
        "isForked": false
    },
    "tabrcandroid": {
        "font_size": 130,
        "isForked": false
    },
    "wType": "Label",
    "watchos": {
        "font_size": 130,
        "isForked": false
    },
    "windows8": {
        "font_size": 130,
        "isForked": false
    },
    "winphone8": {
        "font_size": 130,
        "isForked": false
    }
}