{
    "AS_Button_g85c071b60fc4a538ea4856aadc689e0": {
        "id": "AS_Button_g85c071b60fc4a538ea4856aadc689e0",
        "type": "ACTION_SEQUENCE",
        "params": [{
            "datatype": "collection",
            "name": "eventobject"
        }],
        "contextObj": {
            "name": "frmHome",
            "type": "forms",
            "platform": "",
            "KUID": "cb6af63eab98421c9ad824acaae8eb4a"
        },
        "language": "js",
        "actions": [{
            "id": "INVOKE_FUNCTION___e77840db97cd4676b6a36d8b4dc3474b",
            "type": "INVOKE_FUNCTION",
            "display": "<>",
            "inputparams": [],
            "parentId": null,
            "callbackType": null,
            "disabled": null,
            "source": "module"
        }]
    }
}