{
    "AS_Button_c2270ffaa98d44bc9ebac94dc3ba7e51": {
        "id": "AS_Button_c2270ffaa98d44bc9ebac94dc3ba7e51",
        "type": "ACTION_SEQUENCE",
        "params": [{
            "datatype": "collection",
            "name": "eventobject"
        }],
        "contextObj": {
            "name": "frmHome",
            "type": "forms",
            "platform": "",
            "KUID": "cb6af63eab98421c9ad824acaae8eb4a"
        },
        "language": "js",
        "actions": [{
            "id": "NAVIGATE_TO_FORM___a407f436ad8f44169bb92e2fb4277a7c",
            "type": "NAVIGATE_TO_FORM",
            "formId": "Form2",
            "formKUID": "f666d9ab5eb54642aa0b26abec8b3276",
            "mappings": {},
            "mappingsOrder": [],
            "parentId": "",
            "callbackType": null,
            "enableMappingEditor": true,
            "package": "",
            "navigationObj": "{\n    \"_meta_\": {\n        \"eventName\": \"onClick\",\n        \"widgetId\": \"CopybtnRemoveDrag0c5f591df4d0d45\"\n    }\n}",
            "isCustomInput": false
        }]
    }
}