{
    "AS_Button_b33c5c9b1b024100875de3d7fdff61cd": {
        "id": "AS_Button_b33c5c9b1b024100875de3d7fdff61cd",
        "type": "ACTION_SEQUENCE",
        "params": [{
            "datatype": "collection",
            "name": "eventobject"
        }],
        "contextObj": {
            "name": "frmHome",
            "type": "forms",
            "platform": "",
            "KUID": "cb6af63eab98421c9ad824acaae8eb4a"
        },
        "language": "js",
        "actions": [{
            "id": "INVOKE_FUNCTION___c500a8061b2f4ecd9f7ccbfaa330bfc8",
            "type": "INVOKE_FUNCTION",
            "sequenceKUID": "removeDragInteraction1",
            "display": "removeDragInteraction1",
            "inputparams": [],
            "parentId": null,
            "callbackType": null,
            "disabled": null,
            "source": "controller"
        }]
    }
}