{
    "AS_Button_e99aac1ddd794ba5a027b6e0af217cee": {
        "id": "AS_Button_e99aac1ddd794ba5a027b6e0af217cee",
        "type": "ACTION_SEQUENCE",
        "params": [{
            "datatype": "collection",
            "name": "eventobject"
        }],
        "contextObj": {
            "name": "frmHome",
            "type": "forms",
            "platform": "",
            "KUID": "cb6af63eab98421c9ad824acaae8eb4a"
        },
        "language": "js",
        "actions": [{
            "id": "INVOKE_FUNCTION___fc497b91bac047919acadc2eb25abd63",
            "type": "INVOKE_FUNCTION",
            "display": "enableDragInteraction1",
            "inputparams": [],
            "parentId": null,
            "callbackType": null,
            "disabled": null,
            "source": "controller"
        }]
    }
}