{
    "AS_Button_e63e67282c5d43c39727b89fc84f5763": {
        "id": "AS_Button_e63e67282c5d43c39727b89fc84f5763",
        "type": "ACTION_SEQUENCE",
        "params": [{
            "datatype": "collection",
            "name": "eventobject"
        }],
        "contextObj": {
            "name": "frmHome",
            "type": "forms",
            "platform": "",
            "KUID": "cb6af63eab98421c9ad824acaae8eb4a"
        },
        "language": "js",
        "actions": [{
            "id": "INVOKE_FUNCTION___i7e8bac9f33d410d880af27cb5a47874",
            "type": "INVOKE_FUNCTION",
            "sequenceKUID": "diableDragInteraction1",
            "display": "diableDragInteraction1",
            "inputparams": [],
            "parentId": null,
            "callbackType": null,
            "disabled": null,
            "source": "module"
        }]
    }
}