{
    "AS_Button_a4080bb504ab49bdbbcd376160b45b19": {
        "id": "AS_Button_a4080bb504ab49bdbbcd376160b45b19",
        "type": "ACTION_SEQUENCE",
        "params": [{
            "datatype": "collection",
            "name": "eventobject"
        }],
        "contextObj": {
            "name": "frmHome",
            "type": "forms",
            "platform": "",
            "KUID": "cb6af63eab98421c9ad824acaae8eb4a"
        },
        "language": "js",
        "actions": [{
            "id": "INVOKE_FUNCTION___ac7b430aa44045de88c3805480da4959",
            "type": "INVOKE_FUNCTION",
            "sequenceKUID": "removeDropInteraction1",
            "display": "removeDropInteraction1",
            "inputparams": [],
            "parentId": null,
            "callbackType": null,
            "disabled": null,
            "source": "controller"
        }]
    }
}