{
    "AS_Form_d0ad3bad10cf4a80b679f4e4f28483c2": {
        "id": "AS_Form_d0ad3bad10cf4a80b679f4e4f28483c2",
        "type": "ACTION_SEQUENCE",
        "params": [{
            "datatype": "collection",
            "name": "eventobject"
        }],
        "contextObj": {
            "name": "frmHome",
            "type": "forms",
            "platform": "",
            "KUID": "cb6af63eab98421c9ad824acaae8eb4a"
        },
        "language": "js",
        "actions": [{
            "id": "ADD_SNIPPET__h263b6e9c4e14721bc7108f98bded6e4",
            "type": "ADD_SNIPPET",
            "codeSnippet": "try{\n  this. formpreshow();\n}\ncatch(e){\nalert(JSON.stringify(e));\n}",
            "parentId": null,
            "callbackType": null
        }]
    }
}