{
    "AS_Form_e611bf9079aa4f12a9b03cdd8b2c3995": {
        "id": "AS_Form_e611bf9079aa4f12a9b03cdd8b2c3995",
        "type": "ACTION_SEQUENCE",
        "params": [{
            "datatype": "collection",
            "name": "eventobject"
        }],
        "contextObj": {
            "name": "Form2",
            "type": "forms",
            "platform": null,
            "KUID": "f666d9ab5eb54642aa0b26abec8b3276"
        },
        "language": "js",
        "actions": [{
            "id": "ADD_SNIPPET__ja0b44a1033744ea91e0ace9790a7150",
            "type": "ADD_SNIPPET",
            "codeSnippet": "kony.application.destroyForm(\"frmHome\");\n",
            "parentId": null,
            "callbackType": null
        }, {
            "id": "NAVIGATE_TO_FORM___j6eb119c097a4305be17df0d386a424a",
            "type": "NAVIGATE_TO_FORM",
            "formId": "frmHome",
            "formKUID": "cb6af63eab98421c9ad824acaae8eb4a",
            "mappings": {},
            "mappingsOrder": [],
            "parentId": "",
            "callbackType": null,
            "enableMappingEditor": true,
            "package": "",
            "navigationObj": "{\n    \"_meta_\": {\n        \"eventName\": \"postShow\",\n        \"widgetId\": \"Form2\"\n    }\n}",
            "isCustomInput": false
        }]
    }
}