{
    "AS_Image_fe9cf1088ae344b7af5ccb86af50cd75": {
        "id": "AS_Image_fe9cf1088ae344b7af5ccb86af50cd75",
        "type": "ACTION_SEQUENCE",
        "params": [{
            "datatype": "collection",
            "name": "eventobject"
        }, {
            "datatype": "string",
            "name": "imagesrc"
        }, {
            "datatype": "boolean",
            "name": "issuccess"
        }],
        "contextObj": {
            "name": "frmHome",
            "type": "forms",
            "platform": "",
            "KUID": "cb6af63eab98421c9ad824acaae8eb4a"
        },
        "language": "js",
        "actions": []
    }
}