{
    "@class": "com.kony.gen.viz.model.component.KVizButton",
    "DNDConfig": null,
    "__parentReadjusting__": false,
    "_height_": {
        "type": "string",
        "value": "50dp"
    },
    "_left_": {
        "type": "string",
        "value": "33dp"
    },
    "_margin_": [
        6,
        6,
        6,
        6
    ],
    "_padding_": [
        0,
        0,
        0,
        0
    ],
    "_skin_": "saa8b76597cf4bb78ce40d1229599d51",
    "_text_": "Convert to Base 64",
    "_top_": {
        "type": "string",
        "value": "307dp"
    },
    "_width_": {
        "type": "string",
        "value": "300dp"
    },
    "canUpdateUI": true,
    "centerx": {
        "type": "string",
        "value": "49.97%"
    },
    "containerweight": 100,
    "contentalignment": 5,
    "displaytext": true,
    "focusskin": "sc8de6f79dcf4f66964e3cf4e18c03b2",
    "id": "btnBase64",
    "info": null,
    "iscustomlayout": false,
    "isvisible": true,
    "kuid": "e6423d5c27e14258858b74fe99424421",
    "name": "kony.ui.Button",
    "onclick": "AS_Button_c148c141e85b484cbb8333b70e7afe51",
    "parent": "flxBody",
    "pf": "Form1",
    "retaincontentalignment": false,
    "retainflexpositionproperties": false,
    "wType": "Button",
    "zindex": 1
}