{
    "@class": "com.kony.gen.viz.model.component.KVizButton",
    "DNDConfig": null,
    "__parentReadjusting__": false,
    "_height_": {
        "type": "string",
        "value": "50dp"
    },
    "_left_": {
        "type": "string",
        "value": "33dp"
    },
    "_margin_": [
        6,
        6,
        6,
        6
    ],
    "_padding_": [
        0,
        0,
        0,
        0
    ],
    "_skin_": "sbc5734816364eb781fe23aa4b6dbcc4",
    "_text_": "Get Error while retrieving the device info",
    "_top_": {
        "type": "string",
        "value": "433dp"
    },
    "_width_": {
        "type": "string",
        "value": "300dp"
    },
    "canUpdateUI": true,
    "centerx": {
        "type": "string",
        "value": "49.88%"
    },
    "containerweight": 100,
    "contentalignment": 5,
    "displaytext": true,
    "focusskin": "sc8de6f79dcf4f66964e3cf4e18c03b2",
    "id": "btnError",
    "info": null,
    "iscustomlayout": false,
    "isvisible": true,
    "kuid": "d9bba7a307bb45148f9f216540cdfb39",
    "name": "kony.ui.Button",
    "onclick": "AS_Button_j5825ce6856c42f080e01757f369ea3b",
    "parent": "flxBody",
    "pf": "Form1",
    "retaincontentalignment": false,
    "retainflexpositionproperties": false,
    "wType": "Button",
    "zindex": 1
}