{
    "@class": "com.kony.gen.viz.model.component.KVizButton",
    "DNDConfig": null,
    "__parentReadjusting__": false,
    "_height_": {
        "type": "string",
        "value": "50dp"
    },
    "_left_": {
        "type": "string",
        "value": "33dp"
    },
    "_margin_": [
        6,
        6,
        6,
        6
    ],
    "_padding_": [
        0,
        0,
        0,
        0
    ],
    "_render_": true,
    "_skin_": "s8f38d1e932b4a3fb0d61b3b6fcd0b8e",
    "_text_": "Print Message",
    "_top_": {
        "type": "string",
        "value": "503dp"
    },
    "_width_": {
        "type": "string",
        "value": "300dp"
    },
    "android": {
        "render": false
    },
    "canUpdateUI": true,
    "centerx": {
        "type": "string",
        "value": "50.00%"
    },
    "containerweight": 100,
    "contentalignment": 5,
    "displaytext": true,
    "focusskin": "sc8de6f79dcf4f66964e3cf4e18c03b2",
    "id": "btnPrint",
    "info": null,
    "iphone": {
        "render": false
    },
    "iscustomlayout": false,
    "isvisible": true,
    "kuid": "beba17fa552b4bb28405f790d1e9b86a",
    "name": "kony.ui.Button",
    "onclick": "AS_Button_f0264c2f820d4cd9a15b35202fa972d9",
    "parent": "flxBody",
    "pf": "Form1",
    "retaincontentalignment": false,
    "retainflexpositionproperties": false,
    "spaan": {
        "render": false
    },
    "spabb": {
        "render": false
    },
    "spaip": {
        "render": false
    },
    "spawinphone8": {
        "render": false
    },
    "wType": "Button",
    "winphone8": {
        "render": false
    },
    "zindex": 1
}