{
    "@class": "com.kony.gen.viz.model.component.KVizButton",
    "DNDConfig": null,
    "__parentReadjusting__": false,
    "_height_": {
        "type": "string",
        "value": "50dp"
    },
    "_left_": {
        "type": "string",
        "value": "33dp"
    },
    "_margin_": [
        6,
        6,
        6,
        6
    ],
    "_padding_": [
        0,
        0,
        0,
        0
    ],
    "_skin_": "s9f0580cc6994a4e80e2f1d379a2ac45",
    "_text_": "Convert the image back to RawBytes",
    "_top_": {
        "type": "string",
        "value": "370dp"
    },
    "_width_": {
        "type": "string",
        "value": "300dp"
    },
    "canUpdateUI": true,
    "centerx": {
        "type": "string",
        "value": "50.00%"
    },
    "containerweight": 100,
    "contentalignment": 5,
    "displaytext": true,
    "focusskin": "sc8de6f79dcf4f66964e3cf4e18c03b2",
    "id": "btnRawBytes",
    "info": null,
    "iscustomlayout": false,
    "isvisible": true,
    "kuid": "ad181c3990b44647adcfd769bbb13668",
    "name": "kony.ui.Button",
    "onclick": "AS_Button_g94550903bd84d0bb9c9f160ffb53654",
    "parent": "flxBody",
    "pf": "Form1",
    "retaincontentalignment": false,
    "retainflexpositionproperties": false,
    "wType": "Button",
    "zindex": 1
}