{
    "@class": "com.kony.gen.viz.model.component.KVizButton",
    "DNDConfig": null,
    "__parentReadjusting__": false,
    "_height_": {
        "type": "string",
        "value": "50dp"
    },
    "_left_": {
        "type": "string",
        "value": "37dp"
    },
    "_margin_": [
        6,
        6,
        6,
        6
    ],
    "_padding_": [
        0,
        0,
        0,
        0
    ],
    "_skin_": "s13527ea07114ba980cb5dc1e6f167d6",
    "_text_": "Type of value",
    "_top_": {
        "type": "string",
        "value": "63dp"
    },
    "_width_": {
        "type": "string",
        "value": "300dp"
    },
    "canUpdateUI": true,
    "centerx": {
        "type": "string",
        "value": "50%"
    },
    "containerweight": 100,
    "contentalignment": 5,
    "displaytext": true,
    "focusskin": "sc8de6f79dcf4f66964e3cf4e18c03b2",
    "id": "btnType",
    "info": null,
    "iscustomlayout": false,
    "isvisible": true,
    "kuid": "c4a9e1622335411c800892f2728a9638",
    "name": "kony.ui.Button",
    "onclick": "AS_Button_jda49e9a54b74da3a28544d662a120cc",
    "parent": "FlexGroup0e416bce9bec647",
    "pf": "Form1",
    "retaincontentalignment": false,
    "retainflexpositionproperties": false,
    "wType": "Button",
    "zindex": 1
}