{
    "@class": "com.kony.gen.viz.model.component.KVizCamera",
    "DNDConfig": null,
    "__parentReadjusting__": false,
    "_height_": {
        "type": "string",
        "value": "50dp"
    },
    "_left_": {
        "type": "string",
        "value": "37dp"
    },
    "_margin_": [
        0,
        0,
        0,
        0
    ],
    "_padding_": [
        0,
        0,
        0,
        0
    ],
    "_skin_": "sebddce012414384b4d3d7fa57926269",
    "_text_": "Camera",
    "_top_": {
        "type": "string",
        "value": "30dp"
    },
    "_width_": {
        "type": "string",
        "value": "300dp"
    },
    "androidwearos": {
        "render": false
    },
    "canUpdateUI": true,
    "centerx": {
        "type": "string",
        "value": "50.05%"
    },
    "containerweight": 100,
    "contentalignment": 5,
    "desktopweb": {
        "render": false
    },
    "id": "Camera1",
    "info": null,
    "iscustomlayout": false,
    "isvisible": true,
    "kuid": "e3c848db84014fcbb82bb7e30dbea7a3",
    "name": "kony.ui.Camera",
    "oncapture": "AS_Camera_a0403e7016354f729118c79958884b94",
    "parent": "flxBody",
    "pf": "Form1",
    "retaincontentalignment": false,
    "retainflexpositionproperties": false,
    "spaan": {
        "render": false
    },
    "spaandroidtablet": {
        "render": false
    },
    "spabb": {
        "render": false
    },
    "spaip": {
        "render": false
    },
    "spaipad": {
        "render": false
    },
    "spawindowstablet": {
        "render": false
    },
    "spawinphone8": {
        "render": false
    },
    "wType": "Camera",
    "watchos": {
        "render": false
    },
    "zindex": 1
}