{
    "DNDConfig": null,
    "_height_": {
        "type": "string",
        "value": "50dp"
    },
    "_margin_": [
        0,
        0,
        0,
        0
    ],
    "_orientation_": 6,
    "_padding_": [
        0,
        0,
        0,
        0
    ],
    "_percent_": true,
    "_skin_": "s828ec76bc1549a581e090809ac1e487",
    "allboxes": [],
    "autogrowmode": 0,
    "canUpdateUI": true,
    "children": [
        "lblTitle"
    ],
    "clipbounds": true,
    "containerId": true,
    "containerweight": 100,
    "controllerInfo": {
        "default": {
            "channel": "mobile",
            "name": "flxSegTempRootController"
        }
    },
    "enablescrolling": true,
    "id": "flxSegTempRoot",
    "info": null,
    "isTemplate": true,
    "isvisible": true,
    "kuid": "e35acf2760ad4fabbde5733819eaac5d",
    "layouttype": 2,
    "name": "kony.ui.FlexContainer",
    "parent": "tempSegTitle",
    "pf": "tempSegTitle",
    "snapgridsize": 10,
    "snaptogrid": true,
    "wType": "FlexContainer",
    "widgetalignment": 1
}