{
    "@class": "com.kony.gen.viz.model.container.KVizScrollFlexForm",
    "DNDConfig": null,
    "_margin_": [
        0,
        0,
        0,
        0
    ],
    "_orientation_": 1,
    "_padding_": [
        0,
        0,
        0,
        0
    ],
    "_percent_": true,
    "_skin_": "s4324d54d63d40bfb9bc16f5330628de",
    "_title_": null,
    "addWidgetsdone": false,
    "allboxes": [],
    "canUpdateUI": true,
    "children": [
        "flxSegTempRoot"
    ],
    "containerId": true,
    "containerweight": 100,
    "currentLocale": "default",
    "device": "GalaxyS5",
    "displayorientation": 3,
    "enabledforidletimeout": false,
    "id": "tempSegTitle",
    "info": null,
    "initdone": false,
    "inputaccessoryviewtype": 4,
    "intransitionconfig": {
        "formTransition": "None"
    },
    "isvisible": true,
    "kuid": "dd89a9d435a0416ba4e1f4331a7e41ee",
    "name": "kony.ui.Form2",
    "needappmenu": true,
    "outtransitionconfig": {
        "formTransition": "None"
    },
    "paddinginpixel": false,
    "platform": "android",
    "prevDevice": "iPhone6",
    "prevPlatform": "iphone",
    "retainscrollposition": false,
    "shellCSS": "and_GalaxyS5",
    "titleBarSkin": "saac5bf6271e4fa8a31be31318362331",
    "titlebar": true,
    "type": 3,
    "wType": "Form"
}