{
    "@class": "com.kony.gen.viz.model.component.KVizButton",
    "DNDConfig": null,
    "__parentReadjusting__": false,
    "_height_": {
        "type": "string",
        "value": "50dp"
    },
    "_left_": {
        "type": "string",
        "value": "9.34%"
    },
    "_margin_": [
        6,
        6,
        6,
        6
    ],
    "_padding_": [
        0,
        0,
        0,
        0
    ],
    "_skin_": "s550af05964542c19f7ceab8d47b7342",
    "_text_": "Contains Characters",
    "_top_": {
        "type": "string",
        "value": "176dp"
    },
    "_width_": {
        "type": "string",
        "value": "300dp"
    },
    "canUpdateUI": true,
    "centerx": {
        "type": "string",
        "value": "50.00%"
    },
    "containerweight": 100,
    "contentalignment": 5,
    "displaytext": true,
    "focusskin": "sc309733adb74f52942dd18a09c87981",
    "id": "btnContainsChars",
    "info": null,
    "iscustomlayout": false,
    "isvisible": true,
    "kuid": "bb9e8b8d650b4399908d762368978b14",
    "name": "kony.ui.Button",
    "onclick": "AS_Button_j0611139c11d4e02a857bed31f77aa00",
    "parent": "flxBody",
    "pf": "Form1",
    "retaincontentalignment": false,
    "retainflexpositionproperties": false,
    "wType": "Button",
    "zindex": 1
}