{
    "@class": "com.kony.gen.viz.model.component.KVizButton",
    "DNDConfig": null,
    "__parentReadjusting__": false,
    "_height_": {
        "type": "string",
        "value": "50dp"
    },
    "_left_": {
        "type": "string",
        "value": "128dp"
    },
    "_margin_": [
        6,
        6,
        6,
        6
    ],
    "_padding_": [
        0,
        0,
        0,
        0
    ],
    "_skin_": "s550af05964542c19f7ceab8d47b7342",
    "_text_": "Next",
    "_top_": {
        "type": "string",
        "value": "550dp"
    },
    "_width_": {
        "type": "string",
        "value": "117dp"
    },
    "canUpdateUI": true,
    "centerx": {
        "type": "string",
        "value": "50%"
    },
    "containerweight": 100,
    "contentalignment": 5,
    "displaytext": true,
    "focusskin": "sc309733adb74f52942dd18a09c87981",
    "id": "btnNext",
    "info": null,
    "iscustomlayout": false,
    "isvisible": true,
    "kuid": "j646c377e5904f98b957b1584e6c178c",
    "name": "kony.ui.Button",
    "onclick": "AS_Button_e2e9b42954fa44f295482274b9aafb27",
    "parent": "flxBody",
    "pf": "Form1",
    "retaincontentalignment": false,
    "retainflexpositionproperties": false,
    "wType": "Button",
    "zindex": 1
}