{
    "@class": "com.kony.gen.viz.model.component.KVizButton",
    "DNDConfig": null,
    "__parentReadjusting__": false,
    "_height_": {
        "type": "string",
        "value": "50dp"
    },
    "_left_": {
        "type": "string",
        "value": "35dp"
    },
    "_margin_": [
        6,
        6,
        6,
        6
    ],
    "_padding_": [
        0,
        0,
        0,
        0
    ],
    "_skin_": "s550af05964542c19f7ceab8d47b7342",
    "_text_": "Check if the input string starts with the compare string",
    "_top_": {
        "type": "string",
        "value": "433dp"
    },
    "_width_": {
        "type": "string",
        "value": "300dp"
    },
    "canUpdateUI": true,
    "centerx": {
        "type": "string",
        "value": "50%"
    },
    "containerweight": 100,
    "contentalignment": 5,
    "displaytext": true,
    "focusskin": "sc309733adb74f52942dd18a09c87981",
    "id": "btnStartsWith",
    "info": null,
    "iscustomlayout": false,
    "isvisible": true,
    "kuid": "if2f4165e215434582c1e021380170bf",
    "name": "kony.ui.Button",
    "onclick": "AS_Button_j6961c194d694b46b98c7ac6c2ae6b9d",
    "parent": "flxBody",
    "pf": "Form1",
    "retaincontentalignment": false,
    "retainflexpositionproperties": false,
    "wType": "Button",
    "zindex": 1
}