<?xml version="1.0" encoding="UTF-8" standalone="yes"?>
<application id="HealthKitQA" name="HealthKitQA">
    <container isflex="false" displayname="Form" id="body" type="form">
        <component displayname="TextBox2" id="ht" type="textbox2"/>
        <component displayname="TextBox2" id="wt" type="textbox2"/>
        <component displayname="TextBox2" id="bmi" type="textbox2"/>
        <component displayname="TextBox2" id="bfp" type="textbox2"/>
        <component displayname="TextBox2" id="lmb" type="textbox2"/>
    </container>
    <container isflex="false" displayname="Form" id="fitness" type="form">
        <component displayname="TextBox2" id="steps" type="textbox2"/>
        <component displayname="TextBox2" id="walk" type="textbox2"/>
        <component displayname="TextBox2" id="cycling" type="textbox2"/>
        <component displayname="TextBox2" id="basal" type="textbox2"/>
        <component displayname="TextBox2" id="active" type="textbox2"/>
        <component displayname="TextBox2" id="flights" type="textbox2"/>
    </container>
    <container isflex="false" displayname="Form" id="frmHome" type="form"/>
    <container isflex="false" displayname="Form" id="nutrition" type="form"/>
    <container isflex="false" displayname="Form" id="results" type="form"/>
    <container isflex="false" displayname="Form" id="vitalsigns" type="form"/>
    <container isflex="false" displayname="Form" id="characteristics" type="form"/>
    <globalsequences/>
    <skins/>
</application>
