<projectskin>
    <skin name="android_slider_left_skin" value="sliderLeft"/>
    <skin name="column_skin" value="No Skin"/>
    <skin name="textfield_skin_focus" value="tbxFocus"/>
    <skin name="textarea2_skin" value="txt2Normal"/>
    <skin name="imagegallery2_skin" value="gal2Normal"/>
    <skin name="scrollflex_FocusSkin" value="sknFlexScrNormal"/>
    <skin name="richtext_skin" value="sknRichKonyThemeNormal"/>
    <skin name="himgstrip2_skin" value="hStrip2Normal"/>
    <skin name="datagrid_alternate_skin" value="dgRow"/>
    <skin name="textfield_skin" value="tbxNormal"/>
    <skin name="row_skin_focus" value="sknHboxKonyThemeTransparant"/>
    <skin name="datagrid_header_skin" value="dgHead"/>
    <skin name="segment2_widget_skin" value="sknSegKonyThemeRowNormal"/>
    <skin name="label_skin" value="sknLblKonyThemeNormal"/>
    <skin name="segment_sec_skin_focus" value="segHeader"/>
    <skin name="camera_skin" value="sknCamKonyThemeNormal"/>
    <skin name="calendar_skin" value="sknCalKonyThemeNormal"/>
    <skin name="bb_slider_left_skin_key" value="sliderLeft"/>
    <skin name="form_skin" value="sknFrmKonyThemeNormal"/>
    <skin name="checkboxgroup_skin" value="sknCbxKonyThemeNormal"/>
    <skin name="line_skin" value="lineNormal"/>
    <skin name="scrollflex_Skin" value="sknFlexScrNormal"/>
    <skin name="himgstrip_skin_focus" value="hStripFocus"/>
    <skin name="himgstrip2_skin_focus" value="hStrip2Focus"/>
    <skin name="row_skin" value="sknHboxKonyThemeTransparant"/>
    <skin name="phone_skin_focus" value="phoneFocus"/>
    <skin name="imagegallery2_skin_focus" value="gal2Focus"/>
    <skin name="listbox_skin_focus" value="sknListboxKonyThemeFocus"/>
    <skin name="himgstrip_skin" value="hStripNormal"/>
    <skin name="bb_form_title_skin" value="titleBar"/>
    <skin name="android_form_title_skin" value="titleBar"/>
    <skin name="phone_skin" value="phoneNormal"/>
    <skin name="datagrid_row_skin_focus" value="dgFocus"/>
    <skin name="textarea2_skin_focus" value="txt2Focus"/>
    <skin name="calendar_skin_focus" value="sknCalKonyThemeFocus"/>
    <skin name="imagegallery_skin_focus" value="galFocus"/>
    <skin name="textarea_skin_focus" value="txtFocus"/>
    <skin name="listbox_skin" value="sknListboxKonyThemeNormal"/>
    <skin name="tabpane_inactive_skin" value="tabInactive"/>
    <skin name="segment_skin_focus" value="segFocus"/>
    <skin name="datagrid_row_skin" value="dgRow"/>
    <skin name="segment2_row_skin" value="sknSegKonyThemeRowNormal"/>
    <skin name="combobox_skin_focus" value="sknCboxKonyThemeFocus"/>
    <skin name="combobox_skin" value="sknCboxKonyThemeFocus"/>
    <skin name="flex_Skin" value="sknFlexKonyThemeNormal"/>
    <skin name="link_skin_focus" value="sknLnkKonyThemeFocus"/>
    <skin name="segment2_row_focus_skin" value="sknSegKonyThemeRowFocus"/>
    <skin name="flex_FocusSkin" value="sknFlexKonyThemeNormal"/>
    <skin name="segment2_secheader_skin" value="seg2Header"/>
    <skin name="android_slider_right_skin" value="sliderRight"/>
    <skin name="segment_skin" value="segNormal"/>
    <skin name="tabpane_active_focus_skin" value="tabFocus"/>
    <skin name="bb_slider_right_skin_key" value="sliderRight"/>
    <skin name="button_skin" value="sknBtnKonyThemeNormal"/>
    <skin name="textbox2_skin_focus" value="sknTbxKonyThemeFocus"/>
    <skin name="link_skin" value="sknLnkKonyThemeNormal"/>
    <skin name="textarea_skin" value="txtNormal"/>
    <skin name="button_skin_focus" value="sknBtnKonyThemeFocus"/>
    <skin name="radiobuttongroup_skin_focus" value="sknRadioKonyThemeFocus"/>
    <skin name="tabpane_active_skin" value="tabActive"/>
    <skin name="camera_skin_focus" value="sknCamKonyThemeFocus"/>
    <skin name="winmob_slider_right_skin" value="sliderRight"/>
    <skin name="winmob_slider_left_skin" value="sliderLeft"/>
    <skin name="checkboxgroup_skin_focus" value="sknCbxKonyThemeFocus"/>
    <skin name="imagegallery_skin" value="galNormal"/>
    <skin name="radiobuttongroup_skin" value="sknRadioKonyThemeNormal"/>
    <skin name="textbox2_skin" value="sknTbxKonyThemeNormal"/>
</projectskin>