{
    "applogokey": "icon.png",
    "wap_android_fontsize": "10",
    "watchos_longlooknotificationicon_42": "",
    "wap_android240_fontsize": "10",
    "supportedorientations": [
        "portrait"
    ],
    "mwaddrkey": "10.10.27.32",
    "watchos_notificationcentericon_38": "",
    "iphoneipadglossyeffectkey": "false",
    "createdgaversion": "6.0.0",
    "wap_android640_fontsize": "19",
    "winmobileguidkey": "",
    "ide_appEvents": {},
    "desktopwebbasefontsize": "16",
    "watchos_shortlooknotificationicon_42": "",
    "wap_spaandroidtab_fontsize": "17",
    "apppackagekey": "com.orgname.HealthKitQA",
    "startupformkey": "frmHome",
    "wap_bb440_fontsize": "12",
    "wap_spaandroidtabldpi_fontsize": "17",
    "isA11yConfigEnabled": false,
    "wap_android480_fontsize": "16",
    "winmangotiletitlekey": "HealthKitQA",
    "extendTop": "false",
    "desktopwebwidthval": "100",
    "desktopwebwidthoption": "Percentage",
    "wap_spawindowstab_fontsize": "12",
    "wap_winphone320_fontsize": "12",
    "defaulttheme": "KonyTheme",
    "iphonebundleidentifierkey": "com.kony.applepay",
    "islocalserverurl": "true",
    "ipadlandscapemodekey": "portrait",
    "watchos_longlooknotificationicon_38": "",
    "spaandroidtabbasefontsize": "17",
    "watchos_notificationcentericon_42": "",
    "cloud_url": "http://10.10.12.90:8080",
    "enableactionbar": false,
    "appmenu": {
        "tablet": {
            "data": []
        },
        "wType": "Appmenu",
        "desktop": {
            "data": []
        },
        "mobile": {
            "data": []
        }
    },
    "wap_android360_fontsize": "13",
    "desktopwebaligenmentoption": "left",
    "pasteboardType": "2",
    "spaipadbasefontsize": "17",
    "appversionkey": "1.0.0",
    "mwportkey": "80",
    "wap_bb400_fontsize": "12",
    "isNewAppWithRespectToAndroidPackageName": "true",
    "extendBottom": "false",
    "wap_spaandroidtabxhdpi_fontsize": "18",
    "build": "debug",
    "wap_android320_fontsize": "12",
    "statusBarHidden": "false",
    "wap_winphone480_fontsize": "12",
    "wap_bb240_fontsize": "12",
    "wap_bb480_fontsize": "12",
    "wap_bb320_fontsize": "12",
    "wap_spaandroidtabmdpi_fontsize": "14",
    "statusBarStyle": "STATUS_BAR_STYLE_DEFAULT",
    "project_version": "sprint22",
    "wap_android400_fontsize": "14",
    "wap_ip_fontsize": "12",
    "@class": "com.kony.gen.appprops.KVizAppProps",
    "watchos_shortlooknotificationicon_38": "",
    "currentgaversion": "7.0.0",
    "appidkey": "HealthKitQA",
    "mwhttpsportkey": "443",
    "vendornamekey": "KonyLabs",
    "konyVizVersion": "7.0.0",
    "iphonebundleversionkey": "1.0",
    "appnamekey": "HealthKitQA",
    "wap_spaipad_fontsize": "17",
    "wap_android440_fontsize": "15",
    "wap_spaandroidtabhdpi_fontsize": "16",
    "nativeContainerProperties": {
        "isModified": false,
        "isEnableJSContainer": false,
        "isEnableJSContainerAndroid": false,
        "isEnableJSContaineriOS": false
    },
    "wap_bb360_fontsize": "12"
}