{
    "AS_Button_id23fa73fc964be1ac512efcd2f73cee": {
        "id": "AS_Button_id23fa73fc964be1ac512efcd2f73cee",
        "type": "ACTION_SEQUENCE",
        "params": [{
            "datatype": "collection",
            "name": "eventobject"
        }],
        "contextObj": {
            "type": "userwidgets",
            "KUID": "ua4d69ec3aef4fb68f1359f89cae3de3",
            "name": "userwidgetmodel"
        },
        "language": "js",
        "actions": [{
            "id": "ADD_SNIPPET_ebeaa376cd9946069841a7274a1439ef",
            "type": "ADD_SNIPPET",
            "codeSnippet": "this.closePopUp();",
            "parentId": null
        }]
    }
}