{
  "android": {
    "background_color": "ffffff00",
    "bg_type": "one",
    "border_color": "ffffffff",
    "border_style": "plain",
    "border_type": 0,
    "border_width": 0,
    "font_name": "VisualizerFontIcon",
    "isForked": true,
    "text_shadow": {
      "br": 0,
      "color": "000000ff",
      "x": 0,
      "y": -1
    }
  },
  "background_color": "56a9dd00",
  "bg_type": "one",
  "border_color": "ffffffff",
  "border_style": "plain",
  "border_type": 0,
  "border_width": 0,
  "desktopweb": {
    "background_color": "ffffff00",
    "bg_type": "one",
    "bottom_left_border_color": "ffffffff",
    "bottom_left_border_style": "plain",
    "bottom_left_border_width": 0,
    "bottom_right_border_color": "ffffffff",
    "bottom_right_border_style": "plain",
    "bottom_right_border_width": 0,
    "isForked": true,
    "shadow": {
      "br": 2,
      "color": "000000ff",
      "inner": false,
      "nm": 0,
      "x": 0,
      "y": 2
    },
    "text_shadow": {
      "br": 0,
      "color": "000000ff",
      "x": 0,
      "y": -1
    },
    "top_left_border_color": "ffffffff",
    "top_left_border_style": "plain",
    "top_left_border_width": 0,
    "top_right_border_color": "ffffffff",
    "top_right_border_style": "plain",
    "top_right_border_width": 0
  },
  "fontSizeInPx": false,
  "font_color": "454648ff",
  "font_name": "Helvetica",
  "font_size": 223,
  "font_style": "normal",
  "font_weight": "normal",
  "ipad": {
    "background_color": "ffffff00",
    "bg_type": "one",
    "border_color": "ffffffff",
    "border_style": "plain",
    "border_type": 0,
    "border_width": 0,
    "font_name": "VisualizerFontIcon",
    "isForked": true,
    "text_shadow": {
      "br": 0,
      "color": "000000ff",
      "x": 0,
      "y": -1
    }
  },
  "iphone": {
    "font_name": "VisualizerFontIcon",
    "font_size": 223,
    "isForked": true
  },
  "isDefaultSkin": false,
  "kiosk": {
    "background_color": "ffffff00",
    "bg_type": "one",
    "border_color": "ffffffff",
    "border_style": "plain",
    "border_type": 0,
    "border_width": 0,
    "isForked": true
  },
  "kuid": "sf084b7058d34e93b85b83ebe7d21c5f",
  "spaan": {
    "background_color": "ffffff00",
    "bg_type": "one",
    "bottom_left_border_color": "ffffffff",
    "bottom_left_border_style": "plain",
    "bottom_left_border_width": 0,
    "bottom_right_border_color": "ffffffff",
    "bottom_right_border_style": "plain",
    "bottom_right_border_width": 0,
    "font_name": "VisualizerFontIcon",
    "isForked": true,
    "shadow": {
      "br": 2,
      "color": "000000ff",
      "inner": false,
      "nm": 0,
      "x": 0,
      "y": 2
    },
    "text_shadow": {
      "br": 0,
      "color": "000000ff",
      "x": 0,
      "y": -1
    },
    "top_left_border_color": "ffffffff",
    "top_left_border_style": "plain",
    "top_left_border_width": 0,
    "top_right_border_color": "ffffffff",
    "top_right_border_style": "plain",
    "top_right_border_width": 0
  },
  "spaandroidtablet": {
    "background_color": "ffffff00",
    "bg_type": "one",
    "bottom_left_border_color": "ffffffff",
    "bottom_left_border_style": "plain",
    "bottom_left_border_width": 0,
    "bottom_right_border_color": "ffffffff",
    "bottom_right_border_style": "plain",
    "bottom_right_border_width": 0,
    "font_name": "VisualizerFontIcon",
    "isForked": true,
    "shadow": {
      "br": 2,
      "color": "000000ff",
      "inner": false,
      "nm": 0,
      "x": 0,
      "y": 2
    },
    "text_shadow": {
      "br": 0,
      "color": "000000ff",
      "x": 0,
      "y": -1
    },
    "top_left_border_color": "ffffffff",
    "top_left_border_style": "plain",
    "top_left_border_width": 0,
    "top_right_border_color": "ffffffff",
    "top_right_border_style": "plain",
    "top_right_border_width": 0
  },
  "spabb": {
    "background_color": "ffffff00",
    "bg_type": "one",
    "bottom_left_border_color": "ffffffff",
    "bottom_left_border_style": "plain",
    "bottom_left_border_width": 0,
    "bottom_right_border_color": "ffffffff",
    "bottom_right_border_style": "plain",
    "bottom_right_border_width": 0,
    "isForked": true,
    "shadow": {
      "br": 2,
      "color": "000000ff",
      "inner": false,
      "nm": 0,
      "x": 0,
      "y": 2
    },
    "text_shadow": {
      "br": 0,
      "color": "000000ff",
      "x": 0,
      "y": -1
    },
    "top_left_border_color": "ffffffff",
    "top_left_border_style": "plain",
    "top_left_border_width": 0,
    "top_right_border_color": "ffffffff",
    "top_right_border_style": "plain",
    "top_right_border_width": 0
  },
  "spaip": {
    "background_color": "ffffff00",
    "bg_type": "one",
    "bottom_left_border_color": "ffffffff",
    "bottom_left_border_style": "plain",
    "bottom_left_border_width": 0,
    "bottom_right_border_color": "ffffffff",
    "bottom_right_border_style": "plain",
    "bottom_right_border_width": 0,
    "font_name": "VisualizerFontIcon",
    "isForked": true,
    "shadow": {
      "br": 2,
      "color": "000000ff",
      "inner": false,
      "nm": 0,
      "x": 0,
      "y": 2
    },
    "text_shadow": {
      "br": 0,
      "color": "000000ff",
      "x": 0,
      "y": -1
    },
    "top_left_border_color": "ffffffff",
    "top_left_border_style": "plain",
    "top_left_border_width": 0,
    "top_right_border_color": "ffffffff",
    "top_right_border_style": "plain",
    "top_right_border_width": 0
  },
  "spaipad": {
    "background_color": "ffffff00",
    "bg_type": "one",
    "bottom_left_border_color": "ffffffff",
    "bottom_left_border_style": "plain",
    "bottom_left_border_width": 0,
    "bottom_right_border_color": "ffffffff",
    "bottom_right_border_style": "plain",
    "bottom_right_border_width": 0,
    "font_name": "VisualizerFontIcon",
    "isForked": true,
    "shadow": {
      "br": 2,
      "color": "000000ff",
      "inner": false,
      "nm": 0,
      "x": 0,
      "y": 2
    },
    "text_shadow": {
      "br": 0,
      "color": "000000ff",
      "x": 0,
      "y": -1
    },
    "top_left_border_color": "ffffffff",
    "top_left_border_style": "plain",
    "top_left_border_width": 0,
    "top_right_border_color": "ffffffff",
    "top_right_border_style": "plain",
    "top_right_border_width": 0
  },
  "spawindowstablet": {
    "background_color": "ffffff00",
    "bg_type": "one",
    "bottom_left_border_color": "ffffffff",
    "bottom_left_border_style": "plain",
    "bottom_left_border_width": 0,
    "bottom_right_border_color": "ffffffff",
    "bottom_right_border_style": "plain",
    "bottom_right_border_width": 0,
    "isForked": true,
    "shadow": {
      "br": 2,
      "color": "000000ff",
      "inner": false,
      "nm": 0,
      "x": 0,
      "y": 2
    },
    "text_shadow": {
      "br": 0,
      "color": "000000ff",
      "x": 0,
      "y": -1
    },
    "top_left_border_color": "ffffffff",
    "top_left_border_style": "plain",
    "top_left_border_width": 0,
    "top_right_border_color": "ffffffff",
    "top_right_border_style": "plain",
    "top_right_border_width": 0
  },
  "spawinphone8": {
    "background_color": "ffffff00",
    "bg_type": "one",
    "bottom_left_border_color": "ffffffff",
    "bottom_left_border_style": "plain",
    "bottom_left_border_width": 0,
    "bottom_right_border_color": "ffffffff",
    "bottom_right_border_style": "plain",
    "bottom_right_border_width": 0,
    "isForked": true,
    "shadow": {
      "br": 2,
      "color": "000000ff",
      "inner": false,
      "nm": 0,
      "x": 0,
      "y": 2
    },
    "text_shadow": {
      "br": 0,
      "color": "000000ff",
      "x": 0,
      "y": -1
    },
    "top_left_border_color": "ffffffff",
    "top_left_border_style": "plain",
    "top_left_border_width": 0,
    "top_right_border_color": "ffffffff",
    "top_right_border_style": "plain",
    "top_right_border_width": 0
  },
  "tabrcandroid": {
    "background_color": "ffffff00",
    "bg_type": "one",
    "border_color": "ffffffff",
    "border_style": "plain",
    "border_type": 0,
    "border_width": 0,
    "font_name": "VisualizerFontIcon",
    "isForked": true,
    "text_shadow": {
      "br": 0,
      "color": "000000ff",
      "x": 0,
      "y": -1
    }
  },
  "wType": "Button",
  "watchos": {
    "background_color": "ffffff00",
    "bg_type": "one",
    "isForked": true
  },
  "windows8": {
    "background_color": "ffffff00",
    "bg_type": "one",
    "border_color": "ffffffff",
    "border_style": "plain",
    "border_type": 0,
    "border_width": 0,
    "isForked": true
  },
  "winphone8": {
    "background_color": "ffffff00",
    "bg_type": "one",
    "border_color": "ffffffff",
    "border_style": "plain",
    "border_type": 0,
    "border_width": 0,
    "isForked": true
  }
}