{
    "@class": "com.kony.gen.viz.model.component.KVizMap",
    "DNDConfig": null,
    "__parentReadjusting__": false,
    "_height_": {
        "type": "string",
        "value": "100%"
    },
    "_left_": {
        "type": "string",
        "value": "0dp"
    },
    "_margin_": [
        0,
        0,
        0,
        0
    ],
    "_mode_": 1,
    "_padding_": [
        0,
        0,
        0,
        0
    ],
    "_top_": {
        "type": "string",
        "value": "0dp"
    },
    "_width_": {
        "type": "string",
        "value": "100%"
    },
    "calloutwidth": 80,
    "canUpdateUI": true,
    "containerweight": 100,
    "defaultpinimage": "map_pin_red.png",
    "id": "zMap",
    "ide_onBoundsChanged": "AS_Map_f53548ec300c4e5aa660cd83714c3f73",
    "info": null,
    "iscustomlayout": false,
    "isvisible": true,
    "kuid": "a917423820f64af9b11cffe68213752b",
    "locationdata": [],
    "mapsource": "non-native",
    "mapsrc": "non-native",
    "name": "kony.ui.Map",
    "parent": "frmClustered",
    "pf": "frmClustered",
    "provider": "google",
    "retaincontentalignment": false,
    "retainflexpositionproperties": false,
    "screenlevelwidget": false,
    "wType": "Map",
    "zindex": 1,
    "zoomlevel": 4
}