{
  "name" : "KeepAuthentication",
  "type" : "custom",
  "version" : "1.0",
  "metaPreference" : -1,
  "config" : "{\"custom_idp_url\":\"https://zeusians-qs-foundry.qs.hcllabs.net/services/KeepAuthentication\",\"user_attributes_url\":\"\",\"provider_params\":{},\"is_mfa_enabled\":false,\"body_params\":{\"username\":\"admin keep\",\"password\":\"passw0rd\"},\"header_params\":[],\"session_restrictions\":{\"session_restriction_type\":\"allow_any_number_of_sessions\"}}",
  "policyConfig" : "{\"def_user_status\":\"pending\",\"max_login_fail\":5}",
  "admissionPolicy" : "no_approval_needed",
  "identityMeta" : {
    "allow_sso" : false
  },
  "isIntegrityEnabled" : true,
  "ssoenabled" : false
}