[ {
  "name" : "allowDecryption",
  "sourceFieldname" : "allowDecryption",
  "description" : "allowDecryption",
  "dataType" : "boolean",
  "hasIndex" : false,
  "unique" : false,
  "primarykey" : false,
  "namefield" : false,
  "nullable" : true,
  "custom" : false,
  "createable" : true,
  "updateable" : true,
  "audit" : false,
  "customizable" : false,
  "fieldOrder" : 1,
  "fieldProperties" : {
    "autoGenerated" : "false"
  },
  "etag" : "c4cd5bc0-b113-4dc8-9dfc-9cdfb01b3597",
  "isExtended" : false
}, {
  "name" : "apiName",
  "sourceFieldname" : "apiName",
  "description" : "apiName",
  "dataType" : "string",
  "hasIndex" : false,
  "unique" : true,
  "primarykey" : true,
  "namefield" : false,
  "nullable" : false,
  "custom" : false,
  "createable" : true,
  "updateable" : true,
  "audit" : false,
  "customizable" : false,
  "fieldOrder" : 2,
  "fieldProperties" : {
    "autoGenerated" : "false"
  },
  "etag" : "9afcd23a-1684-4e72-aa2d-d568979cbd94",
  "isExtended" : false
}, {
  "name" : "description",
  "sourceFieldname" : "description",
  "description" : "description",
  "dataType" : "string",
  "hasIndex" : false,
  "unique" : false,
  "primarykey" : false,
  "namefield" : false,
  "nullable" : true,
  "custom" : false,
  "createable" : true,
  "updateable" : true,
  "audit" : false,
  "customizable" : false,
  "fieldOrder" : 3,
  "fieldProperties" : {
    "autoGenerated" : "false"
  },
  "etag" : "2fd48a67-720f-4d40-9fa9-17de5dea6f01",
  "isExtended" : false
}, {
  "name" : "filePath",
  "sourceFieldname" : "filePath",
  "description" : "filePath",
  "dataType" : "string",
  "hasIndex" : false,
  "unique" : false,
  "primarykey" : false,
  "namefield" : false,
  "nullable" : true,
  "custom" : false,
  "createable" : true,
  "updateable" : true,
  "audit" : false,
  "customizable" : false,
  "fieldOrder" : 4,
  "fieldProperties" : {
    "autoGenerated" : "false"
  },
  "etag" : "e14e3094-ee6b-43c3-88b3-1dc0f38c5276",
  "isExtended" : false
}, {
  "name" : "icon",
  "sourceFieldname" : "icon",
  "description" : "icon",
  "dataType" : "string",
  "hasIndex" : false,
  "unique" : false,
  "primarykey" : false,
  "namefield" : false,
  "nullable" : true,
  "custom" : false,
  "createable" : true,
  "updateable" : true,
  "audit" : false,
  "customizable" : false,
  "fieldOrder" : 5,
  "fieldProperties" : {
    "autoGenerated" : "false"
  },
  "etag" : "e9f80d64-857e-4819-976e-576907078cea",
  "isExtended" : false
}, {
  "name" : "iconName",
  "sourceFieldname" : "iconName",
  "description" : "iconName",
  "dataType" : "string",
  "hasIndex" : false,
  "unique" : false,
  "primarykey" : false,
  "namefield" : false,
  "nullable" : true,
  "custom" : false,
  "createable" : true,
  "updateable" : true,
  "audit" : false,
  "customizable" : false,
  "fieldOrder" : 6,
  "fieldProperties" : {
    "autoGenerated" : "false"
  },
  "etag" : "e51e82d2-eb08-4047-9aa6-4c7cf4cd92d7",
  "isExtended" : false
}, {
  "name" : "isActive",
  "sourceFieldname" : "isActive",
  "description" : "isActive",
  "dataType" : "string",
  "hasIndex" : false,
  "unique" : false,
  "primarykey" : false,
  "namefield" : false,
  "nullable" : true,
  "custom" : false,
  "createable" : true,
  "updateable" : true,
  "audit" : false,
  "customizable" : false,
  "fieldOrder" : 7,
  "fieldProperties" : {
    "autoGenerated" : "false"
  },
  "etag" : "686833fd-f96d-4cf2-af62-0eaa9e91811e",
  "isExtended" : false
}, {
  "name" : "requireRevisionToUpdate",
  "sourceFieldname" : "requireRevisionToUpdate",
  "description" : "requireRevisionToUpdate",
  "dataType" : "boolean",
  "hasIndex" : false,
  "unique" : false,
  "primarykey" : false,
  "namefield" : false,
  "nullable" : true,
  "custom" : false,
  "createable" : true,
  "updateable" : true,
  "audit" : false,
  "customizable" : false,
  "fieldOrder" : 8,
  "fieldProperties" : {
    "autoGenerated" : "false"
  },
  "etag" : "d98f607e-7406-4813-a1d5-32de052ea355",
  "isExtended" : false
} ]