{
    "@class": "com.kony.gen.viz.model.component.KVizButton",
    "DNDConfig": null,
    "__parentReadjusting__": false,
    "_height_": {
        "type": "string",
        "value": "50dp"
    },
    "_left_": {
        "type": "string",
        "value": "37dp"
    },
    "_margin_": [
        6,
        6,
        6,
        6
    ],
    "_padding_": [
        0,
        0,
        0,
        0
    ],
    "_skin_": "sfe8e10f54214aa6abe049d7239ee8a9",
    "_text_": "Create Media Object",
    "_top_": {
        "type": "string",
        "value": "107dp"
    },
    "_width_": {
        "type": "string",
        "value": "300dp"
    },
    "canUpdateUI": true,
    "centerx": {
        "type": "string",
        "value": "49.88%"
    },
    "containerweight": 100,
    "contentalignment": 5,
    "displaytext": true,
    "focusskin": "s98df96ac850483b8ec9f9e2847a9bfd",
    "id": "Button0g2050c4484f342",
    "info": null,
    "iscustomlayout": false,
    "isvisible": true,
    "kuid": "g5837ed7ce7848e3b164828eb7895074",
    "name": "kony.ui.Button",
    "onclick": "AS_Button_b13bae579e8940788598abe38d258a55",
    "parent": "FlexGroup0c914a25af20347",
    "pf": "frmMedia",
    "retaincontentalignment": false,
    "retainflexpositionproperties": false,
    "wType": "Button",
    "zindex": 1
}