{
    "@class": "com.kony.gen.viz.model.component.KVizButton",
    "DNDConfig": null,
    "__parentReadjusting__": false,
    "_height_": {
        "type": "string",
        "value": "50dp"
    },
    "_left_": {
        "type": "string",
        "value": "37dp"
    },
    "_margin_": [
        6,
        6,
        6,
        6
    ],
    "_padding_": [
        0,
        0,
        0,
        0
    ],
    "_skin_": "s30c7c7e99ef44c888586f7f95a5a623",
    "_text_": "Create Media Object from URI",
    "_top_": {
        "type": "string",
        "value": "183dp"
    },
    "_width_": {
        "type": "string",
        "value": "300dp"
    },
    "canUpdateUI": true,
    "centerx": {
        "type": "string",
        "value": "49.97%"
    },
    "containerweight": 100,
    "contentalignment": 5,
    "displaytext": true,
    "focusskin": "s98df96ac850483b8ec9f9e2847a9bfd",
    "id": "Button0c9ef5e96b2954c",
    "info": null,
    "iscustomlayout": false,
    "isvisible": true,
    "kuid": "e31ccff97d9345eab9782705b1229968",
    "name": "kony.ui.Button",
    "onclick": "AS_Button_d49eb22689484325b7fce8cac59aff45",
    "parent": "FlexGroup0c914a25af20347",
    "pf": "frmMedia",
    "retaincontentalignment": false,
    "retainflexpositionproperties": false,
    "wType": "Button",
    "zindex": 1
}