{
    "DNDConfig": null,
    "__parentReadjusting__": false,
    "_height_": {
        "type": "string",
        "value": "10.59%"
    },
    "_left_": {
        "type": "string",
        "value": "12dp"
    },
    "_margin_": [
        0,
        0,
        0,
        0
    ],
    "_orientation_": 6,
    "_padding_": [
        0,
        0,
        0,
        0
    ],
    "_percent_": true,
    "_skin_": "s9486d678eba49cf832f9dd35bec4491",
    "_top_": {
        "type": "string",
        "value": "277dp"
    },
    "_width_": {
        "type": "string",
        "value": "93.63%"
    },
    "allboxes": [],
    "autogrowmode": 0,
    "canUpdateUI": true,
    "children": [
        "btnPlay",
        "Pause",
        "btnStop"
    ],
    "clipbounds": true,
    "containerweight": 100,
    "enablescrolling": true,
    "id": "FlexGroup0a55d34c51f404e",
    "info": null,
    "iscustomlayout": false,
    "isvisible": true,
    "kuid": "j5919142884f4eddba3746876544a6c3",
    "layouttype": 2,
    "name": "kony.ui.FlexContainer",
    "parent": "FlexGroup0c914a25af20347",
    "pf": "frmMedia",
    "retaincontentalignment": false,
    "retainflexpositionproperties": false,
    "retainflowhorizontalalignment": false,
    "snapgridsize": 10,
    "snaptogrid": true,
    "wType": "FlexContainer",
    "widgetalignment": 1
}