{
    "DNDConfig": null,
    "__parentReadjusting__": false,
    "_height_": {
        "type": "string",
        "value": "95.79%"
    },
    "_left_": {
        "type": "string",
        "value": "0dp"
    },
    "_margin_": [
        0,
        0,
        0,
        0
    ],
    "_orientation_": 6,
    "_padding_": [
        0,
        0,
        0,
        0
    ],
    "_percent_": true,
    "_skin_": "s04495f701a54dc283149d834763aa50",
    "_top_": {
        "type": "string",
        "value": "40dp"
    },
    "_width_": {
        "type": "string",
        "value": "100%"
    },
    "allboxes": [],
    "autogrowmode": 0,
    "canUpdateUI": true,
    "children": [
        "Button0g2050c4484f342",
        "Button0c9ef5e96b2954c",
        "FlexGroup0a55d34c51f404e",
        "Label0df0624a11bb242"
    ],
    "clipbounds": true,
    "containerweight": 100,
    "enablescrolling": true,
    "id": "FlexGroup0c914a25af20347",
    "info": null,
    "iscustomlayout": false,
    "isvisible": true,
    "kuid": "b37d39ec2ed44594a9ee2bb7d8066824",
    "layouttype": 2,
    "name": "kony.ui.FlexContainer",
    "parent": "frmMedia",
    "pf": "frmMedia",
    "retaincontentalignment": false,
    "retainflexpositionproperties": false,
    "retainflowhorizontalalignment": false,
    "snapgridsize": 10,
    "snaptogrid": true,
    "wType": "FlexContainer",
    "widgetalignment": 1
}