{
    "@class": "com.kony.gen.viz.model.component.KVizLabel",
    "DNDConfig": null,
    "__parentReadjusting__": false,
    "_height_": {
        "type": "string",
        "value": "74.67%"
    },
    "_left_": {
        "type": "string",
        "value": "4dp"
    },
    "_margin_": [
        0,
        0,
        0,
        0
    ],
    "_padding_": [
        "",
        0,
        0,
        0
    ],
    "_skin_": "sc87ca809c54446fa437a578b16cac20",
    "_text_": "",
    "_top_": {
        "type": "string",
        "value": "0dp"
    },
    "_width_": {
        "type": "ref",
        "value": "preferred"
    },
    "_wrapping_": 2,
    "android": {
        "textStyle": {
            "letterSpacing": 0,
            "strikeThrough": false
        }
    },
    "canUpdateUI": true,
    "containerweight": 100,
    "contentalignment": 4,
    "id": "headerIconLeft",
    "info": null,
    "ipad": {
        "psp": {
            "wrapping": 2
        }
    },
    "iphone": {
        "bottom": "",
        "centerX": "",
        "centerY": "",
        "maxHeight": "",
        "maxWidth": "",
        "minHeight": "",
        "minWidth": "",
        "padding": [
            "",
            0,
            0,
            0
        ],
        "paddingInPixel": false,
        "paddingLocked": false,
        "psp": {
            "wrapping": 2
        },
        "right": "",
        "zIndex": 1
    },
    "isvisible": true,
    "kuid": "f23865f8758941dbb06cef10ebec44d8",
    "masterType": 1,
    "name": "kony.ui.Label",
    "parent": "FlexContainer0h588fddddc504b",
    "pf": "frmMedia",
    "textstyle": {},
    "tooltip": "",
    "wType": "Label",
    "zindex": 1
}