{
    "@class": "com.kony.gen.viz.model.component.KVizLabel",
    "DNDConfig": null,
    "__parentReadjusting__": false,
    "_height_": {
        "type": "ref",
        "value": "preferred"
    },
    "_left_": {
        "type": "string",
        "value": "152dp"
    },
    "_margin_": [
        0,
        0,
        0,
        0
    ],
    "_padding_": [
        0,
        0,
        0,
        0
    ],
    "_skin_": "s6b4e7049ce04de18b549cfb1ac9b066",
    "_text_": "",
    "_top_": {
        "type": "string",
        "value": "20dp"
    },
    "_width_": {
        "type": "ref",
        "value": "preferred"
    },
    "_wrapping_": 2,
    "android": {
        "textStyle": {
            "letterSpacing": 0,
            "strikeThrough": false
        }
    },
    "canUpdateUI": true,
    "containerweight": 100,
    "contentalignment": 4,
    "id": "Pause",
    "info": null,
    "ipad": {
        "psp": {
            "wrapping": 2
        }
    },
    "iphone": {
        "psp": {
            "wrapping": 2
        }
    },
    "isvisible": false,
    "kuid": "db8e895d73184d7caadb2c8b38b0c7d9",
    "masterType": 1,
    "name": "kony.ui.Label",
    "ontouchstart": "AS_Label_f4e6fc03b041463e87f008614bb0a336",
    "parent": "FlexGroup0a55d34c51f404e",
    "pf": "frmMedia",
    "textstyle": {},
    "tooltip": "",
    "wType": "Label",
    "zindex": 1
}