{
    "DNDConfig": null,
    "__parentReadjusting__": false,
    "_height_": {
        "type": "string",
        "value": "29dp"
    },
    "_margin_": [
        0,
        0,
        0,
        0
    ],
    "_orientation_": 6,
    "_padding_": [
        0,
        0,
        0,
        0
    ],
    "_percent_": true,
    "_right_": {
        "type": "string",
        "value": "19dp"
    },
    "_skin_": "se7077ae78c844c29b9ebebdadba1086",
    "_top_": {
        "type": "string",
        "value": "88dp"
    },
    "_width_": {
        "type": "string",
        "value": "29dp"
    },
    "allboxes": [],
    "autogrowmode": 0,
    "canUpdateUI": true,
    "children": [
        "imgArrow"
    ],
    "clipbounds": true,
    "containerweight": 100,
    "enablescrolling": true,
    "id": "flxArrow",
    "ide_onClick": "AS_FlexContainer_dc6924c5415c42d5810fb11e670ad039",
    "info": null,
    "iscustomlayout": false,
    "isvisible": true,
    "kuid": "b1f477de99d14592bf030581040b3178",
    "layouttype": 2,
    "name": "kony.ui.FlexContainer",
    "onclick": "AS_FlexContainer_dc6924c5415c42d5810fb11e670ad039",
    "parent": "flxDestDetails",
    "pf": "frmMapSearchResult",
    "retaincontentalignment": false,
    "retainflexpositionproperties": false,
    "snapgridsize": 10,
    "snaptogrid": true,
    "wType": "FlexContainer",
    "widgetalignment": 1,
    "zindex": 10
}