{
    "DNDConfig": null,
    "__parentReadjusting__": false,
    "_bottom_": {
        "type": "string",
        "value": "0dp"
    },
    "_height_": {
        "type": "string",
        "value": "60dp"
    },
    "_left_": {
        "type": "string",
        "value": "88dp"
    },
    "_margin_": [
        0,
        0,
        0,
        0
    ],
    "_orientation_": 6,
    "_padding_": [
        0,
        0,
        0,
        0
    ],
    "_percent_": true,
    "_skin_": "s62a54225a774b8ba8fa95db02c8db35",
    "_top_": {
        "type": "string",
        "value": "18dp"
    },
    "_width_": {
        "type": "string",
        "value": "69.99%"
    },
    "allboxes": [],
    "autogrowmode": 0,
    "canUpdateUI": true,
    "children": [
        "lblDest",
        "lblDist",
        "lblTime"
    ],
    "clipbounds": true,
    "containerweight": 100,
    "enablescrolling": true,
    "id": "flxdeatils",
    "info": null,
    "iphone": {
        "bottom": {
            "type": "number",
            "value": "0"
        }
    },
    "iscustomlayout": false,
    "isvisible": true,
    "kuid": "b676fbca00984f1fa07cc86898a4f62a",
    "layouttype": 2,
    "name": "kony.ui.FlexContainer",
    "parent": "flxDestDetails",
    "pf": "frmMapSearchResult",
    "retaincontentalignment": false,
    "retainflexpositionproperties": false,
    "snapgridsize": 10,
    "snaptogrid": true,
    "wType": "FlexContainer",
    "widgetalignment": 1,
    "zindex": 1
}