{
    "DNDConfig": null,
    "__parentReadjusting__": false,
    "_height_": {
        "type": "string",
        "value": "100%"
    },
    "_left_": {
        "type": "string",
        "value": "0dp"
    },
    "_margin_": [
        0,
        0,
        0,
        0
    ],
    "_orientation_": 6,
    "_padding_": [
        0,
        0,
        0,
        0
    ],
    "_percent_": true,
    "_skin_": "s62f9a6b97344404acd9a72de60d4a8f",
    "_top_": {
        "type": "string",
        "value": "0dp"
    },
    "_width_": {
        "type": "string",
        "value": "100%"
    },
    "allboxes": [],
    "autogrowmode": 0,
    "canUpdateUI": true,
    "children": [],
    "clipbounds": true,
    "containerweight": 100,
    "enablescrolling": true,
    "id": "flxOverlay",
    "ide_onTouchStart": "AS_FlexContainer_j89b3247a6364783bcf8e4980fe339b0",
    "info": null,
    "isvisible": false,
    "kuid": "i52dbe44491547dfb5a77a2f078b5b84",
    "layouttype": 2,
    "name": "kony.ui.FlexContainer",
    "ontouchstart": "AS_FlexContainer_j89b3247a6364783bcf8e4980fe339b0",
    "parent": "frmMapSearchResult",
    "pf": "frmMapSearchResult",
    "snapgridsize": 10,
    "snaptogrid": true,
    "wType": "FlexContainer",
    "widgetalignment": 1,
    "zindex": 1
}