{
    "DNDConfig": null,
    "__parentReadjusting__": false,
    "_blur_": {
        "enabled": false,
        "value": 0
    },
    "_bottom_": {
        "type": "string",
        "value": "10dp"
    },
    "_height_": {
        "type": "ref",
        "value": "preferred"
    },
    "_left_": {
        "type": "string",
        "value": "0dp"
    },
    "_margin_": [
        0,
        0,
        0,
        0
    ],
    "_orientation_": 6,
    "_padding_": [
        0,
        0,
        0,
        0
    ],
    "_percent_": true,
    "_skin_": "s97e91abe8bf473f87174a43352742d8",
    "_width_": {
        "type": "string",
        "value": "95%"
    },
    "allboxes": [],
    "autogrowmode": 1,
    "canUpdateUI": true,
    "centerx": {
        "type": "string",
        "value": "50%"
    },
    "children": [
        "flxDestDetails",
        "lblLine",
        "segRoutes"
    ],
    "clipbounds": true,
    "containerweight": 100,
    "enablescrolling": true,
    "id": "flxRoutes",
    "info": null,
    "iscustomlayout": false,
    "isvisible": true,
    "kuid": "a1de8ce684b447028223e1ec01bb456c",
    "layouttype": 4,
    "name": "kony.ui.FlexContainer",
    "parent": "frmMapSearchResult",
    "pf": "frmMapSearchResult",
    "retaincontentalignment": false,
    "retainflexpositionproperties": false,
    "reverselayoutdirection": false,
    "snapgridsize": 10,
    "snaptogrid": true,
    "wType": "FlexContainer",
    "widgetalignment": 1,
    "zindex": 5
}