{
    "@class": "com.kony.gen.viz.model.component.KVizImage2",
    "DNDConfig": null,
    "__parentReadjusting__": false,
    "_base64_": null,
    "_height_": {
        "type": "string",
        "value": "14dp"
    },
    "_left_": {
        "type": "string",
        "value": "59dp"
    },
    "_margin_": [
        0,
        0,
        0,
        0
    ],
    "_padding_": [
        0,
        0,
        0,
        0
    ],
    "_skin_": "s0110c6e51734175b4910209b5c5b877",
    "_src_": "map_white.png",
    "_top_": {
        "type": "string",
        "value": "64dp"
    },
    "_width_": {
        "type": "string",
        "value": "10dp"
    },
    "android": {
        "centerY": {
            "type": "string",
            "value": ""
        }
    },
    "canUpdateUI": true,
    "centery": {
        "type": "string",
        "value": ""
    },
    "containerweight": 100,
    "context": {
        "channel": "mobile",
        "formID": "frmMapSearchResult",
        "platform": "iphone",
        "templateType": "forms",
        "topLevelBox": null
    },
    "id": "imgDest",
    "imagescalemode": 1,
    "info": null,
    "invokedProperty": "src",
    "iscustomlayout": false,
    "isvisible": true,
    "kuid": "j39f610e9b184c14b2f0ea00f3718e36",
    "name": "kony.ui.Image2",
    "parent": "flxTitle",
    "pf": "frmMapSearchResult",
    "retaincontentalignment": false,
    "retainflexpositionproperties": false,
    "srcType": 1,
    "wType": "Image",
    "widgetalignment": 5,
    "zindex": 1
}