{
    "@class": "com.kony.gen.viz.model.component.KVizImage2",
    "DNDConfig": null,
    "__parentReadjusting__": false,
    "_base64_": null,
    "_height_": {
        "type": "string",
        "value": "4dp"
    },
    "_left_": {
        "type": "string",
        "value": "62dp"
    },
    "_margin_": [
        0,
        0,
        0,
        0
    ],
    "_padding_": [
        0,
        0,
        0,
        0
    ],
    "_skin_": "s0110c6e51734175b4910209b5c5b877",
    "_src_": "map_dot.png",
    "_top_": {
        "type": "string",
        "value": "39dp"
    },
    "_width_": {
        "type": "string",
        "value": "4dp"
    },
    "canUpdateUI": true,
    "containerweight": 100,
    "context": {
        "channel": "mobile",
        "formID": "frmMapSearchResult",
        "platform": "iphone",
        "templateType": "forms",
        "topLevelBox": null
    },
    "id": "imgDot1",
    "imagescalemode": 1,
    "info": null,
    "invokedProperty": "src",
    "iscustomlayout": false,
    "isvisible": true,
    "kuid": "i7e4c0b6ec494e5ea990b55c77d94f15",
    "name": "kony.ui.Image2",
    "parent": "flxTitle",
    "pf": "frmMapSearchResult",
    "retaincontentalignment": false,
    "retainflexpositionproperties": false,
    "srcType": 1,
    "wType": "Image",
    "widgetalignment": 5,
    "zindex": 1
}