{
    "@class": "com.kony.gen.viz.model.container.KVizSegment2",
    "DNDConfig": null,
    "__parentReadjusting__": false,
    "_data_": [
        {
            "lblRoute": {
                "@class": "com.viz.ide.model.segment.SimpleTextSegmentData",
                "text": ""
            },
            "lbldistnTime": {
                "@class": "com.viz.ide.model.segment.SimpleTextSegmentData",
                "text": ""
            }
        }
    ],
    "_height_": {
        "type": "ref",
        "value": "preferred"
    },
    "_indicator_": "none",
    "_left_": {
        "type": "string",
        "value": "0dp"
    },
    "_margin_": [
        0,
        0,
        0,
        0
    ],
    "_orientation_": 2,
    "_padding_": [
        0,
        0,
        0,
        0
    ],
    "_top_": {
        "type": "string",
        "value": "0dp"
    },
    "_width_": {
        "type": "string",
        "value": "90%"
    },
    "autogrowmode": 1,
    "canUpdateUI": true,
    "centerx": {
        "type": "string",
        "value": "50%"
    },
    "containerweight": 100,
    "counter": "00",
    "focusedindex": null,
    "focuseditem": null,
    "groupcells": false,
    "hasSections": false,
    "id": "segRoutes",
    "ide_onRowClick": "AS_Segment_e3bc8fe5889141988b7e652fef85e96c",
    "info": null,
    "ipad": {
        "psp": {
            "indicator": "rowselect"
        }
    },
    "iphone": {
        "psp": {
            "indicator": "none"
        }
    },
    "iscustomlayout": false,
    "isvisible": false,
    "kuid": "ed269fb99b3a4e0fb95f0575d511b04e",
    "masterdata": {},
    "name": "kony.ui.SegmentedUI2",
    "needpageindicator": true,
    "onrowclick": "AS_Segment_e3bc8fe5889141988b7e652fef85e96c",
    "pageoffdotimage": "pageoffdot.png",
    "pageondotimage": "pageondot.png",
    "paginationconfig": {
        "position": "bottom"
    },
    "parent": "flxRoutes",
    "pf": "frmMapSearchResult",
    "retaincontentalignment": false,
    "retainflexpositionproperties": false,
    "retainselection": false,
    "rowTemplateId": "c717033ef2854d0399887cf1b3766dd7",
    "rowcounter": 0,
    "rowfocusskin": "sc2679b781e045dbb78e8d0c5d7c4517",
    "rowskin": "s8d19c3550b84b418259648bd700bd2c",
    "rowtemplate": "Flex0hc97bc34468649",
    "screenlevelwidget": false,
    "seccounter": 0,
    "sectionheaderskin": "s2a7960d43d74edfb3e16e5a1dd05533",
    "selectedRows": null,
    "selectedState": false,
    "selectedindex": null,
    "selectedindices": null,
    "selecteditems": null,
    "selectedsectionindex": 0,
    "selectionbehavior": "default",
    "separatorcolor": "a9a9a932",
    "separatorrequired": true,
    "separatorthickness": 1,
    "showscrollbars": false,
    "viewtype": "tableview",
    "wType": "Segment",
    "widgetalignment": 5,
    "widgetdatamap": {
        "Flex0hc97bc34468649": "Flex0hc97bc34468649",
        "lblRoute": "lblRoute",
        "lbldistnTime": "lbldistnTime"
    },
    "zindex": 1
}