{
  "interactionModel": {
    "languageModel": {
      "intents": [
        {
          "name": "AMAZON.CancelIntent",
          "samples": []
        },
        {
          "name": "AMAZON.HelpIntent",
          "samples": []
        },
        {
          "name": "AMAZON.StopIntent",
          "samples": []
        },
        {
          "name": "AMAZON.NavigateHomeIntent",
          "samples": []
        },
        {
          "name": "AMAZON.FallbackIntent",
          "samples": []
        },
        {
          "slots": [
            {
              "name": "lookupType",
              "type": "LookupType"
            },
            {
              "name": "lookupItem",
              "type": "AMAZON.Person"
            }
          ],
          "name": "DataLookupIntent",
          "samples": [
            "what\u0027s {lookupItem} {lookupType}",
            "what is {lookupItem} {lookupType}",
            "get {lookupItem} {lookupType}",
            "find {lookupItem} {lookupType}",
            "lookup {lookupItem} {lookupType}",
            "what is {lookupItem} {lookupType}",
            "tell me {lookupItem} {lookupType}",
            "when is my {lookupItem}",
            "what\u0027s my {lookupItem}",
            "what is my {lookupItem}"
          ]
        },
        {
          "slots": [
            {
              "name": "taskName",
              "type": "AMAZON.SearchQuery"
            }
          ],
          "name": "AddTaskIntent",
          "samples": [
            "add todo {taskName}",
            "add a todo {taskName}",
            "create todo {taskName}",
            "create a todo {taskName}",
            "new todo {taskName}",
            "add {taskName} to my todos",
            "add {taskName} to my todo list",
            "remember to {taskName}",
            "I need to {taskName}",
            "add todo",
            "create todo",
            "new todo"
          ]
        },
        {
          "slots": [],
          "name": "ListTasksIntent",
          "samples": [
            "list my todos",
            "what are my todos",
            "show my todos",
            "tell me my todos",
            "what todos do I have",
            "what\u0027s on my todo list",
            "read my todos",
            "check my todos",
            "my todos"
          ]
        },
        {
          "slots": [
            {
              "name": "taskName",
              "type": "AMAZON.SearchQuery"
            }
          ],
          "name": "CompleteTaskIntent",
          "samples": [
            "complete todo {taskName}",
            "mark {taskName} as done",
            "mark {taskName} as complete",
            "finish todo {taskName}",
            "done with {taskName}",
            "completed {taskName}",
            "I finished {taskName}",
            "todo {taskName} is done",
            "check off {taskName}"
          ]
        },
        {
          "slots": [
            {
              "name": "reminderText",
              "type": "AMAZON.SearchQuery"
            }
          ],
          "name": "SetReminderIntent",
          "samples": [
            "remind me to {reminderText}",
            "set a reminder to {reminderText}",
            "set reminder {reminderText}",
            "set a reminder for {reminderText}",
            "create a reminder to {reminderText}",
            "add reminder {reminderText}",
            "reminder to {reminderText}"
          ]
        },
        {
          "slots": [],
          "name": "ListRemindersIntent",
          "samples": [
            "list my reminders",
            "what are my reminders",
            "show my reminders",
            "tell me my reminders",
            "what reminders do I have",
            "check my reminders",
            "my reminders",
            "read my reminders"
          ]
        },
        {
          "slots": [
            {
              "name": "location",
              "type": "AMAZON.City"
            }
          ],
          "name": "WeatherIntent",
          "samples": [
            "what\u0027s the weather",
            "what is the weather",
            "how\u0027s the weather",
            "weather",
            "what\u0027s the weather like",
            "what\u0027s the weather in {location}",
            "how\u0027s the weather in {location}",
            "weather in {location}",
            "what\u0027s the weather like in {location}",
            "tell me the weather",
            "get the weather"
          ]
        },
        {
          "slots": [],
          "name": "TimeIntent",
          "samples": [
            "what time is it",
            "what\u0027s the time",
            "what is the time",
            "tell me the time",
            "time",
            "current time",
            "what time"
          ]
        }
      ],
      "types": [
        {
          "values": [
            {
              "name": {
                "value": "phone number"
              }
            },
            {
              "name": {
                "value": "number"
              }
            },
            {
              "name": {
                "value": "phone"
              }
            },
            {
              "name": {
                "value": "fact"
              }
            },
            {
              "name": {
                "value": "information"
              }
            },
            {
              "name": {
                "value": "birthday"
              }
            },
            {
              "name": {
                "value": "anniversary"
              }
            }
          ],
          "name": "LookupType"
        }
      ],
      "invocationName": "personal assistant"
    }
  }
}