{
    "AS_Button_eb1dddf4be1e4f40968d582e11f1a2ff": {
        "id": "AS_Button_eb1dddf4be1e4f40968d582e11f1a2ff",
        "type": "ACTION_SEQUENCE",
        "params": [{
            "datatype": "collection",
            "name": "eventobject"
        }],
        "contextObj": {
            "name": "frmHome",
            "type": "forms",
            "platform": null,
            "KUID": "a245ab6f717a49829f953db5d4a88804"
        },
        "language": "js",
        "actions": [{
            "id": "INVOKE_FUNCTION___e7edaec7e3df4b10bd20fba36fc92cad",
            "type": "INVOKE_FUNCTION",
            "sequenceKUID": "addbookmark",
            "display": "addbookmark",
            "inputparams": [],
            "parentId": null,
            "callbackType": null,
            "disabled": null,
            "source": "controller"
        }]
    }
}