{
    "AS_Button_a8653c69f19843aea06e23594e685cf4": {
        "id": "AS_Button_a8653c69f19843aea06e23594e685cf4",
        "type": "ACTION_SEQUENCE",
        "params": [{
            "datatype": "collection",
            "name": "eventobject"
        }],
        "contextObj": {
            "name": "frmHome",
            "type": "forms",
            "platform": null,
            "KUID": "a245ab6f717a49829f953db5d4a88804"
        },
        "language": "js",
        "actions": [{
            "id": "INVOKE_FUNCTION___eae6ebb05e694c3b9f7728ae5d6a72cf",
            "type": "INVOKE_FUNCTION",
            "sequenceKUID": "getbookmark",
            "display": "getbookmark",
            "inputparams": [],
            "parentId": null,
            "callbackType": null,
            "disabled": null,
            "source": "controller"
        }]
    }
}