{
    "AS_Button_f5d883423064444999a3cb9b61f10def": {
        "id": "AS_Button_f5d883423064444999a3cb9b61f10def",
        "type": "ACTION_SEQUENCE",
        "params": [{
            "datatype": "collection",
            "name": "eventobject"
        }],
        "contextObj": {
            "name": "frmHome",
            "type": "forms",
            "platform": null,
            "KUID": "a245ab6f717a49829f953db5d4a88804"
        },
        "language": "js",
        "actions": [{
            "id": "INVOKE_FUNCTION___ec83e93504db4a9d93051d96c96a615c",
            "type": "INVOKE_FUNCTION",
            "sequenceKUID": "removebookmark",
            "display": "removebookmark",
            "inputparams": [],
            "parentId": null,
            "callbackType": null,
            "disabled": null,
            "source": "controller"
        }]
    }
}