{
    "AS_Button_d67bb570b8f5450db7afcffafbdd6b33": {
        "id": "AS_Button_d67bb570b8f5450db7afcffafbdd6b33",
        "type": "ACTION_SEQUENCE",
        "params": [{
            "datatype": "collection",
            "name": "eventobject"
        }],
        "contextObj": {
            "name": "frmHome",
            "type": "forms",
            "platform": null,
            "KUID": "a245ab6f717a49829f953db5d4a88804"
        },
        "language": "js",
        "actions": [{
            "id": "INVOKE_FUNCTION___bf72f5bc9ca94e16ac16031b27f881bd",
            "type": "INVOKE_FUNCTION",
            "sequenceKUID": "resetBookmarkState",
            "display": "resetBookmarkState",
            "inputparams": [],
            "parentId": null,
            "callbackType": null,
            "disabled": null,
            "source": "controller"
        }]
    }
}