{
    "AS_Button_b218628fff964b40a8a084589bc9b59a": {
        "id": "AS_Button_b218628fff964b40a8a084589bc9b59a",
        "type": "ACTION_SEQUENCE",
        "params": [{
            "datatype": "collection",
            "name": "eventobject"
        }],
        "contextObj": {
            "name": "frmHome",
            "type": "forms",
            "platform": null,
            "KUID": "a245ab6f717a49829f953db5d4a88804"
        },
        "language": "js",
        "actions": [{
            "id": "INVOKE_FUNCTION___e9911182a2b04b98ac1ad15c0ba12ed3",
            "type": "INVOKE_FUNCTION",
            "sequenceKUID": "setState",
            "display": "setState",
            "inputparams": [],
            "parentId": null,
            "callbackType": null,
            "disabled": null,
            "source": "controller"
        }]
    }
}