{
    "@class": "com.kony.gen.viz.model.component.KVizButton",
    "DNDConfig": null,
    "__parentReadjusting__": false,
    "_height_": {
        "type": "string",
        "value": "50dp"
    },
    "_left_": {
        "type": "string",
        "value": "10.03%"
    },
    "_margin_": [
        6,
        6,
        6,
        6
    ],
    "_padding_": [
        0,
        0,
        0,
        0
    ],
    "_skin_": "see4e40f11634606a926c4e5dd15d40e",
    "_text_": "Remove",
    "_top_": {
        "type": "string",
        "value": "44.28%"
    },
    "_width_": {
        "type": "string",
        "value": "300dp"
    },
    "canUpdateUI": true,
    "containerweight": 100,
    "contentalignment": 5,
    "displaytext": true,
    "focusskin": "s683962b33cc4b3294204e014f6a0fc4",
    "id": "Button0c7995646836149",
    "info": null,
    "iscustomlayout": false,
    "isvisible": true,
    "kuid": "c07deebe1ab74197bde0c6c15d3980fb",
    "name": "kony.ui.Button",
    "onclick": "AS_Button_be2e2ca9fb8e45899ba26b2f315a783c",
    "parent": "FlexContainer0i64cc2d00c9541",
    "pf": "Form1",
    "retaincontentalignment": false,
    "retainflexpositionproperties": false,
    "wType": "Button",
    "zindex": 1
}