{
    "@class": "com.kony.gen.viz.model.component.KVizButton",
    "DNDConfig": null,
    "__parentReadjusting__": false,
    "_height_": {
        "type": "string",
        "value": "50dp"
    },
    "_left_": {
        "type": "string",
        "value": "10.15%"
    },
    "_margin_": [
        6,
        6,
        6,
        6
    ],
    "_padding_": [
        0,
        0,
        0,
        0
    ],
    "_skin_": "s44428f57c0e49c4af5ca8151acec456",
    "_text_": "Save",
    "_top_": {
        "type": "string",
        "value": "24.40%"
    },
    "_width_": {
        "type": "string",
        "value": "300dp"
    },
    "canUpdateUI": true,
    "containerweight": 100,
    "contentalignment": 5,
    "displaytext": true,
    "focusskin": "sba9177242d0474bb221a4d91e68a2a6",
    "id": "Button0d541dbcb65c747",
    "info": null,
    "iscustomlayout": false,
    "isvisible": true,
    "kuid": "f4e14a24a42b469aa590ad614f7d2f6b",
    "name": "kony.ui.Button",
    "onclick": "AS_Button_e9261b30d2f94a9bafc7cc47bac4c030",
    "parent": "FlexContainer0i64cc2d00c9541",
    "pf": "Form1",
    "retaincontentalignment": false,
    "retainflexpositionproperties": false,
    "wType": "Button",
    "zindex": 1
}