{
    "@class": "com.kony.gen.viz.model.component.KVizButton",
    "DNDConfig": null,
    "__parentReadjusting__": false,
    "_height_": {
        "type": "string",
        "value": "50dp"
    },
    "_left_": {
        "type": "string",
        "value": "9.99%"
    },
    "_margin_": [
        6,
        6,
        6,
        6
    ],
    "_padding_": [
        0,
        0,
        0,
        0
    ],
    "_skin_": "sfb65ea68c464b5bbbb2764c74d90475",
    "_text_": "Read",
    "_top_": {
        "type": "string",
        "value": "34.33%"
    },
    "_width_": {
        "type": "string",
        "value": "300dp"
    },
    "canUpdateUI": true,
    "containerweight": 100,
    "contentalignment": 5,
    "displaytext": true,
    "focusskin": "sdf1d5170ea54260a630caaf16bab5c6",
    "id": "Button0j9eed28e5f7f4c",
    "info": null,
    "iscustomlayout": false,
    "isvisible": true,
    "kuid": "dc8e998be30d44b19b78fcd96fdc1b66",
    "name": "kony.ui.Button",
    "onclick": "AS_Button_df82a3ee4cae4d849a7c7fa3f43f6cb0",
    "parent": "FlexContainer0i64cc2d00c9541",
    "pf": "Form1",
    "retaincontentalignment": false,
    "retainflexpositionproperties": false,
    "wType": "Button",
    "zindex": 1
}