{
    "DNDConfig": null,
    "__parentReadjusting__": false,
    "_height_": {
        "type": "string",
        "value": "92.54%"
    },
    "_left_": {
        "type": "string",
        "value": "0dp"
    },
    "_margin_": [
        0,
        0,
        0,
        0
    ],
    "_orientation_": 6,
    "_padding_": [
        0,
        0,
        0,
        0
    ],
    "_percent_": true,
    "_skin_": "sad904fc7ca74ebcb6750d7426c2fc11",
    "_top_": {
        "type": "string",
        "value": "53dp"
    },
    "_width_": {
        "type": "string",
        "value": "100%"
    },
    "allboxes": [],
    "autogrowmode": 0,
    "canUpdateUI": true,
    "children": [
        "Button0d541dbcb65c747",
        "Button0j9eed28e5f7f4c",
        "Button0c7995646836149",
        "Label0ae2280a3545e45"
    ],
    "clipbounds": true,
    "containerweight": 100,
    "enablescrolling": true,
    "id": "FlexContainer0i64cc2d00c9541",
    "info": null,
    "iscustomlayout": false,
    "isvisible": true,
    "kuid": "f505fdea8d1c4f4dbe016ecc4d92b444",
    "layouttype": 2,
    "name": "kony.ui.FlexContainer",
    "parent": "Form1",
    "pf": "Form1",
    "retaincontentalignment": false,
    "retainflexpositionproperties": false,
    "retainflowhorizontalalignment": false,
    "snapgridsize": 10,
    "snaptogrid": true,
    "wType": "FlexContainer",
    "widgetalignment": 1,
    "zindex": 1
}