{
    "@class": "com.kony.gen.viz.model.component.KVizButton",
    "DNDConfig": null,
    "__parentReadjusting__": false,
    "_height_": {
        "type": "string",
        "value": "50dp"
    },
    "_left_": {
        "type": "string",
        "value": "35dp"
    },
    "_margin_": [
        6,
        6,
        6,
        6
    ],
    "_padding_": [
        0,
        0,
        0,
        0
    ],
    "_skin_": "saac0cc0a3a14cf19611db6eb9ac4601",
    "_text_": "Remove contact",
    "_top_": {
        "type": "string",
        "value": "20dp"
    },
    "_width_": {
        "type": "string",
        "value": "300dp"
    },
    "canUpdateUI": true,
    "centerx": {
        "type": "string",
        "value": "50%"
    },
    "containerweight": 100,
    "contentalignment": 5,
    "displaytext": true,
    "focusskin": "saac0cc0a3a14cf19611db6eb9ac4601",
    "id": "btnRemove",
    "info": null,
    "iscustomlayout": false,
    "isvisible": true,
    "kuid": "d1d9db8c8c2e45b68ea4675febf688eb",
    "name": "kony.ui.Button",
    "onclick": "AS_Button_h757fe97981c4ca78c41eb14a7035e7a",
    "parent": "FlexGroup0cda3888756314e",
    "pf": "frmContact",
    "retaincontentalignment": false,
    "retainflexpositionproperties": false,
    "wType": "Button",
    "zindex": 1
}