{
    "@class": "com.kony.gen.viz.model.component.KVizButton",
    "DNDConfig": null,
    "__parentReadjusting__": false,
    "_height_": {
        "type": "string",
        "value": "50dp"
    },
    "_left_": {
        "type": "string",
        "value": "35dp"
    },
    "_margin_": [
        6,
        6,
        6,
        6
    ],
    "_padding_": [
        0,
        0,
        0,
        0
    ],
    "_skin_": "saac0cc0a3a14cf19611db6eb9ac4601",
    "_text_": "Get Details",
    "_top_": {
        "type": "string",
        "value": "20dp"
    },
    "_width_": {
        "type": "string",
        "value": "300dp"
    },
    "canUpdateUI": true,
    "centerx": {
        "type": "string",
        "value": "50.00%"
    },
    "containerweight": 100,
    "contentalignment": 5,
    "displaytext": true,
    "focusskin": "saac0cc0a3a14cf19611db6eb9ac4601",
    "id": "CopybtnFind0ff970110c5cb49",
    "info": null,
    "iscustomlayout": false,
    "isvisible": true,
    "kuid": "f391e1933ba045d296207aed224006c2",
    "name": "kony.ui.Button",
    "onclick": "AS_Button_j71bb599d2bb46a3b541640bb3f1e146",
    "parent": "FlexGroup0cda3888756314e",
    "pf": "frmContact",
    "retaincontentalignment": false,
    "retainflexpositionproperties": false,
    "wType": "Button",
    "zindex": 1
}