{
    "DNDConfig": null,
    "__parentReadjusting__": false,
    "_height_": {
        "type": "string",
        "value": "99.95%"
    },
    "_left_": {
        "type": "string",
        "value": "0dp"
    },
    "_margin_": [
        0,
        0,
        0,
        0
    ],
    "_orientation_": 6,
    "_padding_": [
        0,
        0,
        0,
        0
    ],
    "_percent_": true,
    "_skin_": "s56fb462804e40e98ea4219b86608ee1",
    "_top_": {
        "type": "string",
        "value": "0dp"
    },
    "_width_": {
        "type": "string",
        "value": "100%"
    },
    "allboxes": [],
    "autogrowmode": 0,
    "canUpdateUI": true,
    "children": [
        "btnAdd",
        "btnFind",
        "CopybtnFind0ff970110c5cb49",
        "btnRemove",
        "lblDevContact"
    ],
    "clipbounds": true,
    "containerweight": 100,
    "enablescrolling": true,
    "id": "FlexGroup0cda3888756314e",
    "info": null,
    "iscustomlayout": false,
    "isvisible": true,
    "kuid": "f7c9b172fef846249e7875ea4e03ee43",
    "layouttype": 4,
    "name": "kony.ui.FlexContainer",
    "parent": "frmContact",
    "pf": "frmContact",
    "retaincontentalignment": false,
    "retainflexpositionproperties": false,
    "retainflowhorizontalalignment": false,
    "snapgridsize": 10,
    "snaptogrid": true,
    "wType": "FlexContainer",
    "widgetalignment": 1
}