{
    "DNDConfig": null,
    "__parentReadjusting__": false,
    "_height_": {
        "type": "string",
        "value": "40dp"
    },
    "_left_": {
        "type": "string",
        "value": "0dp"
    },
    "_margin_": [
        0,
        0,
        0,
        0
    ],
    "_orientation_": 6,
    "_padding_": [
        0,
        0,
        0,
        0
    ],
    "_percent_": true,
    "_skin_": "saef5510ea8f4c52a6127b818a55ff71",
    "_top_": {
        "type": "string",
        "value": "-3dp"
    },
    "_width_": {
        "type": "string",
        "value": "100.00%"
    },
    "allboxes": [],
    "autogrowmode": 0,
    "canUpdateUI": true,
    "children": [
        "Label0c77be8f3d86d4f"
    ],
    "clipbounds": true,
    "containerweight": 100,
    "enablescrolling": true,
    "id": "FlexContainer0h0167f47046443",
    "info": null,
    "iscustomlayout": false,
    "isvisible": true,
    "kuid": "ab06d09c82994fe6a49275df2a3b586a",
    "layouttype": 3,
    "name": "kony.ui.FlexContainer",
    "parent": "frmContact",
    "pf": "frmContact",
    "retaincontentalignment": false,
    "retainflexpositionproperties": false,
    "retainflowhorizontalalignment": false,
    "snapgridsize": 10,
    "snaptogrid": true,
    "wType": "FlexContainer",
    "widgetalignment": 1,
    "zindex": 1
}