{
    "AS_Button_d214db0a9e0b413380591c1435c18e25": {
        "id": "AS_Button_d214db0a9e0b413380591c1435c18e25",
        "type": "ACTION_SEQUENCE",
        "params": [{
            "datatype": "collection",
            "name": "eventobject"
        }],
        "language": "js",
        "actions": [{
            "id": "NAVIGATE_TO_FORM__ide_onClick_i9ae6484718846a4b9dcd03b81638545",
            "type": "NAVIGATE_TO_FORM",
            "formId": "frmKnowledgeFramework",
            "formKUID": "acf54506ad1647eb888027770862b38d",
            "mappings": {},
            "mappingsOrder": [],
            "parentId": "",
            "callbackType": null,
            "enableMappingEditor": true,
            "package": ""
        }]
    }
}