{
    "AS_Button_fd0b66d22d244d70945a1e82e58dd5f2": {
        "id": "AS_Button_fd0b66d22d244d70945a1e82e58dd5f2",
        "type": "ACTION_SEQUENCE",
        "params": [{
            "datatype": "collection",
            "name": "eventobject"
        }],
        "language": "js",
        "actions": [{
            "id": "NAVIGATE_TO_FORM__ide_onClick_aa26010960754d5ba42c99fb2d8595cb",
            "type": "NAVIGATE_TO_FORM",
            "formId": "frmKnowledgeFramework",
            "formKUID": "acf54506ad1647eb888027770862b38d",
            "mappings": {},
            "mappingsOrder": [],
            "parentId": "",
            "callbackType": null,
            "enableMappingEditor": true,
            "package": ""
        }]
    }
}