{
    "AS_Button_f6f1b74972304c9b943200ff41641804": {
        "id": "AS_Button_f6f1b74972304c9b943200ff41641804",
        "type": "ACTION_SEQUENCE",
        "params": [{
            "datatype": "collection",
            "name": "eventobject"
        }],
        "contextObj": {
            "name": "frmSwipe",
            "type": "forms",
            "platform": "",
            "KUID": "aa8d0b6fcb494f0ca9bb4dd6da0f50a0"
        },
        "language": "js",
        "actions": [{
            "id": "ADD_SNIPPET__f9c06bc019e64d39afdb8616a2495b86",
            "type": "ADD_SNIPPET",
            "codeSnippet": "this.view.lblGesture.text=\"Verify Swipe gesture in four directions in below container\";\nthis.view.imgGes.src=\"arrow4.png\";",
            "parentId": null,
            "callbackType": null
        }]
    }
}