{
    "AS_Button_c986bdb8410d4eb4834a18acfdc145a2": {
        "id": "AS_Button_c986bdb8410d4eb4834a18acfdc145a2",
        "type": "ACTION_SEQUENCE",
        "params": [{
            "datatype": "collection",
            "name": "eventobject"
        }],
        "language": "js",
        "actions": [{
            "id": "NAVIGATE_TO_FORM__ide_onClick_ffc3461407d04a2b99967273d348e311",
            "type": "NAVIGATE_TO_FORM",
            "formId": "frmKnowledgeFramework",
            "formKUID": "acf54506ad1647eb888027770862b38d",
            "mappings": {},
            "mappingsOrder": [],
            "parentId": "",
            "callbackType": null,
            "enableMappingEditor": true,
            "package": ""
        }]
    }
}