{
    "AS_FlexContainer_ac2c8cd2a94046aab7e1e46201b95bdb": {
        "id": "AS_FlexContainer_ac2c8cd2a94046aab7e1e46201b95bdb",
        "type": "ACTION_SEQUENCE",
        "params": [{
            "datatype": "collection",
            "name": "eventobject"
        }],
        "contextObj": {
            "name": "frmTap",
            "type": "forms",
            "platform": "",
            "KUID": "a40fcfe439ac48a680d2404f01520123"
        },
        "language": "js",
        "actions": [{
            "id": "ADD_SNIPPET__j237772fb8094311b599ac4c7c81458b",
            "type": "ADD_SNIPPET",
            "codeSnippet": "this.view.lblTap.text=\"\";\nthis.view.lblDbl.text=\"\";",
            "parentId": null,
            "callbackType": null
        }]
    }
}