{
    "AS_Form_a06b5634e72142eda0df5031600fd62b": {
        "id": "AS_Form_a06b5634e72142eda0df5031600fd62b",
        "type": "ACTION_SEQUENCE",
        "params": [{
            "datatype": "collection",
            "name": "eventobject"
        }],
        "contextObj": {
            "name": "frmRotation",
            "type": "forms",
            "platform": "",
            "KUID": "a0e0c3b5e4f543e08f5ba6b6859eb1a5"
        },
        "language": "js",
        "actions": [{
            "id": "ADD_SNIPPET__a0b07f07d3de4f228d7bee0b666b5224",
            "type": "ADD_SNIPPET",
            "codeSnippet": "this.addRotateGesture();",
            "parentId": null,
            "callbackType": null
        }]
    }
}