{
    "AS_Form_b3014e9b68f8468f8996b45912115a63": {
        "id": "AS_Form_b3014e9b68f8468f8996b45912115a63",
        "type": "ACTION_SEQUENCE",
        "params": [{
            "datatype": "collection",
            "name": "eventobject"
        }],
        "contextObj": {
            "name": "frmSwipe",
            "type": "forms",
            "platform": null,
            "KUID": "aa8d0b6fcb494f0ca9bb4dd6da0f50a0"
        },
        "language": "js",
        "actions": [{
            "id": "ADD_SNIPPET__h720bc3214af4257a4051d4481534ead",
            "type": "ADD_SNIPPET",
            "codeSnippet": "this.view.lblGesture.text=\"Verify Swipe gesture in four directions in below container\";\nthis.view.imgGes.src=\"arrow4.png\";\nthis.addSwipeGesture();\n",
            "parentId": null,
            "callbackType": null
        }]
    }
}