{
    "AS_ListBox_e6cfb6471aa64ab9a125bdf0f57d6089": {
        "id": "AS_ListBox_e6cfb6471aa64ab9a125bdf0f57d6089",
        "type": "ACTION_SEQUENCE",
        "params": [{
            "datatype": "collection",
            "name": "eventobject"
        }],
        "contextObj": {
            "name": "frmLongPress",
            "type": "forms",
            "platform": null,
            "KUID": "b2810d7389304a0fad6d5f6266c8748d"
        },
        "language": "js",
        "actions": [{
            "id": "ADD_SNIPPET__d12f070f12af4c31b9c3da6e03b16ea0",
            "type": "ADD_SNIPPET",
            "codeSnippet": "this.view.FlexContainer0e9c0b42fdc6949.removeGestureRecognizer(gesturehandle);\nthis.addLongPressGesture();",
            "parentId": null,
            "callbackType": null
        }]
    }
}