{
    "@class": "com.kony.gen.viz.model.component.KVizButton",
    "DNDConfig": null,
    "__parentReadjusting__": false,
    "_height_": {
        "type": "number",
        "value": "50"
    },
    "_left_": {
        "type": "string",
        "value": "9.89%"
    },
    "_margin_": [
        6,
        6,
        6,
        6
    ],
    "_padding_": [
        0,
        0,
        0,
        0
    ],
    "_skin_": "sf0fbf9b3690443f8e7b1266405608f9",
    "_text_": "Confirmation",
    "_top_": {
        "type": "string",
        "value": "10%"
    },
    "_width_": {
        "type": "string",
        "value": "300dp"
    },
    "canUpdateUI": true,
    "centerx": {
        "type": "string",
        "value": "50%"
    },
    "containerweight": 100,
    "contentalignment": 5,
    "displaytext": true,
    "focusskin": "s578482b7d0340fbbd1dfdd5bab50167",
    "id": "btnConfirmation",
    "info": null,
    "iscustomlayout": false,
    "isvisible": true,
    "kuid": "j45fc56f8ead4d4fa8043519754d202b",
    "name": "kony.ui.Button",
    "onclick": "AS_Button_d56118068ce24deeab5a1878718ca769",
    "parent": "flxBody",
    "pf": "Form1",
    "retaincontentalignment": false,
    "retainflexpositionproperties": false,
    "wType": "Button",
    "zindex": 1
}