{
    "@class": "com.kony.gen.viz.model.component.KVizButton",
    "DNDConfig": null,
    "__parentReadjusting__": false,
    "_height_": {
        "type": "string",
        "value": "50dp"
    },
    "_left_": {
        "type": "string",
        "value": "9.88%"
    },
    "_margin_": [
        6,
        6,
        6,
        6
    ],
    "_padding_": [
        0,
        0,
        0,
        0
    ],
    "_skin_": "s2e6dd3b54b548498a325c1099e78dc3",
    "_text_": "Error",
    "_top_": {
        "type": "string",
        "value": "36.12%"
    },
    "_width_": {
        "type": "string",
        "value": "300dp"
    },
    "canUpdateUI": true,
    "centerx": {
        "type": "string",
        "value": "50%"
    },
    "containerweight": 100,
    "contentalignment": 5,
    "displaytext": true,
    "focusskin": "s578482b7d0340fbbd1dfdd5bab50167",
    "id": "btnError",
    "info": null,
    "iscustomlayout": false,
    "isvisible": true,
    "kuid": "dfdbd234563a4727bdd774d1ba93d56f",
    "name": "kony.ui.Button",
    "onclick": "AS_Button_fcbefea08e0d4a229d5880ccd9880991",
    "parent": "flxBody",
    "pf": "Form1",
    "retaincontentalignment": false,
    "retainflexpositionproperties": false,
    "wType": "Button",
    "zindex": 1
}