{
    "@class": "com.kony.gen.viz.model.component.KVizButton",
    "DNDConfig": null,
    "__parentReadjusting__": false,
    "_height_": {
        "type": "string",
        "value": "50dp"
    },
    "_left_": {
        "type": "string",
        "value": "9.80%"
    },
    "_margin_": [
        6,
        6,
        6,
        6
    ],
    "_padding_": [
        0,
        0,
        0,
        0
    ],
    "_skin_": "s5dfa14725df44ae92c7d0f05c561176",
    "_text_": "Information",
    "_top_": {
        "type": "string",
        "value": "22.92%"
    },
    "_width_": {
        "type": "string",
        "value": "300dp"
    },
    "canUpdateUI": true,
    "centerx": {
        "type": "string",
        "value": "50%"
    },
    "containerweight": 100,
    "contentalignment": 5,
    "displaytext": true,
    "focusskin": "s578482b7d0340fbbd1dfdd5bab50167",
    "id": "btnInformation",
    "info": null,
    "iscustomlayout": false,
    "isvisible": true,
    "kuid": "e2cc7d49fcf74a06b92371765706a877",
    "name": "kony.ui.Button",
    "onclick": "AS_Button_e94edc39b8b549a997fd8117688feb4c",
    "parent": "flxBody",
    "pf": "Form1",
    "retaincontentalignment": false,
    "retainflexpositionproperties": false,
    "wType": "Button",
    "zindex": 1
}