{
  "android": {
    "background_color": "ff8c00ff",
    "bg_type": "one",
    "border_color": "ff8c00ff",
    "border_radius": 8,
    "border_style": "custom",
    "border_type": 0,
    "border_width": 1,
    "font_size": 70,
    "isForked": true,
    "text_shadow": {
      "br": 0,
      "color": "000000",
      "nm": 0,
      "x": 1,
      "y": 1
    }
  },
  "background_color": "ff8c00ff",
  "bg_type": "one",
  "border_color": "424242ff",
  "border_style": "plain",
  "border_type": 0,
  "border_width": 0,
  "desktopweb": {
    "background_color": "ff8c00ff",
    "bg_type": "one",
    "border_type": 0,
    "bottom_left_border_color": "ff8c00ff",
    "bottom_left_border_radius": "8",
    "bottom_left_border_style": "rc",
    "bottom_left_border_width": "1",
    "bottom_right_border_color": "ff8c00ff",
    "bottom_right_border_radius": "8",
    "bottom_right_border_style": "rc",
    "bottom_right_border_width": "1",
    "font_size": 70,
    "isForked": true,
    "text_shadow": {
      "br": 0,
      "color": "000000",
      "nm": 0,
      "x": 1,
      "y": 1
    },
    "top_left_border_color": "ff8c00ff",
    "top_left_border_radius": "8",
    "top_left_border_style": "rc",
    "top_left_border_width": "1",
    "top_right_border_color": "ff8c00ff",
    "top_right_border_radius": "8",
    "top_right_border_style": "rc",
    "top_right_border_width": "1"
  },
  "fontSizeInPx": false,
  "font_color": "ffffffff",
  "font_name": "Helvetica",
  "font_size": 80,
  "font_style": "normal",
  "font_weight": "normal",
  "ipad": {
    "background_color": "ff8c00ff",
    "bg_type": "one",
    "border_color": "ff8c00ff",
    "border_radius": 8,
    "border_style": "custom",
    "border_type": 0,
    "border_width": 1,
    "font_size": 70,
    "isForked": true,
    "text_shadow": {
      "br": 0,
      "color": "000000",
      "nm": 0,
      "x": 1,
      "y": 1
    }
  },
  "iphone": {
    "background_color": "ff8c00ff",
    "bg_type": "one",
    "border_color": "ff8c00ff",
    "border_radius": 8,
    "border_style": "custom",
    "border_type": 0,
    "border_width": 1,
    "font_size": 70,
    "isForked": true,
    "text_shadow": {
      "br": 0,
      "color": "000000",
      "nm": 0,
      "x": 1,
      "y": 1
    }
  },
  "isDefaultSkin": false,
  "kiosk": {
    "background_color": "ff8c00ff",
    "bg_type": "one",
    "border_color": "ff8c00ff",
    "border_radius": 8,
    "border_style": "custom",
    "border_type": 0,
    "border_width": 1,
    "font_size": 70,
    "isForked": true
  },
  "kuid": "s81a20846c96401b9c67ceb939d9073c",
  "spaan": {
    "background_color": "ff8c00ff",
    "bg_type": "one",
    "border_type": 0,
    "bottom_left_border_color": "ff8c00ff",
    "bottom_left_border_radius": "8",
    "bottom_left_border_style": "rc",
    "bottom_left_border_width": "1",
    "bottom_right_border_color": "ff8c00ff",
    "bottom_right_border_radius": "8",
    "bottom_right_border_style": "rc",
    "bottom_right_border_width": "1",
    "font_size": 70,
    "isForked": true,
    "text_shadow": {
      "br": 0,
      "color": "000000",
      "nm": 0,
      "x": 1,
      "y": 1
    },
    "top_left_border_color": "ff8c00ff",
    "top_left_border_radius": "8",
    "top_left_border_style": "rc",
    "top_left_border_width": "1",
    "top_right_border_color": "ff8c00ff",
    "top_right_border_radius": "8",
    "top_right_border_style": "rc",
    "top_right_border_width": "1"
  },
  "spaandroidtablet": {
    "background_color": "ff8c00ff",
    "bg_type": "one",
    "border_type": 0,
    "bottom_left_border_color": "ff8c00ff",
    "bottom_left_border_radius": "8",
    "bottom_left_border_style": "rc",
    "bottom_left_border_width": "1",
    "bottom_right_border_color": "ff8c00ff",
    "bottom_right_border_radius": "8",
    "bottom_right_border_style": "rc",
    "bottom_right_border_width": "1",
    "font_size": 70,
    "isForked": true,
    "text_shadow": {
      "br": 0,
      "color": "000000",
      "nm": 0,
      "x": 1,
      "y": 1
    },
    "top_left_border_color": "ff8c00ff",
    "top_left_border_radius": "8",
    "top_left_border_style": "rc",
    "top_left_border_width": "1",
    "top_right_border_color": "ff8c00ff",
    "top_right_border_radius": "8",
    "top_right_border_style": "rc",
    "top_right_border_width": "1"
  },
  "spabb": {
    "background_color": "ff8c00ff",
    "bg_type": "one",
    "border_type": 0,
    "bottom_left_border_color": "ff8c00ff",
    "bottom_left_border_radius": "8",
    "bottom_left_border_style": "rc",
    "bottom_left_border_width": "1",
    "bottom_right_border_color": "ff8c00ff",
    "bottom_right_border_radius": "8",
    "bottom_right_border_style": "rc",
    "bottom_right_border_width": "1",
    "font_size": 70,
    "isForked": true,
    "text_shadow": {
      "br": 0,
      "color": "000000",
      "nm": 0,
      "x": 1,
      "y": 1
    },
    "top_left_border_color": "ff8c00ff",
    "top_left_border_radius": "8",
    "top_left_border_style": "rc",
    "top_left_border_width": "1",
    "top_right_border_color": "ff8c00ff",
    "top_right_border_radius": "8",
    "top_right_border_style": "rc",
    "top_right_border_width": "1"
  },
  "spaip": {
    "background_color": "ff8c00ff",
    "bg_type": "one",
    "border_type": 0,
    "bottom_left_border_color": "ff8c00ff",
    "bottom_left_border_radius": "8",
    "bottom_left_border_style": "rc",
    "bottom_left_border_width": "1",
    "bottom_right_border_color": "ff8c00ff",
    "bottom_right_border_radius": "8",
    "bottom_right_border_style": "rc",
    "bottom_right_border_width": "1",
    "font_size": 70,
    "isForked": true,
    "text_shadow": {
      "br": 0,
      "color": "000000",
      "nm": 0,
      "x": 1,
      "y": 1
    },
    "top_left_border_color": "ff8c00ff",
    "top_left_border_radius": "8",
    "top_left_border_style": "rc",
    "top_left_border_width": "1",
    "top_right_border_color": "ff8c00ff",
    "top_right_border_radius": "8",
    "top_right_border_style": "rc",
    "top_right_border_width": "1"
  },
  "spaipad": {
    "background_color": "ff8c00ff",
    "bg_type": "one",
    "border_type": 0,
    "bottom_left_border_color": "ff8c00ff",
    "bottom_left_border_radius": "8",
    "bottom_left_border_style": "rc",
    "bottom_left_border_width": "1",
    "bottom_right_border_color": "ff8c00ff",
    "bottom_right_border_radius": "8",
    "bottom_right_border_style": "rc",
    "bottom_right_border_width": "1",
    "font_size": 70,
    "isForked": true,
    "text_shadow": {
      "br": 0,
      "color": "000000",
      "nm": 0,
      "x": 1,
      "y": 1
    },
    "top_left_border_color": "ff8c00ff",
    "top_left_border_radius": "8",
    "top_left_border_style": "rc",
    "top_left_border_width": "1",
    "top_right_border_color": "ff8c00ff",
    "top_right_border_radius": "8",
    "top_right_border_style": "rc",
    "top_right_border_width": "1"
  },
  "spawindowstablet": {
    "background_color": "ff8c00ff",
    "bg_type": "one",
    "border_type": 0,
    "bottom_left_border_color": "ff8c00ff",
    "bottom_left_border_radius": "8",
    "bottom_left_border_style": "rc",
    "bottom_left_border_width": "1",
    "bottom_right_border_color": "ff8c00ff",
    "bottom_right_border_radius": "8",
    "bottom_right_border_style": "rc",
    "bottom_right_border_width": "1",
    "font_size": 70,
    "isForked": true,
    "text_shadow": {
      "br": 0,
      "color": "000000",
      "nm": 0,
      "x": 1,
      "y": 1
    },
    "top_left_border_color": "ff8c00ff",
    "top_left_border_radius": "8",
    "top_left_border_style": "rc",
    "top_left_border_width": "1",
    "top_right_border_color": "ff8c00ff",
    "top_right_border_radius": "8",
    "top_right_border_style": "rc",
    "top_right_border_width": "1"
  },
  "spawinphone8": {
    "background_color": "ff8c00ff",
    "bg_type": "one",
    "border_type": 0,
    "bottom_left_border_color": "ff8c00ff",
    "bottom_left_border_radius": "8",
    "bottom_left_border_style": "rc",
    "bottom_left_border_width": "1",
    "bottom_right_border_color": "ff8c00ff",
    "bottom_right_border_radius": "8",
    "bottom_right_border_style": "rc",
    "bottom_right_border_width": "1",
    "font_size": 70,
    "isForked": true,
    "text_shadow": {
      "br": 0,
      "color": "000000",
      "nm": 0,
      "x": 1,
      "y": 1
    },
    "top_left_border_color": "ff8c00ff",
    "top_left_border_radius": "8",
    "top_left_border_style": "rc",
    "top_left_border_width": "1",
    "top_right_border_color": "ff8c00ff",
    "top_right_border_radius": "8",
    "top_right_border_style": "rc",
    "top_right_border_width": "1"
  },
  "tabrcandroid": {
    "background_color": "ff8c00ff",
    "bg_type": "one",
    "border_color": "ff8c00ff",
    "border_radius": 8,
    "border_style": "custom",
    "border_type": 0,
    "border_width": 1,
    "font_size": 70,
    "isForked": true,
    "text_shadow": {
      "br": 0,
      "color": "000000",
      "nm": 0,
      "x": 1,
      "y": 1
    }
  },
  "wType": "Label",
  "watchos": {
    "font_size": 70,
    "isForked": true
  },
  "windows8": {
    "background_color": "ff8c00ff",
    "bg_type": "one",
    "border_color": "ff8c00ff",
    "border_radius": 8,
    "border_style": "custom",
    "border_type": 0,
    "border_width": 1,
    "font_size": 70,
    "isForked": true
  },
  "winphone8": {
    "background_color": "ff8c00ff",
    "bg_type": "one",
    "border_color": "ff8c00ff",
    "border_radius": 8,
    "border_style": "custom",
    "border_type": 0,
    "border_width": 1,
    "font_size": 70,
    "isForked": true
  }
}