{
    "AS_Button_f502a704226e447382abfcf07f59cc6a": {
        "id": "AS_Button_f502a704226e447382abfcf07f59cc6a",
        "type": "ACTION_SEQUENCE",
        "params": [{
            "datatype": "collection",
            "name": "eventobject"
        }],
        "contextObj": {
            "name": "frmHome",
            "type": "forms",
            "platform": "",
            "KUID": "e98fe69de9c74bd8af2b3306e434f462"
        },
        "language": "js",
        "actions": [{
            "id": "INVOKE_FUNCTION___e137c32c4a5d4d43b0c48f27b5d36e5f",
            "type": "INVOKE_FUNCTION",
            "sequenceKUID": "setCurrentTheme",
            "display": "setCurrentTheme",
            "inputparams": [],
            "parentId": null,
            "callbackType": null,
            "disabled": null,
            "source": "controller"
        }, {
            "id": "NAVIGATE_TO_FORM___f71069d41bdf4f2795d16c75578ab3bd",
            "type": "NAVIGATE_TO_FORM",
            "formId": "Form2",
            "formKUID": "f90b2d5b33694eecbb4244ecca944164",
            "mappings": {},
            "mappingsOrder": [],
            "parentId": "",
            "callbackType": null,
            "enableMappingEditor": true,
            "package": "",
            "navigationObj": "{\n    \"_meta_\": {\n        \"eventName\": \"\",\n        \"widgetId\": \"\"\n    }\n}",
            "isCustomInput": false
        }]
    }
}