{
    "AS_Button_f48239a3fb4349ab9a536e0b94baa258": {
        "id": "AS_Button_f48239a3fb4349ab9a536e0b94baa258",
        "type": "ACTION_SEQUENCE",
        "params": [{
            "datatype": "collection",
            "name": "eventobject"
        }],
        "contextObj": {
            "name": "frmHome",
            "type": "forms",
            "platform": "",
            "KUID": "e98fe69de9c74bd8af2b3306e434f462"
        },
        "language": "js",
        "actions": [{
            "id": "INVOKE_FUNCTION___b5724c0bfac04724b9a3b8504be44b79",
            "type": "INVOKE_FUNCTION",
            "sequenceKUID": "isThemePresent",
            "display": "isThemePresent",
            "inputparams": [],
            "parentId": null,
            "callbackType": null,
            "disabled": null,
            "source": "controller"
        }]
    }
}