{
    "AS_Button_a0d3e42a79c649b4b5d1ef5c4ae9946a": {
        "id": "AS_Button_a0d3e42a79c649b4b5d1ef5c4ae9946a",
        "type": "ACTION_SEQUENCE",
        "params": [{
            "datatype": "collection",
            "name": "eventobject"
        }],
        "contextObj": {
            "name": "frmHome",
            "type": "forms",
            "platform": "",
            "KUID": "e98fe69de9c74bd8af2b3306e434f462"
        },
        "language": "js",
        "actions": [{
            "id": "INVOKE_FUNCTION___b89da63ef483483da22febf693312822",
            "type": "INVOKE_FUNCTION",
            "sequenceKUID": "getAllThemes",
            "display": "getAllThemes",
            "inputparams": [],
            "parentId": null,
            "callbackType": null,
            "disabled": null,
            "source": "controller"
        }]
    }
}