{
    "AS_Button_c3cb09aaa7004e0ab437a38786eec5e4": {
        "id": "AS_Button_c3cb09aaa7004e0ab437a38786eec5e4",
        "type": "ACTION_SEQUENCE",
        "params": [{
            "datatype": "collection",
            "name": "eventobject"
        }],
        "contextObj": {
            "name": "frmHome",
            "type": "forms",
            "platform": "",
            "KUID": "e98fe69de9c74bd8af2b3306e434f462"
        },
        "language": "js",
        "actions": [{
            "id": "INVOKE_FUNCTION___e860473b18264b778d5cac8676452ddc",
            "type": "INVOKE_FUNCTION",
            "sequenceKUID": "getCurrentThemeData",
            "display": "getCurrentThemeData",
            "inputparams": [],
            "parentId": null,
            "callbackType": null,
            "disabled": null,
            "source": "controller"
        }]
    }
}