{
    "AS_Button_ce89b743c6384bb6b13455ae3fb16bf3": {
        "id": "AS_Button_ce89b743c6384bb6b13455ae3fb16bf3",
        "type": "ACTION_SEQUENCE",
        "params": [{
            "datatype": "collection",
            "name": "eventobject"
        }],
        "contextObj": {
            "name": "frmHome",
            "type": "forms",
            "platform": null,
            "KUID": "e98fe69de9c74bd8af2b3306e434f462"
        },
        "language": "js",
        "actions": [{
            "id": "INVOKE_FUNCTION___a4a35a88bab64c918a29c17bfb7b032d",
            "type": "INVOKE_FUNCTION",
            "display": "createThemeJSONString",
            "inputparams": [],
            "parentId": null,
            "callbackType": null,
            "disabled": null,
            "source": "controller"
        }]
    }
}