{
    "AS_Button_f4dbf09a8a8c4eeea714ca11342ffdfb": {
        "id": "AS_Button_f4dbf09a8a8c4eeea714ca11342ffdfb",
        "type": "ACTION_SEQUENCE",
        "params": [{
            "datatype": "collection",
            "name": "eventobject"
        }],
        "contextObj": {
            "name": "frmHome",
            "type": "forms",
            "platform": "",
            "KUID": "e98fe69de9c74bd8af2b3306e434f462"
        },
        "language": "js",
        "actions": [{
            "id": "INVOKE_FUNCTION___bbc76eafdd3a43c0aaa8945aeafe3136",
            "type": "INVOKE_FUNCTION",
            "sequenceKUID": "deleteTheme",
            "display": "deleteTheme",
            "inputparams": [],
            "parentId": null,
            "callbackType": null,
            "disabled": null,
            "source": "controller"
        }]
    }
}