{
    "AS_Button_f6b38962df514ee689b76a6c38eebb40": {
        "id": "AS_Button_f6b38962df514ee689b76a6c38eebb40",
        "type": "ACTION_SEQUENCE",
        "params": [{
            "datatype": "collection",
            "name": "eventobject"
        }],
        "contextObj": {
            "name": "frmHome",
            "type": "forms",
            "platform": "",
            "KUID": "e98fe69de9c74bd8af2b3306e434f462"
        },
        "language": "js",
        "actions": [{
            "id": "INVOKE_FUNCTION___b0ee93a29c0741f98a6b5f1e35fe06b2",
            "type": "INVOKE_FUNCTION",
            "sequenceKUID": "getCurrentTheme",
            "display": "getCurrentTheme",
            "inputparams": [],
            "parentId": null,
            "callbackType": null,
            "disabled": null,
            "source": "controller"
        }]
    }
}