{
    "AS_Form_f28fcd02507b4af49e7a60771026d5ab": {
        "id": "AS_Form_f28fcd02507b4af49e7a60771026d5ab",
        "type": "ACTION_SEQUENCE",
        "params": [{
            "datatype": "collection",
            "name": "eventobject"
        }],
        "contextObj": {
            "name": "Form2",
            "type": "forms",
            "platform": null,
            "KUID": "f90b2d5b33694eecbb4244ecca944164"
        },
        "language": "js",
        "actions": [{
            "id": "ADD_SNIPPET__b112d565ff9a47a48586cdfa9650f5ae",
            "type": "ADD_SNIPPET",
            "codeSnippet": "kony.application.destroyForm(\"Form1\");",
            "parentId": null,
            "callbackType": null
        }, {
            "id": "NAVIGATE_TO_FORM___ff33739213d9440092f085ded5935f47",
            "type": "NAVIGATE_TO_FORM",
            "formId": "frmHome",
            "formKUID": "e98fe69de9c74bd8af2b3306e434f462",
            "mappings": {},
            "mappingsOrder": [],
            "parentId": "",
            "callbackType": null,
            "enableMappingEditor": true,
            "package": "",
            "navigationObj": "{\n    \"_meta_\": {\n        \"eventName\": \"postShow\",\n        \"widgetId\": \"Form2\"\n    }\n}",
            "isCustomInput": false
        }]
    }
}