{
    "AS_ListBox_jf1a4b62f50d47aca1e9779c09ea90c9": {
        "id": "AS_ListBox_jf1a4b62f50d47aca1e9779c09ea90c9",
        "type": "ACTION_SEQUENCE",
        "params": [{
            "datatype": "collection",
            "name": "eventobject"
        }],
        "contextObj": {
            "name": "frmHome",
            "type": "forms",
            "platform": "",
            "KUID": "e98fe69de9c74bd8af2b3306e434f462"
        },
        "language": "js",
        "actions": [{
            "id": "INVOKE_FUNCTION___bc2282cb52794e0eb1139f3fde5ad4dd",
            "type": "INVOKE_FUNCTION",
            "sequenceKUID": "setCurrentTheme",
            "display": "setCurrentTheme",
            "inputparams": [],
            "parentId": null,
            "callbackType": null,
            "disabled": null,
            "source": "controller"
        }]
    }
}