{
    "DNDConfig": null,
    "__parentReadjusting__": false,
    "_height_": {
        "type": "string",
        "value": "100%"
    },
    "_left_": {
        "type": "string",
        "value": "0dp"
    },
    "_margin_": [
        0,
        0,
        0,
        0
    ],
    "_orientation_": 6,
    "_padding_": [
        0,
        0,
        0,
        0
    ],
    "_percent_": true,
    "_skin_": "sda2776a088e47218ed607c7942c64d4",
    "_top_": {
        "type": "string",
        "value": "0dp"
    },
    "_width_": {
        "type": "string",
        "value": "100%"
    },
    "allboxes": [],
    "autogrowmode": 0,
    "canUpdateUI": true,
    "children": [
        "flxDescription",
        "flxImgContainer"
    ],
    "clipbounds": true,
    "containerId": true,
    "containerweight": 100,
    "controllerInfo": {
        "default": {
            "channel": "mobile",
            "name": "flxFullSplashScreenController"
        }
    },
    "enablescrolling": true,
    "id": "flxFullSplashScreen",
    "info": null,
    "isTemplate": true,
    "isvisible": true,
    "kuid": "fb9fbc08870c4351ad7cb6cdeaa0129f",
    "layouttype": 4,
    "name": "kony.ui.FlexContainer",
    "parent": "segSplash",
    "pf": "segSplash",
    "snapgridsize": 10,
    "snaptogrid": true,
    "wType": "FlexContainer",
    "widgetalignment": 1,
    "zindex": 1
}