{
    "@class": "com.kony.gen.viz.model.component.KVizRichText",
    "DNDConfig": null,
    "__parentReadjusting__": false,
    "_height_": {
        "type": "string",
        "value": "58%"
    },
    "_left_": {
        "type": "string",
        "value": "0%"
    },
    "_margin_": [
        0,
        0,
        0,
        0
    ],
    "_padding_": [
        0,
        0,
        0,
        0
    ],
    "_skin_": "s75812cb67f44dd0a068de60adc44c67",
    "_text_": "RichText",
    "_top_": {
        "type": "string",
        "value": "39.97%"
    },
    "_width_": {
        "type": "string",
        "value": "90%"
    },
    "_wrapping_": 2,
    "canUpdateUI": true,
    "centerx": {
        "type": "string",
        "value": "50.03%"
    },
    "containerId": true,
    "containerweight": 100,
    "contentalignment": 5,
    "id": "lblSplashDesc",
    "info": null,
    "isvisible": true,
    "kuid": "a3bc7bce0c85401d822c008814c4204d",
    "name": "kony.ui.RichText",
    "parent": "flxDescription",
    "pf": "segSplash",
    "wType": "RichText",
    "watchos": {
        "render": false
    },
    "widgetalignment": 5,
    "windows10": {
        "render": false
    },
    "winphone10": {
        "render": false
    },
    "zindex": 1
}