{
    "@class": "com.kony.gen.viz.model.component.KVizButton",
    "DNDConfig": null,
    "__parentReadjusting__": false,
    "_height_": {
        "type": "string",
        "value": "50dp"
    },
    "_left_": {
        "type": "string",
        "value": "267dp"
    },
    "_margin_": [
        6,
        6,
        6,
        6
    ],
    "_padding_": [
        0,
        0,
        0,
        0
    ],
    "_skin_": "sf7704c2ef684b369f0161ebe07cbb9a",
    "_text_": "Remove Drag Interaction",
    "_top_": {
        "type": "string",
        "value": "44.71%"
    },
    "_width_": {
        "type": "string",
        "value": "40%"
    },
    "canUpdateUI": true,
    "centerx": {
        "type": "string",
        "value": "51.44%"
    },
    "containerweight": 100,
    "contentalignment": 5,
    "displaytext": true,
    "focusskin": "s009f21fd6e7437c9177c46550929a1e",
    "id": "btnRemoveDrag",
    "info": null,
    "isvisible": true,
    "kuid": "h0e19a24a1d64b32a6023acd7b9de8e6",
    "name": "kony.ui.Button",
    "onclick": "AS_Button_b33c5c9b1b024100875de3d7fdff61cd",
    "parent": "FlexGroup0a11ff7ad9baf46",
    "pf": "frmHome",
    "wType": "Button",
    "zindex": 1
}