{
    "@class": "com.kony.gen.viz.model.component.KVizButton",
    "DNDConfig": null,
    "__parentReadjusting__": false,
    "_height_": {
        "type": "string",
        "value": "50dp"
    },
    "_left_": {
        "type": "string",
        "value": "264dp"
    },
    "_margin_": [
        6,
        6,
        6,
        6
    ],
    "_padding_": [
        0,
        0,
        0,
        0
    ],
    "_skin_": "s4d0898a2328499fba4f0f1def364256",
    "_text_": "Remove Drop Interaction",
    "_top_": {
        "type": "string",
        "value": "33.17%"
    },
    "_width_": {
        "type": "string",
        "value": "40%"
    },
    "canUpdateUI": true,
    "centerx": {
        "type": "string",
        "value": "51.43%"
    },
    "containerweight": 100,
    "contentalignment": 5,
    "displaytext": true,
    "focusskin": "s009f21fd6e7437c9177c46550929a1e",
    "id": "btnRemoveDrop",
    "info": null,
    "isvisible": true,
    "kuid": "j5bbc5752f35449aa566b95a9edfadd9",
    "name": "kony.ui.Button",
    "onclick": "AS_Button_a4080bb504ab49bdbbcd376160b45b19",
    "parent": "FlexGroup0a11ff7ad9baf46",
    "pf": "frmHome",
    "wType": "Button",
    "zindex": 1
}