{
    "@class": "com.kony.gen.viz.model.component.KVizButton",
    "DNDConfig": null,
    "__parentReadjusting__": false,
    "_height_": {
        "type": "string",
        "value": "50dp"
    },
    "_left_": {
        "type": "string",
        "value": "267dp"
    },
    "_margin_": [
        6,
        6,
        6,
        6
    ],
    "_padding_": [
        0,
        0,
        0,
        0
    ],
    "_skin_": "sf7704c2ef684b369f0161ebe07cbb9a",
    "_text_": "Reload",
    "_top_": {
        "type": "string",
        "value": "76.84%"
    },
    "_width_": {
        "type": "string",
        "value": "40%"
    },
    "canUpdateUI": true,
    "centerx": {
        "type": "string",
        "value": "49.99%"
    },
    "containerweight": 100,
    "contentalignment": 5,
    "displaytext": true,
    "focusskin": "s009f21fd6e7437c9177c46550929a1e",
    "id": "CopybtnRemoveDrag0c5f591df4d0d45",
    "info": null,
    "isvisible": true,
    "kuid": "a8c02c4563844ec79b7b26949afc309b",
    "name": "kony.ui.Button",
    "onclick": "AS_Button_c2270ffaa98d44bc9ebac94dc3ba7e51",
    "parent": "FlexGroup0a11ff7ad9baf46",
    "pf": "frmHome",
    "wType": "Button",
    "zindex": 1
}