{
    "@class": "com.kony.gen.viz.model.component.KVizImage2",
    "DNDConfig": null,
    "__parentReadjusting__": false,
    "_base64_": null,
    "_height_": {
        "type": "string",
        "value": "160dp"
    },
    "_left_": {
        "type": "string",
        "value": "310dp"
    },
    "_margin_": [
        0,
        0,
        0,
        0
    ],
    "_padding_": [
        0,
        0,
        0,
        0
    ],
    "_skin_": "s0443494abba444180ed2f80b34d87fe",
    "_src_": "puppy.png",
    "_top_": {
        "type": "string",
        "value": "11.58%"
    },
    "_width_": {
        "type": "string",
        "value": "210dp"
    },
    "canUpdateUI": true,
    "centerx": {
        "type": "string",
        "value": "50.02%"
    },
    "containerweight": 100,
    "context": {
        "channel": "tablet",
        "formID": "Form9",
        "platform": "ipad",
        "templateType": "forms",
        "topLevelBox": null
    },
    "id": "img1",
    "imagescalemode": 1,
    "info": null,
    "invokedProperty": "src",
    "isvisible": true,
    "kuid": "c28241a789c047ddbee2f1ff1fedc6e1",
    "name": "kony.ui.Image2",
    "ondownloadcomplete": "AS_Image_fe9cf1088ae344b7af5ccb86af50cd75",
    "parent": "FlexGroup0a11ff7ad9baf46",
    "pf": "frmHome",
    "srcType": 1,
    "wType": "Image",
    "widgetalignment": 5,
    "zindex": 1
}