{
    "@class": "com.kony.gen.viz.model.component.KVizImage2",
    "DNDConfig": null,
    "__parentReadjusting__": false,
    "_base64_": null,
    "_height_": {
        "type": "string",
        "value": "185dp"
    },
    "_left_": {
        "type": "string",
        "value": "324dp"
    },
    "_margin_": [
        0,
        0,
        0,
        0
    ],
    "_padding_": [
        0,
        0,
        0,
        0
    ],
    "_skin_": "s0443494abba444180ed2f80b34d87fe",
    "_src_": "drophere.png",
    "_top_": {
        "type": "string",
        "value": "55.79%"
    },
    "_width_": {
        "type": "string",
        "value": "210dp"
    },
    "canUpdateUI": true,
    "centerx": {
        "type": "string",
        "value": "49.98%"
    },
    "containerweight": 100,
    "context": {
        "channel": "tablet",
        "formID": "Form9",
        "platform": "ipad",
        "templateType": "forms",
        "topLevelBox": null
    },
    "id": "img2",
    "imagescalemode": 1,
    "info": null,
    "invokedProperty": "src",
    "isvisible": true,
    "kuid": "e600eb15a5714b91b1eb5e263dbe60f2",
    "name": "kony.ui.Image2",
    "parent": "FlexGroup0a11ff7ad9baf46",
    "pf": "frmHome",
    "srcType": 1,
    "wType": "Image",
    "widgetalignment": 5,
    "zindex": 1
}