{
    "@class": "com.kony.gen.viz.model.component.KVizButton",
    "DNDConfig": null,
    "__parentReadjusting__": false,
    "_height_": {
        "type": "string",
        "value": "50dp"
    },
    "_left_": {
        "type": "string",
        "value": "29dp"
    },
    "_margin_": [
        6,
        6,
        6,
        6
    ],
    "_padding_": [
        0,
        0,
        0,
        0
    ],
    "_skin_": "s3a699b9ceae49a3828193d6cba86192",
    "_text_": "Set Appsettings",
    "_top_": {
        "type": "string",
        "value": "20dp"
    },
    "_width_": {
        "type": "string",
        "value": "300dp"
    },
    "canUpdateUI": true,
    "centerx": {
        "type": "string",
        "value": "50.00%"
    },
    "containerweight": 100,
    "contentalignment": 5,
    "displaytext": true,
    "focusskin": "s3a699b9ceae49a3828193d6cba86192",
    "id": "btnSetAppSetngs",
    "info": null,
    "iscustomlayout": false,
    "isvisible": true,
    "kuid": "bbfb94d36b6442e2b420d88b005ca8c5",
    "name": "kony.ui.Button",
    "onclick": "AS_Button_a289ad0d5cf34d1aaa70203c496dd41d",
    "parent": "frmAppSetWrite",
    "pf": "frmAppSetWrite",
    "retaincontentalignment": false,
    "retainflexpositionproperties": false,
    "wType": "Button",
    "zindex": 1
}