{
    "@class": "com.kony.gen.viz.model.component.KVizButton",
    "DNDConfig": null,
    "__parentReadjusting__": false,
    "_height_": {
        "type": "string",
        "value": "100%"
    },
    "_left_": {
        "type": "string",
        "value": "0dp"
    },
    "_margin_": [
        6,
        6,
        6,
        6
    ],
    "_padding_": [
        27,
        0,
        0,
        0
    ],
    "_skin_": "sfbaa226a11741d8850a4cbc3c53fe3a",
    "_text_": "Back",
    "_top_": {
        "type": "string",
        "value": "0dp"
    },
    "_width_": {
        "type": "string",
        "value": "76dp"
    },
    "android": {
        "displayText": false
    },
    "canUpdateUI": true,
    "containerweight": 100,
    "contentalignment": 4,
    "displaytext": true,
    "focusskin": "sf1bb5959c6545f3896164f862420d4c",
    "id": "headerButtonLeft",
    "info": null,
    "iphone": {
        "padding": [
            27,
            0,
            0,
            0
        ],
        "paddingInPixel": true
    },
    "isvisible": true,
    "kuid": "j4adbd0dbcfc4f67a146b6a604336ef1",
    "masterType": 1,
    "name": "kony.ui.Button",
    "onclick": "AS_Button_a8efd16b3bc9418eae93970fbde84c43",
    "paddingLocked": false,
    "paddinginpixel": false,
    "parent": "headerContainer25",
    "pf": "frmAppSetWrite",
    "wType": "Button",
    "zindex": 1
}