{
    "android": {
        "background_image": "ic_add_48px.png",
        "bg_type": "image",
        "font_name": "default"
    },
    "androidwearos": {
        "font_name": "default"
    },
    "background_image": "ic_add_48px.png",
    "bg_type": "image",
    "border_color": "ffffffff",
    "border_style": "plain",
    "border_type": 0,
    "border_width": 0,
    "desktopweb": {
        "font_name": "Helvetica"
    },
    "font_color": "ffffffff",
    "font_name": "iphoneSystem",
    "font_size": 150,
    "font_style": "normal",
    "font_weight": "normal",
    "ipad": {
        "font_name": "System"
    },
    "iphone": {
        "background_image": "ic_add_48px.png",
        "bg_type": "image",
        "font_name": "System"
    },
    "isDefaultSkin": false,
    "kiosk": {
        "font_name": "None"
    },
    "kuid": "sceda34a38c24b7fa5373cf967376225",
    "spaan": {
        "font_name": "Helvetica"
    },
    "spaandroidtablet": {
        "font_name": "Helvetica"
    },
    "spaip": {
        "font_name": "Helvetica"
    },
    "spaipad": {
        "font_name": "Helvetica"
    },
    "spawindowstablet": {
        "font_name": "Helvetica"
    },
    "spawinphone8": {
        "font_name": "Helvetica"
    },
    "tabrcandroid": {
        "font_name": "default"
    },
    "wType": "Button",
    "watchos": {
        "font_name": "System"
    },
    "windows8": {
        "font_name": "None"
    },
    "winphone8": {
        "font_name": "None"
    }
}