{
    "android": {
        "font_name": "roboto.regular",
        "font_size": 100,
        "isForked": false
    },
    "androidwearos": {
        "font_name": "default",
        "font_size": 100,
        "isForked": false
    },
    "background_color": "f36c21ff",
    "bg_type": "one",
    "border_color": "ffffffff",
    "border_style": "rc",
    "border_type": 0,
    "border_width": 1,
    "desktopweb": {
        "font_name": "Helvetica",
        "font_size": 100,
        "isForked": false
    },
    "fontSizeInPx": false,
    "font_color": "ffffffff",
    "font_name": "iphoneSystem",
    "font_size": 100,
    "font_style": "normal",
    "font_weight": "normal",
    "ipad": {
        "font_name": "System",
        "font_size": 100,
        "isForked": false
    },
    "iphone": {
        "font_name": "System",
        "font_size": 100,
        "isForked": false
    },
    "isDefaultSkin": false,
    "kiosk": {
        "font_name": "None",
        "font_size": 100,
        "isForked": false
    },
    "kuid": "s5751c2a5fe64174a7bc63836d1ccfad",
    "spaan": {
        "font_name": "Helvetica",
        "font_size": 100,
        "isForked": false
    },
    "spaandroidtablet": {
        "font_name": "Helvetica",
        "font_size": 100,
        "isForked": false
    },
    "spaip": {
        "font_name": "Helvetica",
        "font_size": 100,
        "isForked": false
    },
    "spaipad": {
        "font_name": "Helvetica",
        "font_size": 100,
        "isForked": false
    },
    "spawindowstablet": {
        "font_name": "Helvetica",
        "font_size": 100,
        "isForked": false
    },
    "spawinphone8": {
        "font_name": "Helvetica",
        "font_size": 100,
        "isForked": false
    },
    "tabrcandroid": {
        "font_name": "default",
        "font_size": 100,
        "isForked": false
    },
    "wType": "Button",
    "watchos": {
        "font_name": "System",
        "font_size": 100,
        "isForked": false
    },
    "windows8": {
        "font_name": "None",
        "font_size": 100,
        "isForked": false
    },
    "winphone8": {
        "font_name": "None",
        "font_size": 100,
        "isForked": false
    }
}