{
    "android": {
        "font_name": "default",
        "font_size": 215,
        "isForked": false
    },
    "background_color": "fc1303ff",
    "bg_type": "one",
    "border_color": "424242ff",
    "border_style": "plain",
    "border_type": 0,
    "border_width": 0,
    "desktopweb": {
        "font_size": 215,
        "isForked": false
    },
    "fontSizeInPx": false,
    "font_color": "42424200",
    "font_name": "Helvetica",
    "font_size": 215,
    "font_style": "normal",
    "font_weight": "normal",
    "ipad": {
        "font_size": 215,
        "isForked": false
    },
    "iphone": {
        "font_name": "OpenSans-Regular",
        "font_size": 215,
        "isForked": false
    },
    "isDefaultSkin": false,
    "kiosk": {
        "font_size": 215,
        "isForked": false
    },
    "kuid": "s19f191aaaf6443baffa04ee1acec13e",
    "spaan": {
        "font_size": 215,
        "isForked": false
    },
    "spaandroidtablet": {
        "font_size": 215,
        "isForked": false
    },
    "spaip": {
        "font_size": 215,
        "isForked": false
    },
    "spaipad": {
        "font_size": 215,
        "isForked": false
    },
    "spawindowstablet": {
        "font_size": 215,
        "isForked": false
    },
    "spawinphone8": {
        "font_size": 215,
        "isForked": false
    },
    "tabrcandroid": {
        "font_size": 215,
        "isForked": false
    },
    "wType": "Label",
    "watchos": {
        "font_size": 215,
        "isForked": false
    },
    "windows8": {
        "font_size": 215,
        "isForked": false
    },
    "winphone8": {
        "font_size": 215,
        "isForked": false
    }
}