{
    "android": {
        "font_name": "default",
        "font_size": 107,
        "isForked": false
    },
    "background_color": "ffffff00",
    "bg_type": "one",
    "border_color": "282828ff",
    "border_style": "plain",
    "border_type": 0,
    "border_width": 0,
    "desktopweb": {
        "font_name": "Helvetica",
        "font_size": 107,
        "isForked": false
    },
    "fontSizeInPx": false,
    "font_color": "30363fff",
    "font_name": "Helvetica",
    "font_size": 107,
    "font_style": "normal",
    "font_weight": "normal",
    "ipad": {
        "font_name": "Helvetica",
        "font_size": 107,
        "isForked": false
    },
    "iphone": {
        "font_name": "OpenSans-Regular",
        "font_size": 107,
        "isForked": false
    },
    "isDefaultSkin": false,
    "kiosk": {
        "font_name": "GenericMonospace",
        "font_size": 107,
        "isForked": false
    },
    "kuid": "s8a26a0b78af4fac9967a35c9bb56a78",
    "spaan": {
        "font_name": "Helvetica",
        "font_size": 107,
        "isForked": false
    },
    "spaandroidtablet": {
        "font_name": "Helvetica",
        "font_size": 107,
        "isForked": false
    },
    "spaip": {
        "font_name": "Helvetica",
        "font_size": 107,
        "isForked": false
    },
    "spaipad": {
        "font_name": "Helvetica",
        "font_size": 107,
        "isForked": false
    },
    "spawindowstablet": {
        "font_name": "Helvetica",
        "font_size": 107,
        "isForked": false
    },
    "spawinphone8": {
        "font_name": "Helvetica",
        "font_size": 107,
        "isForked": false
    },
    "tabrcandroid": {
        "font_name": "Helvetica",
        "font_size": 107,
        "isForked": false
    },
    "wType": "TextField",
    "watchos": {
        "font_name": "Helvetica",
        "font_size": 107,
        "isForked": false
    },
    "windows8": {
        "font_name": "GenericMonospace",
        "font_size": 107,
        "isForked": false
    },
    "winphone8": {
        "font_name": "GenericMonospace",
        "font_size": 107,
        "isForked": false
    }
}