{
    "android": {
        "font_name": "roboto.regular",
        "font_size": 150,
        "isForked": false
    },
    "background_color": "00000000",
    "bg_type": "one",
    "border_color": "424242ff",
    "border_style": "plain",
    "border_type": 0,
    "border_width": 0,
    "desktopweb": {
        "font_name": "Helvetica",
        "font_size": 150,
        "isForked": false
    },
    "fontSizeInPx": false,
    "font_color": "343e48b2",
    "font_name": "Helvetica",
    "font_size": 150,
    "font_style": "normal",
    "font_weight": "normal",
    "ipad": {
        "font_name": "Helvetica",
        "font_size": 150,
        "isForked": false
    },
    "iphone": {
        "font_name": "SFUIDisplay-Regular",
        "font_size": 150,
        "isForked": false
    },
    "isDefaultSkin": false,
    "kiosk": {
        "font_name": "FontAwesome",
        "font_size": 150,
        "isForked": false
    },
    "kuid": "s75812cb67f44dd0a068de60adc44c67",
    "spaan": {
        "font_name": "Helvetica",
        "font_size": 150,
        "isForked": false
    },
    "spaandroidtablet": {
        "font_name": "Helvetica",
        "font_size": 150,
        "isForked": false
    },
    "spaip": {
        "font_name": "Helvetica",
        "font_size": 150,
        "isForked": false
    },
    "spaipad": {
        "font_name": "Helvetica",
        "font_size": 150,
        "isForked": false
    },
    "spawindowstablet": {
        "font_name": "Helvetica",
        "font_size": 150,
        "isForked": false
    },
    "spawinphone8": {
        "font_name": "Helvetica",
        "font_size": 150,
        "isForked": false
    },
    "tabrcandroid": {
        "font_name": "Helvetica",
        "font_size": 150,
        "isForked": false
    },
    "wType": "RichText",
    "watchos": {
        "font_name": "Helvetica",
        "font_size": 150,
        "isForked": false
    },
    "windows8": {
        "font_name": "FontAwesome",
        "font_size": 150,
        "isForked": false
    },
    "winphone8": {
        "font_name": "FontAwesome",
        "font_size": 150,
        "isForked": false
    }
}