{
    "android": {
        "font_name": "Roboto-Light",
        "font_size": 105,
        "isForked": false
    },
    "background_color": "42424200",
    "bg_type": "one",
    "border_color": "424242ff",
    "border_style": "plain",
    "border_type": 0,
    "border_width": 0,
    "desktopweb": {
        "font_name": "Helvetica",
        "font_size": 105,
        "isForked": false
    },
    "fontSizeInPx": false,
    "font_color": "42424299",
    "font_name": "Helvetica",
    "font_size": 105,
    "font_style": "normal",
    "font_weight": "normal",
    "ipad": {
        "font_name": "Helvetica",
        "font_size": 105,
        "isForked": false
    },
    "iphone": {
        "font_name": "OpenSans-Light",
        "font_size": 105,
        "isForked": false
    },
    "isDefaultSkin": false,
    "kiosk": {
        "font_name": "GenericMonospace",
        "font_size": 105,
        "isForked": false
    },
    "kuid": "s1f71ddf66d54d5cb498e48ee6805888",
    "spaan": {
        "font_name": "Helvetica",
        "font_size": 105,
        "isForked": false
    },
    "spaandroidtablet": {
        "font_name": "Helvetica",
        "font_size": 105,
        "isForked": false
    },
    "spaip": {
        "font_name": "Helvetica",
        "font_size": 105,
        "isForked": false
    },
    "spaipad": {
        "font_name": "Helvetica",
        "font_size": 105,
        "isForked": false
    },
    "spawindowstablet": {
        "font_name": "Helvetica",
        "font_size": 105,
        "isForked": false
    },
    "spawinphone8": {
        "font_name": "Helvetica",
        "font_size": 105,
        "isForked": false
    },
    "tabrcandroid": {
        "font_name": "Helvetica",
        "font_size": 105,
        "isForked": false
    },
    "wType": "Label",
    "watchos": {
        "font_name": "Helvetica",
        "font_size": 105,
        "isForked": false
    },
    "windows8": {
        "font_name": "AvenirLTStd-Book",
        "font_size": 105,
        "isForked": false
    },
    "winphone8": {
        "font_name": "GenericMonospace",
        "font_size": 105,
        "isForked": false
    }
}