{
    "android": {
        "font_name": "default"
    },
    "androidwearos": {
        "font_name": "default"
    },
    "background_color": "ffffffff",
    "bg_type": "one",
    "border_color": "f36c21ff",
    "border_style": "plain",
    "border_type": 0,
    "border_width": 1,
    "desktopweb": {
        "font_name": "Helvetica"
    },
    "ipad": {
        "font_name": "System"
    },
    "iphone": {
        "font_name": "System"
    },
    "isDefaultSkin": false,
    "kiosk": {
        "font_name": "None"
    },
    "kuid": "scd911413b614195a2bf43c13e4bb245",
    "spaan": {
        "font_name": "Helvetica"
    },
    "spaandroidtablet": {
        "font_name": "Helvetica"
    },
    "spaip": {
        "font_name": "Helvetica"
    },
    "spaipad": {
        "font_name": "Helvetica"
    },
    "spawindowstablet": {
        "font_name": "Helvetica"
    },
    "spawinphone8": {
        "font_name": "Helvetica"
    },
    "tabrcandroid": {
        "font_name": "default"
    },
    "wType": "Segment",
    "watchos": {
        "font_name": "System"
    },
    "windows8": {
        "font_name": "None"
    },
    "winphone8": {
        "font_name": "None"
    }
}