{
    "android": {
        "font_name": "roboto.regular",
        "font_size": 130,
        "isForked": true
    },
    "background_color": "00000000",
    "bg_type": "one",
    "border_color": "424242ff",
    "border_style": "plain",
    "border_type": 0,
    "border_width": 0,
    "desktopweb": {
        "font_color": "ffffffff",
        "font_name": "Helvetica",
        "font_size": 130,
        "font_weight": "bold",
        "isForked": true
    },
    "fontSizeInPx": false,
    "font_color": "ffffffff",
    "font_name": "Helvetica",
    "font_size": 120,
    "font_style": "normal",
    "font_weight": "bold",
    "ipad": {
        "font_color": "ffffffff",
        "font_name": "SFUIText-Regular",
        "font_size": 130,
        "isForked": true
    },
    "iphone": {
        "font_color": "ffffffff",
        "font_name": "SF-Pro-Text-Semibold",
        "font_size": 130,
        "isForked": true
    },
    "isDefaultSkin": false,
    "kiosk": {
        "font_color": "ffffffff",
        "font_name": "FontAwesome",
        "font_size": 130,
        "font_weight": "bold",
        "isForked": true
    },
    "kuid": "s4d2aea9fe774d16880dfcdc4d9b96de",
    "spaan": {
        "font_color": "ffffffff",
        "font_name": "roboto.regular",
        "font_size": 130,
        "font_weight": "bold",
        "isForked": true
    },
    "spaandroidtablet": {
        "font_color": "ffffffff",
        "font_name": "roboto.regular",
        "font_size": 130,
        "font_weight": "bold",
        "isForked": true
    },
    "spaip": {
        "font_color": "ffffffff",
        "font_name": "sf-pro-text-regular",
        "font_size": 130,
        "font_weight": "bold",
        "isForked": true
    },
    "spaipad": {
        "font_color": "ffffffff",
        "font_name": "SFUIText-Regular",
        "font_size": 130,
        "font_weight": "bold",
        "isForked": true
    },
    "spawindowstablet": {
        "font_color": "ffffffff",
        "font_name": "Helvetica",
        "font_size": 130,
        "font_weight": "bold",
        "isForked": true
    },
    "spawinphone8": {
        "font_color": "ffffffff",
        "font_name": "Helvetica",
        "font_size": 130,
        "font_weight": "bold",
        "isForked": true
    },
    "tabrcandroid": {
        "font_color": "ffffffff",
        "font_name": "roboto.regular",
        "font_size": 130,
        "font_weight": "bold",
        "isForked": true
    },
    "wType": "Label",
    "watchos": {
        "font_color": "ffffffff",
        "font_name": "Helvetica",
        "font_size": 130,
        "font_weight": "bold",
        "isForked": true
    },
    "windows8": {
        "font_color": "ffffffff",
        "font_name": "FontAwesome",
        "font_size": 130,
        "font_weight": "bold",
        "isForked": true
    },
    "winphone8": {
        "font_color": "ffffffff",
        "font_name": "FontAwesome",
        "font_size": 130,
        "font_weight": "bold",
        "isForked": true
    }
}