{
    "android": {
        "font_name": "default",
        "font_size": 70,
        "isForked": false
    },
    "androidwearos": {
        "font_name": "default",
        "font_size": 70,
        "isForked": false
    },
    "background_color": "ffffffff",
    "bg_type": "one",
    "border_color": "83838366",
    "border_style": "rc",
    "border_type": 0,
    "border_width": 1,
    "desktopweb": {
        "font_name": "Helvetica",
        "font_size": 70,
        "isForked": false
    },
    "fontSizeInPx": false,
    "font_color": "999999ff",
    "font_name": "iphoneSystem",
    "font_size": 70,
    "font_style": "italic",
    "font_weight": "normal",
    "ipad": {
        "font_name": "System",
        "font_size": 70,
        "isForked": false
    },
    "iphone": {
        "font_name": "System",
        "font_size": 70,
        "isForked": false
    },
    "isDefaultSkin": false,
    "kiosk": {
        "font_name": "None",
        "font_size": 70,
        "isForked": false
    },
    "kuid": "sb68e7c7118f4decb438bdc6c1205b62",
    "spaan": {
        "font_name": "Helvetica",
        "font_size": 70,
        "isForked": false
    },
    "spaandroidtablet": {
        "font_name": "Helvetica",
        "font_size": 70,
        "isForked": false
    },
    "spaip": {
        "font_name": "Helvetica",
        "font_size": 70,
        "isForked": false
    },
    "spaipad": {
        "font_name": "Helvetica",
        "font_size": 70,
        "isForked": false
    },
    "spawindowstablet": {
        "font_name": "Helvetica",
        "font_size": 70,
        "isForked": false
    },
    "spawinphone8": {
        "font_name": "Helvetica",
        "font_size": 70,
        "isForked": false
    },
    "tabrcandroid": {
        "font_name": "default",
        "font_size": 70,
        "isForked": false
    },
    "wType": "TextField",
    "watchos": {
        "font_name": "System",
        "font_size": 70,
        "isForked": false
    },
    "windows8": {
        "font_name": "None",
        "font_size": 70,
        "isForked": false
    },
    "winphone8": {
        "font_name": "None",
        "font_size": 70,
        "isForked": false
    }
}