{
    "DNDConfig": null,
    "_height_": {
        "type": "string",
        "value": "60%"
    },
    "_left_": {
        "type": "string",
        "value": "0dp"
    },
    "_margin_": [
        0,
        0,
        0,
        0
    ],
    "_orientation_": 6,
    "_padding_": [
        0,
        0,
        0,
        0
    ],
    "_percent_": true,
    "_skin_": "s995131c98d84cda8c14aa671ca3f0ac",
    "_top_": {
        "type": "string",
        "value": "0dp"
    },
    "_width_": {
        "type": "string",
        "value": "100%"
    },
    "allboxes": [],
    "autogrowmode": 0,
    "canUpdateUI": true,
    "children": [],
    "clipbounds": true,
    "containerId": true,
    "containerweight": 100,
    "controllerInfo": {
        "default": {
            "channel": "mobile",
            "name": "flnxbottomsheetController"
        }
    },
    "enablescrolling": true,
    "id": "flnxbottomsheet",
    "info": null,
    "isTemplate": true,
    "iscustomlayout": false,
    "isvisible": true,
    "kuid": "db510f9ac3ec45408c95911fd9330182",
    "layouttype": 2,
    "name": "kony.ui.FlexContainer",
    "parent": "Temp0e98473ce712a49",
    "pf": "Temp0e98473ce712a49",
    "retaincontentalignment": false,
    "retainflexpositionproperties": false,
    "snapgridsize": 10,
    "snaptogrid": true,
    "wType": "FlexContainer",
    "widgetalignment": 1
}