{
    "@class": "com.kony.gen.viz.model.container.KVizSegment2",
    "DNDConfig": null,
    "__parentReadjusting__": false,
    "_data_": [
        {},
        {},
        {}
    ],
    "_height_": {
        "type": "ref",
        "value": "preferred"
    },
    "_indicator_": "none",
    "_left_": {
        "type": "string",
        "value": "0%"
    },
    "_margin_": [
        0,
        0,
        0,
        0
    ],
    "_orientation_": 2,
    "_padding_": [
        0,
        0,
        0,
        0
    ],
    "_top_": {
        "type": "string",
        "value": "0%"
    },
    "_width_": {
        "type": "string",
        "value": "100%"
    },
    "autogrowmode": 1,
    "canUpdateUI": true,
    "containerweight": 100,
    "counter": "00",
    "focusedindex": null,
    "focuseditem": null,
    "groupcells": false,
    "hasSections": false,
    "id": "segTasks",
    "info": null,
    "ipad": {
        "psp": {
            "indicator": "rowselect"
        }
    },
    "iphone": {
        "psp": {
            "indicator": "none"
        }
    },
    "isvisible": true,
    "kuid": "e05e280a327b4f36a974d07ff7af4382",
    "masterdata": {},
    "mobile": {
        "_data_": [
            {
                "imgCheck": {
                    "@class": "com.viz.ide.model.segment.ImageSegmentData",
                    "src": ""
                },
                "lblHeader": {
                    "@class": "com.viz.ide.model.segment.SimpleTextSegmentData",
                    "text": ""
                },
                "lblSubHeader": {
                    "@class": "com.viz.ide.model.segment.SimpleTextSegmentData",
                    "text": ""
                },
                "lblTime": {
                    "@class": "com.viz.ide.model.segment.SimpleTextSegmentData",
                    "text": ""
                }
            }
        ],
        "rowTemplateId": "aa63f4a35ffd45ff90d038f30127693f",
        "rowtemplate": "flxTasks",
        "widgetdatamap": {
            "flxTasks": "flxTasks",
            "imgCheck": "imgCheck",
            "lblHeader": "lblHeader",
            "lblSubHeader": "lblSubHeader",
            "lblTime": "lblTime"
        }
    },
    "name": "kony.ui.SegmentedUI2",
    "needpageindicator": true,
    "pageoffdotimage": "pageoffdot.png",
    "pageondotimage": "pageondot.png",
    "paginationconfig": {
        "position": "bottom"
    },
    "parent": "TaskList",
    "pf": "userwidgetmodel",
    "retainselection": false,
    "rowcounter": 0,
    "rowfocusskin": "sc8c50761a494577a9b7c75f3575f56b",
    "rowskin": "sff7e4d47acf477db19d6ee847a70111",
    "rowtemplate": null,
    "screenlevelwidget": false,
    "seccounter": 0,
    "sectionheaderskin": "s2f16ad26c9d418abf6b355111f0e1dd",
    "selectedRows": null,
    "selectedState": false,
    "selectedindex": null,
    "selectedindices": null,
    "selecteditems": null,
    "selectedsectionindex": 0,
    "selectionbehavior": "default",
    "separatorcolor": "d3d3d300",
    "separatorrequired": true,
    "separatorthickness": 1,
    "showscrollbars": false,
    "viewtype": "tableview",
    "vizProps": {},
    "wType": "Segment",
    "widgetalignment": 5,
    "widgetdatamap": {
        "flxTasks": "flxTasks",
        "imgCheck": "imgCheck",
        "lblHeader": "lblHeader",
        "lblSubHeader": "lblSubHeader",
        "lblTime": "lblTime"
    },
    "zindex": 1
}