{
    "DNDConfig": null,
    "__parentReadjusting__": false,
    "_height_": {
        "type": "string",
        "value": "100%"
    },
    "_left_": {
        "type": "string",
        "value": "0dp"
    },
    "_margin_": [
        0,
        0,
        0,
        0
    ],
    "_orientation_": 6,
    "_padding_": [
        0,
        0,
        0,
        0
    ],
    "_percent_": true,
    "_skin_": "sdaeca9f1365405e822b4fd2d10d8ec9",
    "_top_": {
        "type": "string",
        "value": "0dp"
    },
    "_width_": {
        "type": "string",
        "value": "100%"
    },
    "allboxes": [],
    "canUpdateUI": true,
    "children": [
        "segTasks"
    ],
    "clipbounds": true,
    "containerweight": 100,
    "enablescrolling": true,
    "id": "TaskList",
    "ide_postShow": "AS_FlexContainer_cb6758d534e44c40a65c9b6199b2fbf4",
    "ide_preShow": "AS_FlexContainer_eb59bc2f00034615aed646ab73d7a280",
    "info": null,
    "isvisible": true,
    "kuid": "ue558752e95c4cc59673b44534942a70",
    "layouttype": 2,
    "name": "kony.ui.FlexContainer",
    "parent": "userwidgetmodel",
    "pf": "userwidgetmodel",
    "snapgridsize": 10,
    "snaptogrid": true,
    "wType": "FlexContainer",
    "widgetalignment": 1
}