{
    "AS_Button_e07a3ad1b9c2487e989584229cc8fac4": {
        "id": "AS_Button_e07a3ad1b9c2487e989584229cc8fac4",
        "type": "ACTION_SEQUENCE",
        "params": [{
            "datatype": "collection",
            "name": "eventobject"
        }],
        "language": "js",
        "actions": [{
            "id": "___ide_onClick_g99827b417304869b7e131f8857f853b",
            "type": "MOVE_ACTION",
            "itemType": "FORM",
            "itemId": "frmHome",
            "widgetId": "flxBackGround",
            "itemKUID": "ced92aae58b1444dbf84817c7ceda8aa",
            "widgetKUID": "f025208d0f9a4295bf256e637c542b9e",
            "wType": "FlexContainer",
            "animationObject": {
                "left": "0%",
                "anchorPoint": {},
                "stepConfig": {
                    "timingFunction": "kony.anim.EASE"
                }
            },
            "config": {
                "delay": "1",
                "iterationCount": 1,
                "fillMode": "kony.anim.FILL_MODE_FORWARDS",
                "duration": "250"
            },
            "start": "Immediately",
            "animationId": "MOVE_ACTION____a0fbeb36177a44c0a93194d43c4008c1",
            "displayAnimationId": "MOVE_ACTION____a0fbeb36177a44c0a93194d43c4008c1",
            "forkedPlatform": "all",
            "callbackType": null,
            "widgetPath": "this.view.flxBackGround"
        }, {
            "id": "INVOKE_FUNCTION__ide_onClick_d0d9dcbd5917451b8a62a8b895a2f32f",
            "type": "INVOKE_FUNCTION",
            "sequenceKUID": "onClick_Button",
            "display": "onClick_Button",
            "inputparams": [],
            "parentId": "___ide_onClick_g99827b417304869b7e131f8857f853b",
            "callbackType": "Callback",
            "disabled": null,
            "source": "controller"
        }]
    }
}