{
    "DNDConfig": null,
    "_height_": {
        "type": "string",
        "value": "9%"
    },
    "_margin_": [
        0,
        0,
        0,
        0
    ],
    "_orientation_": 6,
    "_padding_": [
        0,
        0,
        0,
        0
    ],
    "_percent_": true,
    "_skin_": "s2d734fc2ae448eeb2597d9c8cc376a3",
    "allboxes": [],
    "autogrowmode": 0,
    "canUpdateUI": true,
    "children": [
        "imgCheck",
        "lblHeader",
        "lblSubHeader",
        "lblTime"
    ],
    "clipbounds": true,
    "containerId": true,
    "containerweight": 100,
    "controllerInfo": {
        "default": {
            "channel": "mobile",
            "name": "CopyflxTasksController"
        }
    },
    "enablescrolling": true,
    "id": "CopyflxTasks",
    "info": null,
    "isTemplate": true,
    "isvisible": true,
    "kuid": "b5d74858fa6c454296a90e5c9f86edb1",
    "layouttype": 2,
    "name": "kony.ui.FlexContainer",
    "parent": "CopyrowTaskTemplate",
    "pf": "CopyrowTaskTemplate",
    "snapgridsize": 10,
    "snaptogrid": true,
    "wType": "FlexContainer",
    "widgetalignment": 1
}