{
    "@class": "com.kony.gen.viz.model.component.KVizLabel",
    "DNDConfig": null,
    "__parentReadjusting__": false,
    "_height_": {
        "type": "ref",
        "value": "preferred"
    },
    "_margin_": [
        1,
        1,
        1,
        1
    ],
    "_padding_": [
        0,
        0,
        0,
        0
    ],
    "_right_": {
        "type": "string",
        "value": "3%"
    },
    "_skin_": "sb590923296c4eedbb01f18c10150e17",
    "_text_": "2 days ago",
    "_top_": {
        "type": "string",
        "value": "18.5%"
    },
    "_width_": {
        "type": "ref",
        "value": "preferred"
    },
    "_wrapping_": 2,
    "android": {
        "textStyle": {
            "letterSpacing": 0,
            "strikeThrough": false
        }
    },
    "canUpdateUI": true,
    "containerId": true,
    "containerweight": 100,
    "contentalignment": 4,
    "id": "lblTime",
    "info": null,
    "ipad": {
        "psp": {
            "wrapping": 2
        }
    },
    "iphone": {
        "psp": {
            "wrapping": 2
        }
    },
    "isvisible": true,
    "kuid": "i86ae002d389421993dff21d0cd6bc2d",
    "name": "kony.ui.Label",
    "parent": "CopyflxTasks",
    "pf": "CopyrowTaskTemplate",
    "tooltip": "",
    "wType": "Label",
    "zindex": 1
}