{
    "AS_Button_e754ecd5cddf4071ae84bf67dbc740c3": {
        "id": "AS_Button_e754ecd5cddf4071ae84bf67dbc740c3",
        "type": "ACTION_SEQUENCE",
        "params": [{
            "datatype": "collection",
            "name": "eventobject"
        }],
        "contextObj": {
            "name": "Form1",
            "type": "forms",
            "platform": "",
            "KUID": "j6f97777c19a4bbfa4cc52e94ae108b9"
        },
        "language": "js",
        "actions": [{
            "id": "INVOKE_FUNCTION___c5078067248142219da2f03013022e0b",
            "type": "INVOKE_FUNCTION",
            "sequenceKUID": "contiansOnlyGivenChars",
            "display": "contiansOnlyGivenChars",
            "inputparams": [],
            "parentId": null,
            "callbackType": null,
            "disabled": null,
            "source": "controller"
        }]
    }
}