{
    "AS_Button_aa294900f51c48fe88794eb21b7f7bdc": {
        "id": "AS_Button_aa294900f51c48fe88794eb21b7f7bdc",
        "type": "ACTION_SEQUENCE",
        "params": [{
            "datatype": "collection",
            "name": "eventobject"
        }],
        "language": "js",
        "actions": [{
            "id": "INVOKE_FUNCTION__onClick_d3819db983954d89b6ca3590ebdd0115",
            "type": "INVOKE_FUNCTION",
            "sequenceKUID": "containsChars",
            "display": "containsChars",
            "inputparams": [],
            "callbackType": null,
            "disabled": null,
            "source": "controller"
        }]
    }
}