{
    "AS_Button_j0611139c11d4e02a857bed31f77aa00": {
        "id": "AS_Button_j0611139c11d4e02a857bed31f77aa00",
        "type": "ACTION_SEQUENCE",
        "params": [{
            "datatype": "collection",
            "name": "eventobject"
        }],
        "contextObj": {
            "name": "Form1",
            "type": "forms",
            "platform": "",
            "KUID": "j6f97777c19a4bbfa4cc52e94ae108b9"
        },
        "language": "js",
        "actions": [{
            "id": "INVOKE_FUNCTION___f542ac53aef2467c9f64f1fec4019db6",
            "type": "INVOKE_FUNCTION",
            "sequenceKUID": "containsChars",
            "display": "containsChars",
            "inputparams": [],
            "parentId": null,
            "callbackType": null,
            "disabled": null,
            "source": "controller"
        }]
    }
}