{
    "AS_Button_i1b6edf7b4444c94bcb909c74433df91": {
        "id": "AS_Button_i1b6edf7b4444c94bcb909c74433df91",
        "type": "ACTION_SEQUENCE",
        "params": [{
            "datatype": "collection",
            "name": "eventobject"
        }],
        "contextObj": {
            "name": "Form1",
            "type": "forms",
            "platform": "",
            "KUID": "j6f97777c19a4bbfa4cc52e94ae108b9"
        },
        "language": "js",
        "actions": [{
            "id": "INVOKE_FUNCTION___hc2462565b6b461f8dc7f0f6e983080a",
            "type": "INVOKE_FUNCTION",
            "display": "<>",
            "inputparams": [],
            "parentId": null,
            "callbackType": null,
            "disabled": null,
            "source": "module"
        }]
    }
}