{
    "AS_Button_d8ff875287214ae0abb1d1e31c8b53e2": {
        "id": "AS_Button_d8ff875287214ae0abb1d1e31c8b53e2",
        "type": "ACTION_SEQUENCE",
        "params": [{
            "datatype": "collection",
            "name": "eventobject"
        }],
        "contextObj": {
            "name": "Form2",
            "type": "forms",
            "platform": null,
            "KUID": "d50873633a2842318df00686ea1f5e63"
        },
        "language": "js",
        "actions": [{
            "id": "INVOKE_FUNCTION__onClick_ce2f7766368d4851b9312661e07c170f",
            "type": "INVOKE_FUNCTION",
            "sequenceKUID": "containsChars",
            "display": "containsChars",
            "inputparams": [],
            "callbackType": null,
            "disabled": null,
            "source": "controller"
        }]
    }
}