{
    "AS_Button_e0d884e63d0b429a818ae6e40c633552": {
        "id": "AS_Button_e0d884e63d0b429a818ae6e40c633552",
        "type": "ACTION_SEQUENCE",
        "params": [{
            "datatype": "collection",
            "name": "eventobject"
        }],
        "contextObj": {
            "name": "Form1",
            "type": "forms",
            "platform": "",
            "KUID": "j6f97777c19a4bbfa4cc52e94ae108b9"
        },
        "language": "js",
        "actions": [{
            "id": "INVOKE_FUNCTION__onClick_i9f5f530f6f54e1aaa7fff147fd7cba0",
            "type": "INVOKE_FUNCTION",
            "sequenceKUID": "endsWith",
            "display": "endsWith",
            "inputparams": [],
            "callbackType": null,
            "disabled": null,
            "source": "controller"
        }]
    }
}