{
    "AS_Button_c4bbba50ab7d4f79b17e73af7c79e8e0": {
        "id": "AS_Button_c4bbba50ab7d4f79b17e73af7c79e8e0",
        "type": "ACTION_SEQUENCE",
        "params": [{
            "datatype": "collection",
            "name": "eventobject"
        }],
        "contextObj": {
            "name": "Form2",
            "type": "forms",
            "platform": null,
            "KUID": "d50873633a2842318df00686ea1f5e63"
        },
        "language": "js",
        "actions": [{
            "id": "INVOKE_FUNCTION__onClick_b2aac044d1014bd993885ffc7d0c3423",
            "type": "INVOKE_FUNCTION",
            "sequenceKUID": "containsChars",
            "display": "containsChars",
            "inputparams": [],
            "callbackType": null,
            "disabled": null,
            "source": "controller"
        }]
    }
}