{
    "AS_Button_gc36fee38d314b7a99ae6a79294c9124": {
        "id": "AS_Button_gc36fee38d314b7a99ae6a79294c9124",
        "type": "ACTION_SEQUENCE",
        "params": [{
            "datatype": "collection",
            "name": "eventobject"
        }],
        "contextObj": {
            "name": "Form2",
            "type": "forms",
            "platform": "",
            "KUID": "d50873633a2842318df00686ea1f5e63"
        },
        "language": "js",
        "actions": [{
            "id": "INVOKE_FUNCTION__onClick_g7f7db4813d44f2aa42cf8ca96ef7d2a",
            "type": "INVOKE_FUNCTION",
            "sequenceKUID": "isNumeric",
            "display": "isNumeric",
            "inputparams": [],
            "callbackType": null,
            "disabled": null,
            "source": "controller"
        }]
    }
}