{
    "DNDConfig": null,
    "__parentReadjusting__": false,
    "_height_": {
        "type": "string",
        "value": "100%"
    },
    "_left_": {
        "type": "string",
        "value": "0dp"
    },
    "_margin_": [
        0,
        0,
        0,
        0
    ],
    "_orientation_": 6,
    "_padding_": [
        0,
        0,
        0,
        0
    ],
    "_percent_": true,
    "_skin_": "sc8c796dbecc4941a762471c2ca53840",
    "_top_": {
        "type": "string",
        "value": "0dp"
    },
    "_width_": {
        "type": "string",
        "value": "100%"
    },
    "allboxes": [],
    "canUpdateUI": true,
    "children": [
        "segCarousel2",
        "lblHeading",
        "lblPrice",
        "flxStar",
        "imgLocation",
        "lblLocation",
        "mapView",
        "lblServicesIncluded",
        "flxBookHotel",
        "flxBody"
    ],
    "clipbounds": true,
    "containerweight": 100,
    "enablescrolling": true,
    "id": "CardNoPeek",
    "ide_postShow": "AS_FlexContainer_j7324ca7190b46e5a03bbd83a42b781d",
    "info": null,
    "isvisible": true,
    "kuid": "g5ca863575ce42ccb7e8f7d4ffa0db88",
    "layouttype": 2,
    "name": "kony.ui.FlexContainer",
    "parent": "userwidgetmodel",
    "pf": "userwidgetmodel",
    "snapgridsize": 10,
    "snaptogrid": true,
    "vizProps": {
        "hidewidgethierarchy": false
    },
    "wType": "FlexContainer",
    "widgetalignment": 1
}