{
    "DNDConfig": null,
    "__parentReadjusting__": false,
    "_height_": "35%",
    "_left_": {
        "type": "string",
        "value": "0dp"
    },
    "_margin_": [
        0,
        0,
        0,
        0
    ],
    "_orientation_": 6,
    "_padding_": [
        0,
        0,
        0,
        0
    ],
    "_percent_": true,
    "_skin_": "sb994c648ff14621bcf6020a5ea3b298",
    "_top_": {
        "type": "string",
        "value": "61.50%"
    },
    "_width_": {
        "type": "string",
        "value": "100%"
    },
    "allboxes": [],
    "autogrowmode": 0,
    "canUpdateUI": true,
    "children": [
        "flxWifi",
        "flxParking",
        "flxGreatView",
        "flxKingSizeBed",
        "flxTaxiBooking",
        "flxDisGuests"
    ],
    "clipbounds": true,
    "containerweight": 100,
    "enablescrolling": true,
    "id": "flxBody",
    "info": null,
    "isvisible": true,
    "kuid": "ba5eabc2bed24262b1cd885831d24c36",
    "layouttype": 4,
    "name": "kony.ui.FlexContainer",
    "parent": "CardNoPeek",
    "pf": "userwidgetmodel",
    "snapgridsize": 10,
    "snaptogrid": true,
    "wType": "FlexContainer",
    "widgetalignment": 1,
    "zindex": 2
}