{
    "DNDConfig": null,
    "__parentReadjusting__": false,
    "_height_": {
        "type": "string",
        "value": "6.50%"
    },
    "_margin_": [
        0,
        0,
        0,
        0
    ],
    "_orientation_": 6,
    "_padding_": [
        0,
        0,
        0,
        0
    ],
    "_percent_": true,
    "_skin_": "sc503b26fe424a27ad853a3f3a3d665a",
    "_top_": {
        "type": "string",
        "value": "91%"
    },
    "_width_": {
        "type": "string",
        "value": "93.10%"
    },
    "allboxes": [],
    "canUpdateUI": true,
    "centerx": {
        "type": "string",
        "value": "50%"
    },
    "children": [
        "lblButton"
    ],
    "clipbounds": true,
    "containerweight": 100,
    "enablescrolling": true,
    "id": "flxBookHotel",
    "ide_onTouchStart": "AS_FlexContainer_b29fd22e97494c6a8ff69c2e2711b50a",
    "info": null,
    "isvisible": true,
    "kuid": "a35165ced9cb40e18a498d11b9198773",
    "layouttype": 2,
    "name": "kony.ui.FlexContainer",
    "parent": "CardNoPeek",
    "pf": "userwidgetmodel",
    "snapgridsize": 10,
    "snaptogrid": true,
    "vizProps": {},
    "wType": "FlexContainer",
    "widgetalignment": 1,
    "zindex": 5
}