{
    "DNDConfig": null,
    "__parentReadjusting__": false,
    "_height_": {
        "type": "string",
        "value": "20dp"
    },
    "_left_": {
        "type": "string",
        "value": "5%"
    },
    "_margin_": [
        0,
        0,
        0,
        0
    ],
    "_orientation_": 6,
    "_padding_": [
        0,
        0,
        0,
        0
    ],
    "_percent_": true,
    "_skin_": "sb994c648ff14621bcf6020a5ea3b298",
    "_top_": {
        "type": "string",
        "value": "44.50%"
    },
    "_width_": {
        "type": "string",
        "value": "100%"
    },
    "allboxes": [],
    "autogrowmode": 0,
    "canUpdateUI": true,
    "children": [
        "imgStar1",
        "imgStar2",
        "imgStar3",
        "imgStar4",
        "imgStar5"
    ],
    "clipbounds": true,
    "containerweight": 100,
    "enablescrolling": true,
    "id": "flxStar",
    "info": null,
    "isvisible": true,
    "kuid": "f0f580e21dcb4a18aa32d0c93d6b8206",
    "layouttype": 3,
    "name": "kony.ui.FlexContainer",
    "parent": "CardNoPeek",
    "pf": "userwidgetmodel",
    "snapgridsize": 10,
    "snaptogrid": true,
    "wType": "FlexContainer",
    "widgetalignment": 1,
    "zindex": 2
}