{
    "@class": "com.kony.gen.viz.model.component.KVizMap",
    "DNDConfig": null,
    "__parentReadjusting__": false,
    "_height_": {
        "type": "string",
        "value": "60dp"
    },
    "_margin_": [
        0,
        0,
        0,
        0
    ],
    "_mode_": 1,
    "_padding_": [
        0,
        0,
        0,
        0
    ],
    "_right_": {
        "type": "string",
        "value": "5.50%"
    },
    "_top_": {
        "type": "string",
        "value": "48.80%"
    },
    "_width_": {
        "type": "string",
        "value": "85dp"
    },
    "calloutwidth": 80,
    "canUpdateUI": true,
    "containerweight": 100,
    "defaultpinimage": "kony_mp_carousel2_pin.png",
    "id": "mapView",
    "info": null,
    "iphone": {
        "psp": {
            "showCurrentLocation": "none"
        }
    },
    "isvisible": true,
    "kuid": "hcfbe811b7484150b6f7834e120655bd",
    "locationdata": [],
    "mapsource": "non-native",
    "mapsrc": "non-native",
    "name": "kony.ui.Map",
    "parent": "CardNoPeek",
    "pf": "userwidgetmodel",
    "provider": "google",
    "screenlevelwidget": false,
    "showCurrentLocation": "none",
    "wType": "Map",
    "zindex": 2,
    "zoomlevel": 20
}