{
    "DNDConfig": null,
    "_height_": {
        "type": "string",
        "value": "9%"
    },
    "_margin_": [
        0,
        0,
        0,
        0
    ],
    "_orientation_": 6,
    "_padding_": [
        0,
        0,
        0,
        0
    ],
    "_percent_": true,
    "_skin_": "sd89d6731e5644869b253c725cf6353e",
    "allboxes": [],
    "autogrowmode": 0,
    "canUpdateUI": true,
    "children": [
        "imgCheck",
        "lblHeader",
        "lblSubHeader",
        "lblTime"
    ],
    "clipbounds": true,
    "containerId": true,
    "containerweight": 100,
    "controllerInfo": {
        "default": {
            "channel": "mobile",
            "name": "flxTasksController"
        }
    },
    "enablescrolling": true,
    "id": "flxTasks",
    "info": null,
    "isTemplate": true,
    "isvisible": true,
    "kuid": "f504d3cd05f441e5ae27534b17e68440",
    "layouttype": 2,
    "name": "kony.ui.FlexContainer",
    "parent": "rowTaskTemplate",
    "pf": "rowTaskTemplate",
    "snapgridsize": 10,
    "snaptogrid": true,
    "wType": "FlexContainer",
    "widgetalignment": 1
}