{
  "android": {
    "font_name": "default"
  },
  "androidwearos": {
    "font_name": "default"
  },
  "background_color": "00000000",
  "bg_type": "one",
  "border_color": "000000ff",
  "border_style": "plain",
  "border_type": 0,
  "border_width": 0,
  "desktopweb": {
    "bottom_left_border_color": "000000ff",
    "bottom_left_border_style": "plain",
    "bottom_left_border_width": 0,
    "bottom_right_border_color": "000000ff",
    "bottom_right_border_style": "plain",
    "bottom_right_border_width": 0,
    "font_name": "Helvetica",
    "isForked": true,
    "shadow": {
      "br": 6,
      "color": "ffffffff",
      "inner": true,
      "nm": 0,
      "x": 0,
      "y": 1
    },
    "top_left_border_color": "000000ff",
    "top_left_border_style": "plain",
    "top_left_border_width": 0,
    "top_right_border_color": "000000ff",
    "top_right_border_style": "plain",
    "top_right_border_width": 0
  },
  "ipad": {
    "font_name": "System",
    "isForked": true,
    "shadow": {
      "br": 6,
      "color": "ffffffff",
      "inner": true,
      "nm": 0,
      "x": 0,
      "y": 1
    }
  },
  "iphone": {
    "font_name": "System",
    "isForked": true,
    "shadow": {
      "br": 6,
      "color": "ffffffff",
      "inner": true,
      "nm": 0,
      "x": 0,
      "y": 1
    }
  },
  "isDefaultSkin": false,
  "kiosk": {
    "font_name": "None"
  },
  "kuid": "s48e4679893c44a89c4b34aabbd73fcc",
  "spaan": {
    "bottom_left_border_color": "000000ff",
    "bottom_left_border_style": "plain",
    "bottom_left_border_width": 0,
    "bottom_right_border_color": "000000ff",
    "bottom_right_border_style": "plain",
    "bottom_right_border_width": 0,
    "font_name": "Helvetica",
    "isForked": true,
    "shadow": {
      "br": 6,
      "color": "ffffffff",
      "inner": true,
      "nm": 0,
      "x": 0,
      "y": 1
    },
    "top_left_border_color": "000000ff",
    "top_left_border_style": "plain",
    "top_left_border_width": 0,
    "top_right_border_color": "000000ff",
    "top_right_border_style": "plain",
    "top_right_border_width": 0
  },
  "spaandroidtablet": {
    "bottom_left_border_color": "000000ff",
    "bottom_left_border_style": "plain",
    "bottom_left_border_width": 0,
    "bottom_right_border_color": "000000ff",
    "bottom_right_border_style": "plain",
    "bottom_right_border_width": 0,
    "font_name": "Helvetica",
    "isForked": true,
    "shadow": {
      "br": 6,
      "color": "ffffffff",
      "inner": true,
      "nm": 0,
      "x": 0,
      "y": 1
    },
    "top_left_border_color": "000000ff",
    "top_left_border_style": "plain",
    "top_left_border_width": 0,
    "top_right_border_color": "000000ff",
    "top_right_border_style": "plain",
    "top_right_border_width": 0
  },
  "spabb": {
    "bottom_left_border_color": "000000ff",
    "bottom_left_border_style": "plain",
    "bottom_left_border_width": 0,
    "bottom_right_border_color": "000000ff",
    "bottom_right_border_style": "plain",
    "bottom_right_border_width": 0,
    "font_name": "Helvetica",
    "isForked": true,
    "shadow": {
      "br": 6,
      "color": "ffffffff",
      "inner": true,
      "nm": 0,
      "x": 0,
      "y": 1
    },
    "top_left_border_color": "000000ff",
    "top_left_border_style": "plain",
    "top_left_border_width": 0,
    "top_right_border_color": "000000ff",
    "top_right_border_style": "plain",
    "top_right_border_width": 0
  },
  "spaip": {
    "bottom_left_border_color": "000000ff",
    "bottom_left_border_style": "plain",
    "bottom_left_border_width": 0,
    "bottom_right_border_color": "000000ff",
    "bottom_right_border_style": "plain",
    "bottom_right_border_width": 0,
    "font_name": "Helvetica",
    "isForked": true,
    "shadow": {
      "br": 6,
      "color": "ffffffff",
      "inner": true,
      "nm": 0,
      "x": 0,
      "y": 1
    },
    "top_left_border_color": "000000ff",
    "top_left_border_style": "plain",
    "top_left_border_width": 0,
    "top_right_border_color": "000000ff",
    "top_right_border_style": "plain",
    "top_right_border_width": 0
  },
  "spaipad": {
    "bottom_left_border_color": "000000ff",
    "bottom_left_border_style": "plain",
    "bottom_left_border_width": 0,
    "bottom_right_border_color": "000000ff",
    "bottom_right_border_style": "plain",
    "bottom_right_border_width": 0,
    "font_name": "Helvetica",
    "isForked": true,
    "shadow": {
      "br": 6,
      "color": "ffffffff",
      "inner": true,
      "nm": 0,
      "x": 0,
      "y": 1
    },
    "top_left_border_color": "000000ff",
    "top_left_border_style": "plain",
    "top_left_border_width": 0,
    "top_right_border_color": "000000ff",
    "top_right_border_style": "plain",
    "top_right_border_width": 0
  },
  "spawindowstablet": {
    "bottom_left_border_color": "000000ff",
    "bottom_left_border_style": "plain",
    "bottom_left_border_width": 0,
    "bottom_right_border_color": "000000ff",
    "bottom_right_border_style": "plain",
    "bottom_right_border_width": 0,
    "font_name": "Helvetica",
    "isForked": true,
    "shadow": {
      "br": 6,
      "color": "ffffffff",
      "inner": true,
      "nm": 0,
      "x": 0,
      "y": 1
    },
    "top_left_border_color": "000000ff",
    "top_left_border_style": "plain",
    "top_left_border_width": 0,
    "top_right_border_color": "000000ff",
    "top_right_border_style": "plain",
    "top_right_border_width": 0
  },
  "spawinphone8": {
    "bottom_left_border_color": "000000ff",
    "bottom_left_border_style": "plain",
    "bottom_left_border_width": 0,
    "bottom_right_border_color": "000000ff",
    "bottom_right_border_style": "plain",
    "bottom_right_border_width": 0,
    "font_name": "Helvetica",
    "isForked": true,
    "shadow": {
      "br": 6,
      "color": "ffffffff",
      "inner": true,
      "nm": 0,
      "x": 0,
      "y": 1
    },
    "top_left_border_color": "000000ff",
    "top_left_border_style": "plain",
    "top_left_border_width": 0,
    "top_right_border_color": "000000ff",
    "top_right_border_style": "plain",
    "top_right_border_width": 0
  },
  "tabrcandroid": {
    "font_name": "default"
  },
  "wType": "FlexContainer",
  "watchos": {
    "font_name": "System"
  },
  "windows8": {
    "font_name": "None"
  },
  "winphone8": {
    "font_name": "None"
  }
}