{
  "android": {
    "font_name": "default",
    "font_size": 125,
    "isForked": false
  },
  "androidwearos": {
    "font_name": "default",
    "font_size": 161,
    "isForked": false
  },
  "background_color": "00000000",
  "bg_type": "one",
  "border_color": "424242ff",
  "border_style": "plain",
  "border_type": 0,
  "border_width": 0,
  "desktopweb": {
    "font_name": "Helvetica",
    "font_size": 281,
    "isForked": false
  },
  "fontSizeInPx": true,
  "font_color": "333333ff",
  "font_name": "iphoneSystem",
  "font_size": 113,
  "font_style": "normal",
  "font_weight": "normal",
  "ipad": {
    "font_name": "System",
    "font_size": 161,
    "isForked": false
  },
  "iphone": {
    "font_name": "System",
    "font_size": 113,
    "isForked": false
  },
  "isDefaultSkin": false,
  "kiosk": {
    "font_name": "None",
    "font_size": 281,
    "isForked": false
  },
  "kuid": "s7886750caa64b958a740a8fcf2774d1",
  "spaan": {
    "font_name": "Helvetica",
    "font_size": 100,
    "isForked": false
  },
  "spaandroidtablet": {
    "font_name": "Helvetica",
    "font_size": 83,
    "isForked": false
  },
  "spabb": {
    "font_name": "Helvetica",
    "font_size": 125,
    "isForked": false
  },
  "spaip": {
    "font_name": "Helvetica",
    "font_size": 107,
    "isForked": false
  },
  "spaipad": {
    "font_name": "Helvetica",
    "font_size": 88,
    "isForked": false
  },
  "spawindowstablet": {
    "font_name": "Helvetica",
    "font_size": 88,
    "isForked": false
  },
  "spawinphone8": {
    "font_name": "Helvetica",
    "font_size": 125,
    "isForked": false
  },
  "tabrcandroid": {
    "font_name": "default",
    "font_size": 267,
    "isForked": false
  },
  "wType": "Label",
  "watchos": {
    "font_name": "System",
    "font_size": 161,
    "isForked": false
  },
  "windows8": {
    "font_name": "None",
    "font_size": 110,
    "isForked": false
  },
  "winphone8": {
    "font_name": "None",
    "font_size": 150,
    "isForked": false
  }
}