{
    "NativeFunctionAPI": {
        "iOS": {
            "11.0": {
                "Kony_SyncV2-iOS-11.0": {
                    "title": "Kony_SyncV2",
                    "platform": "iOS",
                    "os": "11.0",
                    "isDefault": true,
                    "url": "D:\\8.4GAWork\\.nativebindings\\iOS\\11.0\\Kony_SyncV2-iOS-11.0.zip",
                    "filepath": "D:\\8.4GAWork\\Badge\\nativebindings\\iOS\\11.0\\Kony_SyncV2-iOS-11.0.zip",
                    "enable": true
                },
                "Kony_SDKCommons-iOS-11.0": {
                    "title": "Kony_SDKCommons",
                    "platform": "iOS",
                    "os": "11.0",
                    "isDefault": true,
                    "url": "D:\\8.4GAWork\\.nativebindings\\iOS\\11.0\\Kony_SDKCommons-iOS-11.0.zip",
                    "filepath": "D:\\8.4GAWork\\Badge\\nativebindings\\iOS\\11.0\\Kony_SDKCommons-iOS-11.0.zip",
                    "enable": true
                }
            }
        },
        "Android": {
            "4.0": {
                "Kony_SDKCommons-Android-4.0": {
                    "title": "Kony_SDKCommons",
                    "platform": "Android",
                    "os": "4.0",
                    "isDefault": true,
                    "url": "D:\\8.4GAWork\\.nativebindings\\Android\\4.0\\Kony_SDKCommons-Android-4.0.zip",
                    "filepath": "D:\\8.4GAWork\\Badge\\nativebindings\\Android\\4.0\\Kony_SDKCommons-Android-4.0.zip",
                    "enable": true
                },
                "Kony_SyncV2-Android-4.0": {
                    "title": "Kony_SyncV2",
                    "platform": "Android",
                    "os": "4.0",
                    "isDefault": true,
                    "url": "D:\\8.4GAWork\\.nativebindings\\Android\\4.0\\Kony_SyncV2-Android-4.0.zip",
                    "filepath": "D:\\8.4GAWork\\Badge\\nativebindings\\Android\\4.0\\Kony_SyncV2-Android-4.0.zip",
                    "enable": true
                }
            }
        }
    },
    "Metadata": {
        "Version": {
            "iOS": "2.0"
        }
    }
}