{
    "@class": "com.kony.gen.viz.model.component.KVizButton",
    "DNDConfig": null,
    "__parentReadjusting__": false,
    "_height_": {
        "type": "string",
        "value": "50dp"
    },
    "_left_": {
        "type": "string",
        "value": "9.78%"
    },
    "_margin_": [
        6,
        6,
        6,
        6
    ],
    "_padding_": [
        0,
        0,
        0,
        0
    ],
    "_skin_": "s63c2b89fc1c4c0c9cd8da968ea470bd",
    "_text_": "Rate Kony Quantum",
    "_top_": {
        "type": "string",
        "value": "50dp"
    },
    "_width_": {
        "type": "string",
        "value": "300dp"
    },
    "canUpdateUI": true,
    "centerx": {
        "type": "string",
        "value": "50%"
    },
    "containerweight": 100,
    "contentalignment": 5,
    "displaytext": true,
    "focusskin": "s81af53526694bcbb7ce95c965d24955",
    "id": "btnRequest",
    "info": null,
    "iscustomlayout": false,
    "isvisible": true,
    "kuid": "bc9ed64b094b4692b2f7f7d587eb914e",
    "name": "kony.ui.Button",
    "onclick": "AS_Button_efc1db0cdde549c78b31071eaf8b1b38",
    "parent": "flxBody",
    "pf": "Form1",
    "retaincontentalignment": false,
    "retainflexpositionproperties": false,
    "wType": "Button",
    "zindex": 1
}