{
    "@class": "com.kony.gen.viz.model.component.KVizButton",
    "DNDConfig": null,
    "__parentReadjusting__": false,
    "_bottom_": {
        "type": "string",
        "value": "100px"
    },
    "_height_": {
        "type": "string",
        "value": "50dp"
    },
    "_left_": {
        "type": "string",
        "value": "40dp"
    },
    "_margin_": [
        6,
        6,
        6,
        6
    ],
    "_padding_": [
        0,
        0,
        0,
        0
    ],
    "_skin_": "s4eb174a3337400b82e7f3bdbb027145",
    "_text_": "Add Pins and get the distance",
    "_width_": {
        "type": "string",
        "value": "300dp"
    },
    "canUpdateUI": true,
    "centerx": {
        "type": "string",
        "value": "50%"
    },
    "containerweight": 100,
    "contentalignment": 5,
    "displaytext": true,
    "focusskin": "sbb43346d94641d1a318d92e353a9bde",
    "id": "btnDistance",
    "info": null,
    "iscustomlayout": false,
    "isvisible": true,
    "kuid": "b80796de28824b63afcbc6d4277a056f",
    "name": "kony.ui.Button",
    "onclick": "AS_Button_i8ff47cb72114b4f9429604d17bf3715",
    "parent": "frmDistance",
    "pf": "frmDistance",
    "retaincontentalignment": false,
    "retainflexpositionproperties": false,
    "wType": "Button",
    "zindex": 1
}