{
	"AS_Button_fe707d42faa34d21b308e753a91dbce8": {
		"id": "AS_Button_fe707d42faa34d21b308e753a91dbce8",
		"type": "ACTION_SEQUENCE",
		"params": [
			{
				"datatype": "collection",
				"name": "eventobject"
			}
		],
		"contextObj": {
			"type": "forms",
			"platform": "",
			"KUID": "gdaf7cb7d45147e88c6dd944a064dc7a",
			"name": "Form1"
		},
		"language": "js",
		"actions": [
			{
				"id": "ADD_SNIPPET__j2d9195b500c4f50a1cdfb98887b4875",
				"type": "ADD_SNIPPET",
				"codeSnippet": "this.btnSaveClick();",
				"parentId": null,
				"callbackType": null
			}
		]
	}
}