{
	"AS_Button_aaed58e806da45f6a9e7357ddeffb9df": {
		"id": "AS_Button_aaed58e806da45f6a9e7357ddeffb9df",
		"type": "ACTION_SEQUENCE",
		"params": [
			{
				"datatype": "collection",
				"name": "eventobject"
			}
		],
		"contextObj": {
			"type": "forms",
			"platform": "",
			"KUID": "gdaf7cb7d45147e88c6dd944a064dc7a",
			"name": "Form1"
		},
		"language": "js",
		"actions": [
			{
				"id": "ADD_SNIPPET__g374841f4792431cab1130481a2008ea",
				"type": "ADD_SNIPPET",
				"codeSnippet": "this.view.btncreditcard.skin=\"btnskn3\";\nthis.view.btnwire.skin=\"btnTrans1\";",
				"parentId": null,
				"callbackType": null
			}
		]
	}
}