{
	"AS_Button_ab0f524959364fc28ec3cc3949279ed0": {
		"id": "AS_Button_ab0f524959364fc28ec3cc3949279ed0",
		"type": "ACTION_SEQUENCE",
		"params": [
			{
				"datatype": "collection",
				"name": "eventobject"
			},
			{
				"datatype": "collection",
				"name": "context"
			}
		],
		"contextObj": {
			"type": "templates",
			"platform": "",
			"KUID": "g5fdf8f6fbd84f6da80df01d2e2f50c9"
		},
		"language": "js",
		"actions": [
			{
				"id": "ADD_SNIPPET__i830f15e77aa41689feaa3928e57819b",
				"type": "ADD_SNIPPET",
				"codeSnippet": "this.executeOnParent(\"navToPayForm\",context);",
				"parentId": null,
				"callbackType": null
			}
		]
	}
}