{
	"AS_Button_g6b780b964084a4982373efc75b53871": {
		"id": "AS_Button_g6b780b964084a4982373efc75b53871",
		"type": "ACTION_SEQUENCE",
		"params": [
			{
				"datatype": "collection",
				"name": "eventobject"
			}
		],
		"language": "js",
		"actions": [
			{
				"id": "NAVIGATE_TO_FORM__ide_onClick_b5e62f52e58d4c93bd5feeec30078132",
				"type": "NAVIGATE_TO_FORM",
				"formId": "frmKnowledgeFramework",
				"formKUID": "f9cd845105b4416c8804a431a767e035",
				"mappings": {},
				"mappingsOrder": [],
				"parentId": "",
				"callbackType": null,
				"enableMappingEditor": true,
				"package": "",
				"isCustomInput": false
			}
		]
	}
}