{
	"AS_Button_d85cc39de64e475bbd10c98c548ed554": {
		"id": "AS_Button_d85cc39de64e475bbd10c98c548ed554",
		"type": "ACTION_SEQUENCE",
		"params": [
			{
				"datatype": "collection",
				"name": "eventobject"
			}
		],
		"contextObj": {
			"type": "forms",
			"platform": "",
			"KUID": "gdaf7cb7d45147e88c6dd944a064dc7a",
			"name": "Form1"
		},
		"language": "js",
		"actions": [
			{
				"id": "ADD_SNIPPET__dd97abf47d1c44499463768ad90aa529",
				"type": "ADD_SNIPPET",
				"codeSnippet": "this.view.Label0c133dae1c50c4f.isVisible=false;\nthis.view.imgPlus.isVisible=true;\nthis.view.flxCreditCard.isVisible=false;\nthis.view.btnSave.isVisible=false;\nthis.keyChnSave();\nthis.keyChnRetrieve();",
				"parentId": null,
				"callbackType": null
			}
		]
	}
}