{
	"AS_Button_da63c345173048d09655a2ced6e297a6": {
		"id": "AS_Button_da63c345173048d09655a2ced6e297a6",
		"type": "ACTION_SEQUENCE",
		"params": [
			{
				"datatype": "collection",
				"name": "eventobject"
			}
		],
		"language": "js",
		"actions": [
			{
				"id": "ADD_SNIPPET_ide_onClick_acaa74b71a3f436287f1d38fa1974911",
				"type": "ADD_SNIPPET",
				"codeSnippet": "//#ifdef android\nthis.getPayments();\n//#endif\n//#ifdef iphone\nthis.paymentApplepay();\n//#endif",
				"callbackType": null
			}
		]
	}
}