{
	"AS_FlexContainer_h21f8de12a7f494d83ac1fa7d37acf4c": {
		"id": "AS_FlexContainer_h21f8de12a7f494d83ac1fa7d37acf4c",
		"type": "ACTION_SEQUENCE",
		"params": [
			{
				"datatype": "collection",
				"name": "eventobject"
			}
		],
		"contextObj": {
			"type": "forms",
			"platform": "",
			"KUID": "gdaf7cb7d45147e88c6dd944a064dc7a",
			"name": "Form1"
		},
		"language": "js",
		"actions": [
			{
				"id": "ADD_SNIPPET__gb7e467dd800436ca1d1d8441a29ad28",
				"type": "ADD_SNIPPET",
				"codeSnippet": "this.addCard();",
				"parentId": null,
				"callbackType": null
			}
		]
	}
}