{
	"AS_FlexContainer_c101dacf96774a13add1ab4dff46f537": {
		"id": "AS_FlexContainer_c101dacf96774a13add1ab4dff46f537",
		"type": "ACTION_SEQUENCE",
		"params": [
			{
				"datatype": "collection",
				"name": "eventobject"
			}
		],
		"contextObj": {
			"type": "forms",
			"platform": "",
			"KUID": "gdaf7cb7d45147e88c6dd944a064dc7a",
			"name": "Form1"
		},
		"language": "js",
		"actions": [
			{
				"id": "ADD_SNIPPET__i847f8ffe4ab41a59fc371beb28774bc",
				"type": "ADD_SNIPPET",
				"codeSnippet": "this.addCard();",
				"parentId": null,
				"callbackType": null
			}
		]
	}
}