{
	"AS_Form_a656c6ee63514e7a867548df6406fde4": {
		"id": "AS_Form_a656c6ee63514e7a867548df6406fde4",
		"type": "ACTION_SEQUENCE",
		"params": [
			{
				"datatype": "collection",
				"name": "eventobject"
			}
		],
		"contextObj": {
			"type": "forms",
			"platform": "",
			"KUID": "gdaf7cb7d45147e88c6dd944a064dc7a",
			"name": "Form1"
		},
		"language": "js",
		"actions": [
			{
				"id": "ADD_SNIPPET__c101d673366c49dea97ddb05d49b668d",
				"type": "ADD_SNIPPET",
				"codeSnippet": "this.formClearData();\n//#ifdef android\nthis.showNewBottomSheet();\n//#endif\n//#ifdef iphone\nthis.readCardNumbers();\nthis.keyChnRetrieve();\nthis.registerActions();\n//#endif\n",
				"parentId": null,
				"callbackType": null
			}
		]
	}
}