{
	"AS_Form_a7608571054a4d4db46d4f0c05cf24a7": {
		"id": "AS_Form_a7608571054a4d4db46d4f0c05cf24a7",
		"type": "ACTION_SEQUENCE",
		"params": [
			{
				"datatype": "collection",
				"name": "eventobject"
			}
		],
		"contextObj": {
			"type": "forms",
			"platform": null,
			"KUID": "j2e90861d076480e80c7b36d814683e9"
		},
		"language": "js",
		"actions": [
			{
				"id": "ADD_SNIPPET__d8967c4185e14ac18aa363055fb273a8",
				"type": "ADD_SNIPPET",
				"codeSnippet": "this.setGetStartedData();",
				"parentId": null,
				"callbackType": null
			}
		]
	}
}