{
	"AS_Image_h14beb642a1a4a93ac58e329e8e71892": {
		"id": "AS_Image_h14beb642a1a4a93ac58e329e8e71892",
		"type": "ACTION_SEQUENCE",
		"params": [
			{
				"datatype": "collection",
				"name": "eventobject"
			},
			{
				"datatype": "string",
				"name": "x"
			},
			{
				"datatype": "string",
				"name": "y"
			}
		],
		"contextObj": {
			"type": "forms",
			"platform": "",
			"KUID": "gdaf7cb7d45147e88c6dd944a064dc7a",
			"name": "Form1"
		},
		"language": "js",
		"actions": [
			{
				"id": "NAVIGATE_TO_FORM___d4b8ff29bb624b0db14c16170e482ad5",
				"type": "NAVIGATE_TO_FORM",
				"formId": "frmHome",
				"formKUID": "ec669d55cf7e49708aac9d7e26c76f62",
				"mappings": {},
				"mappingsOrder": [],
				"parentId": "",
				"callbackType": null,
				"enableMappingEditor": true,
				"package": "",
				"isCustomInput": false
			}
		]
	}
}