{
	"AS_Image_gb7427189a374f27b7f51e838aca6e27": {
		"id": "AS_Image_gb7427189a374f27b7f51e838aca6e27",
		"type": "ACTION_SEQUENCE",
		"params": [
			{
				"datatype": "collection",
				"name": "eventobject"
			},
			{
				"datatype": "string",
				"name": "x"
			},
			{
				"datatype": "string",
				"name": "y"
			}
		],
		"contextObj": {
			"type": "forms",
			"platform": "",
			"KUID": "gdaf7cb7d45147e88c6dd944a064dc7a",
			"name": "Form1"
		},
		"language": "js",
		"actions": [
			{
				"id": "ADD_SNIPPET__bc9d775087ba422da4e0266a5a457f32",
				"type": "ADD_SNIPPET",
				"codeSnippet": "this.imgDownCLick();",
				"parentId": null,
				"callbackType": null
			}
		]
	}
}