{
	"AS_Image_g123d0b939934bf89b122c871f8e0092": {
		"id": "AS_Image_g123d0b939934bf89b122c871f8e0092",
		"type": "ACTION_SEQUENCE",
		"params": [
			{
				"datatype": "collection",
				"name": "eventobject"
			},
			{
				"datatype": "string",
				"name": "x"
			},
			{
				"datatype": "string",
				"name": "y"
			}
		],
		"contextObj": {
			"type": "forms",
			"platform": "",
			"KUID": "gdaf7cb7d45147e88c6dd944a064dc7a",
			"name": "Form1"
		},
		"language": "js",
		"actions": [
			{
				"id": "ADD_SNIPPET__a2db5c93971a4f55a998682d563b8076",
				"type": "ADD_SNIPPET",
				"codeSnippet": "//#ifdef android\nthis.mBottomSheetObject.dismiss();\n//#endif\n//#ifdef iphone\nthis.animateBottomsheetdown();\n//#endif",
				"parentId": null,
				"callbackType": null
			}
		]
	}
}