{
    "@class": "com.kony.gen.viz.model.component.KVizButton",
    "DNDConfig": null,
    "__parentReadjusting__": false,
    "_height_": {
        "type": "string",
        "value": "50dp"
    },
    "_left_": {
        "type": "string",
        "value": "10%"
    },
    "_margin_": [
        6,
        6,
        6,
        6
    ],
    "_padding_": [
        0,
        0,
        0,
        0
    ],
    "_skin_": "s29943e4b85c45f2917f5c8b74f1cb25",
    "_text_": "Add Contact",
    "_top_": {
        "type": "string",
        "value": "37.40%"
    },
    "_width_": {
        "type": "string",
        "value": "300dp"
    },
    "canUpdateUI": true,
    "centerx": {
        "type": "string",
        "value": "49.97%"
    },
    "containerweight": 100,
    "contentalignment": 5,
    "displaytext": true,
    "focusskin": "se540dcdbaae4be380ada899c03616e3",
    "id": "btnAddContact",
    "info": null,
    "iscustomlayout": false,
    "isvisible": true,
    "kuid": "d24f108e802342859b88066b8c4cf518",
    "name": "kony.ui.Button",
    "onclick": "AS_Button_e489b70d0ab9453995da0292ae66e8fb",
    "parent": "flxBody",
    "pf": "Form1",
    "retaincontentalignment": false,
    "retainflexpositionproperties": false,
    "wType": "Button",
    "zindex": 1
}