{
    "AS_Button_i62956de3829427a84775f9109255782": {
        "id": "AS_Button_i62956de3829427a84775f9109255782",
        "type": "ACTION_SEQUENCE",
        "params": [{
            "datatype": "collection",
            "name": "eventobject"
        }],
        "contextObj": {
            "name": "Form1",
            "type": "forms",
            "platform": "",
            "KUID": "cf5d46e230ed437f9541881983490a18"
        },
        "language": "js",
        "actions": [{
            "id": "INVOKE_FUNCTION___d7136a4686c74694a5796d32175951e0",
            "type": "INVOKE_FUNCTION",
            "sequenceKUID": "hasTouchSupport",
            "display": "hasTouchSupport",
            "inputparams": [],
            "parentId": null,
            "callbackType": null,
            "disabled": null,
            "source": "controller"
        }]
    }
}