{
    "AS_Button_ad4acab61bbe4e90a0e369051c7e293c": {
        "id": "AS_Button_ad4acab61bbe4e90a0e369051c7e293c",
        "type": "ACTION_SEQUENCE",
        "params": [{
            "datatype": "collection",
            "name": "eventobject"
        }],
        "contextObj": {
            "name": "Form1",
            "type": "forms",
            "platform": "",
            "KUID": "cf5d46e230ed437f9541881983490a18"
        },
        "language": "js",
        "actions": [{
            "id": "INVOKE_FUNCTION___j9f78a8d7afd476e9547e06ec8639531",
            "type": "INVOKE_FUNCTION",
            "sequenceKUID": "accelerometerSupport",
            "display": "accelerometerSupport",
            "inputparams": [],
            "parentId": null,
            "callbackType": null,
            "disabled": null,
            "source": "controller"
        }]
    }
}