{
    "AS_Button_e8949534feea49cc8fe3a488ff7b48af": {
        "id": "AS_Button_e8949534feea49cc8fe3a488ff7b48af",
        "type": "ACTION_SEQUENCE",
        "params": [{
            "datatype": "collection",
            "name": "eventobject"
        }],
        "contextObj": {
            "name": "Form1",
            "type": "forms",
            "platform": "",
            "KUID": "cf5d46e230ed437f9541881983490a18"
        },
        "language": "js",
        "actions": [{
            "id": "INVOKE_FUNCTION___h99f8dc24a044c86a7ada9a0e51c58d8",
            "type": "INVOKE_FUNCTION",
            "sequenceKUID": "getDeviceId",
            "display": "getDeviceId",
            "inputparams": [],
            "parentId": null,
            "callbackType": null,
            "disabled": null,
            "source": "controller"
        }]
    }
}