{
    "AS_Button_c3506d1be9a7457d8707e99bff748809": {
        "id": "AS_Button_c3506d1be9a7457d8707e99bff748809",
        "type": "ACTION_SEQUENCE",
        "params": [{
            "datatype": "collection",
            "name": "eventobject"
        }],
        "contextObj": {
            "name": "Form1",
            "type": "forms",
            "platform": "",
            "KUID": "cf5d46e230ed437f9541881983490a18"
        },
        "language": "js",
        "actions": [{
            "id": "INVOKE_FUNCTION__onClick_cf351a6239ab4f53bf4a2579c60a7fbc",
            "type": "INVOKE_FUNCTION",
            "sequenceKUID": "toNumber",
            "display": "toNumber",
            "inputparams": [],
            "callbackType": null,
            "disabled": null,
            "source": "controller"
        }]
    }
}