{
    "AS_Button_a439d9b11bf64203850860ecd3d78a54": {
        "id": "AS_Button_a439d9b11bf64203850860ecd3d78a54",
        "type": "ACTION_SEQUENCE",
        "params": [{
            "datatype": "collection",
            "name": "eventobject"
        }],
        "contextObj": {
            "name": "Form1",
            "type": "forms",
            "platform": "",
            "KUID": "cf5d46e230ed437f9541881983490a18"
        },
        "language": "js",
        "actions": [{
            "id": "INVOKE_FUNCTION___cfc54189d910423daa13bbc55ebc2be6",
            "type": "INVOKE_FUNCTION",
            "sequenceKUID": "userAgent",
            "display": "userAgent",
            "inputparams": [],
            "parentId": null,
            "callbackType": null,
            "disabled": null,
            "source": "controller"
        }]
    }
}