{
    "AS_Button_d0256971d8fa4f9d92b4630ae5eab9d1": {
        "id": "AS_Button_d0256971d8fa4f9d92b4630ae5eab9d1",
        "type": "ACTION_SEQUENCE",
        "params": [{
            "datatype": "collection",
            "name": "eventobject"
        }],
        "contextObj": {
            "name": "Form1",
            "type": "forms",
            "platform": "",
            "KUID": "cf5d46e230ed437f9541881983490a18"
        },
        "language": "js",
        "actions": [{
            "id": "INVOKE_FUNCTION___c5f58165cd5d46b987e98ef43c342326",
            "type": "INVOKE_FUNCTION",
            "sequenceKUID": "createUUID",
            "display": "createUUID",
            "inputparams": [],
            "parentId": null,
            "callbackType": null,
            "disabled": null,
            "source": "controller"
        }]
    }
}