{
    "AS_Button_d6f2cb21107a440e907d16f5a9725455": {
        "id": "AS_Button_d6f2cb21107a440e907d16f5a9725455",
        "type": "ACTION_SEQUENCE",
        "params": [{
            "datatype": "collection",
            "name": "eventobject"
        }],
        "language": "js",
        "actions": [{
            "id": "INVOKE_FUNCTION__onClick_af47fabcb3d34a1e8e81b9d7e1852baf",
            "type": "INVOKE_FUNCTION",
            "sequenceKUID": "userAgent",
            "display": "userAgent",
            "inputparams": [],
            "callbackType": null,
            "disabled": null,
            "source": "controller"
        }]
    }
}