{
    "AS_Button_b27715e65df94a52b3d406f2f8a963a4": {
        "id": "AS_Button_b27715e65df94a52b3d406f2f8a963a4",
        "type": "ACTION_SEQUENCE",
        "params": [{
            "datatype": "collection",
            "name": "eventobject"
        }],
        "contextObj": {
            "name": "Form1",
            "type": "forms",
            "platform": "",
            "KUID": "cf5d46e230ed437f9541881983490a18"
        },
        "language": "js",
        "actions": [{
            "id": "INVOKE_FUNCTION___f52b934f4f7840bfba004ac7c8e360e0",
            "type": "INVOKE_FUNCTION",
            "sequenceKUID": "gpsSupport",
            "display": "gpsSupport",
            "inputparams": [],
            "parentId": null,
            "callbackType": null,
            "disabled": null,
            "source": "controller"
        }]
    }
}