{
    "AS_Button_dabb403e469f49f0bca48fa6ff8c48e2": {
        "id": "AS_Button_dabb403e469f49f0bca48fa6ff8c48e2",
        "type": "ACTION_SEQUENCE",
        "params": [{
            "datatype": "collection",
            "name": "eventobject"
        }],
        "contextObj": {
            "name": "Form1",
            "type": "forms",
            "platform": "",
            "KUID": "cf5d46e230ed437f9541881983490a18"
        },
        "language": "js",
        "actions": [{
            "id": "INVOKE_FUNCTION___f5fc2877f9f04719bcee29598abfb578",
            "type": "INVOKE_FUNCTION",
            "sequenceKUID": "orientationSupport",
            "display": "orientationSupport",
            "inputparams": [],
            "parentId": null,
            "callbackType": null,
            "disabled": null,
            "source": "controller"
        }]
    }
}