{
    "AS_Button_h9f84aa860034bdea455cdda66a5ed48": {
        "id": "AS_Button_h9f84aa860034bdea455cdda66a5ed48",
        "type": "ACTION_SEQUENCE",
        "params": [{
            "datatype": "collection",
            "name": "eventobject"
        }],
        "contextObj": {
            "name": "Form1",
            "type": "forms",
            "platform": "",
            "KUID": "cf5d46e230ed437f9541881983490a18"
        },
        "language": "js",
        "actions": [{
            "id": "INVOKE_FUNCTION__onClick_c8e7ccfd91fc407bbc620774a0d1209e",
            "type": "INVOKE_FUNCTION",
            "sequenceKUID": "userAgent",
            "display": "userAgent",
            "inputparams": [],
            "callbackType": null,
            "disabled": null,
            "source": "controller"
        }]
    }
}