{
    "AS_Button_c72548320f3743abaab02797cf1f078e": {
        "id": "AS_Button_c72548320f3743abaab02797cf1f078e",
        "type": "ACTION_SEQUENCE",
        "params": [{
            "datatype": "collection",
            "name": "eventobject"
        }],
        "language": "js",
        "actions": [{
            "id": "INVOKE_FUNCTION__onClick_a6d1e8fe7e4547258123559e6d9bc830",
            "type": "INVOKE_FUNCTION",
            "sequenceKUID": "toCurrency",
            "display": "toCurrency",
            "inputparams": [],
            "callbackType": null,
            "disabled": null,
            "source": "controller"
        }]
    }
}