{
    "AS_Button_c33e361554274bba892e48ab3a7d866e": {
        "id": "AS_Button_c33e361554274bba892e48ab3a7d866e",
        "type": "ACTION_SEQUENCE",
        "params": [{
            "datatype": "collection",
            "name": "eventobject"
        }],
        "contextObj": {
            "name": "Form1",
            "type": "forms",
            "platform": "",
            "KUID": "cf5d46e230ed437f9541881983490a18"
        },
        "language": "js",
        "actions": [{
            "id": "INVOKE_FUNCTION___gfa26432c748429ba4a116d62112ab28",
            "type": "INVOKE_FUNCTION",
            "sequenceKUID": "getDeviceOrientation",
            "display": "getDeviceOrientation",
            "inputparams": [],
            "parentId": null,
            "callbackType": null,
            "disabled": null,
            "source": "controller"
        }]
    }
}