{
    "AS_Button_f7ed69855b534f7f83fd4dc9b51789ca": {
        "id": "AS_Button_f7ed69855b534f7f83fd4dc9b51789ca",
        "type": "ACTION_SEQUENCE",
        "params": [{
            "datatype": "collection",
            "name": "eventobject"
        }],
        "contextObj": {
            "name": "Form1",
            "type": "forms",
            "platform": "",
            "KUID": "cf5d46e230ed437f9541881983490a18"
        },
        "language": "js",
        "actions": [{
            "id": "INVOKE_FUNCTION___c6934471f7ec4724a5425d46e00952ca",
            "type": "INVOKE_FUNCTION",
            "sequenceKUID": "cameraSupport",
            "display": "cameraSupport",
            "inputparams": [],
            "parentId": null,
            "callbackType": null,
            "disabled": null,
            "source": "controller"
        }]
    }
}