{
    "AS_Button_dda85bea712e429c9cb96ddb7d1be97c": {
        "id": "AS_Button_dda85bea712e429c9cb96ddb7d1be97c",
        "type": "ACTION_SEQUENCE",
        "params": [{
            "datatype": "collection",
            "name": "eventobject"
        }],
        "contextObj": {
            "name": "Form1",
            "type": "forms",
            "platform": "",
            "KUID": "cf5d46e230ed437f9541881983490a18"
        },
        "language": "js",
        "actions": [{
            "id": "INVOKE_FUNCTION___ed9e36d1160b4176b172c99044ef514c",
            "type": "INVOKE_FUNCTION",
            "sequenceKUID": "freeMemory",
            "display": "freeMemory",
            "inputparams": [],
            "parentId": null,
            "callbackType": null,
            "disabled": null,
            "source": "controller"
        }]
    }
}