{
    "AS_Button_d1707055d3564477b1a978e3ef042788": {
        "id": "AS_Button_d1707055d3564477b1a978e3ef042788",
        "type": "ACTION_SEQUENCE",
        "params": [{
            "datatype": "collection",
            "name": "eventobject"
        }],
        "language": "js",
        "actions": [{
            "id": "INVOKE_FUNCTION__onClick_h989e98f2b234872ba36037bedd6e1ed",
            "type": "INVOKE_FUNCTION",
            "sequenceKUID": "userAgent",
            "display": "userAgent",
            "inputparams": [],
            "callbackType": null,
            "disabled": null,
            "source": "controller"
        }]
    }
}