{
    "AS_Button_jd846989420d4d55a6c8bb34fa3fcd82": {
        "id": "AS_Button_jd846989420d4d55a6c8bb34fa3fcd82",
        "type": "ACTION_SEQUENCE",
        "params": [{
            "datatype": "collection",
            "name": "eventobject"
        }],
        "contextObj": {
            "name": "Form1",
            "type": "forms",
            "platform": "",
            "KUID": "cf5d46e230ed437f9541881983490a18"
        },
        "language": "js",
        "actions": [{
            "id": "INVOKE_FUNCTION___d9b46685936c47a1920c625c76229276",
            "type": "INVOKE_FUNCTION",
            "sequenceKUID": "deviceInfo",
            "display": "deviceInfo",
            "inputparams": [],
            "parentId": null,
            "callbackType": null,
            "disabled": null,
            "source": "controller"
        }]
    }
}