{
    "AS_Button_cb93c91aac534f59929a656e99438edb": {
        "id": "AS_Button_cb93c91aac534f59929a656e99438edb",
        "type": "ACTION_SEQUENCE",
        "params": [{
            "datatype": "collection",
            "name": "eventobject"
        }],
        "contextObj": {
            "name": "Form1",
            "type": "forms",
            "platform": "",
            "KUID": "cf5d46e230ed437f9541881983490a18"
        },
        "language": "js",
        "actions": [{
            "id": "INVOKE_FUNCTION___b5e35ef6ae2645d7afb13c73b1966427",
            "type": "INVOKE_FUNCTION",
            "sequenceKUID": "createUUID",
            "display": "createUUID",
            "inputparams": [],
            "parentId": null,
            "callbackType": null,
            "disabled": null,
            "source": "controller"
        }]
    }
}