{
    "applicableblockedUIWidget": "Button",
    "background_color": "ffffffff",
    "background_style": "vg",
    "bg_type": "one",
    "blockedimgURL": "",
    "border_color": "e2e2e200",
    "border_radius": 4,
    "border_style": "custom",
    "border_type": 0,
    "border_width": 1,
    "bottom_left_border_color": "000000ff",
    "bottom_left_border_radius": 10,
    "bottom_left_border_width": 0,
    "bottom_right_border_color": "000000ff",
    "bottom_right_border_radius": 10,
    "bottom_right_border_width": 0,
    "font_color": "000000ff",
    "font_size": 100,
    "font_weight": "normal",
    "gridLineColor": "0000000",
    "id": "newSegSkin",
    "iphone": {
        "applicableblockedUIWidget": "Button",
        "background_color": "ffffffff",
        "background_style": "vg",
        "bg_type": "one",
        "blockedimgURL": "",
        "border_color": "e2e2e200",
        "border_radius": 4,
        "border_style": "custom",
        "border_type": 0,
        "border_width": 1,
        "bottom_left_border_color": "000000ff",
        "bottom_left_border_radius": 10,
        "bottom_left_border_width": 0,
        "bottom_right_border_color": "000000ff",
        "bottom_right_border_radius": 10,
        "bottom_right_border_width": 0,
        "font_color": "000000ff",
        "font_size": 100,
        "font_weight": "normal",
        "gridLineColor": "0000000",
        "id": "newSegSkin",
        "isForked": true,
        "psp": {},
        "shadow": {
            "br": 2,
            "color": "424242",
            "inner": false,
            "x": 0,
            "y": 2
        },
        "text_shadow": {
            "br": 0,
            "color": "000000",
            "x": 0,
            "y": 0
        },
        "top_left_border_color": "000000ff",
        "top_left_border_radius": 10,
        "top_left_border_width": 0,
        "top_right_border_color": "000000ff",
        "top_right_border_radius": 10,
        "top_right_border_width": 0,
        "use_native": "false",
        "vizChannel": "iphone",
        "wType": "Segment"
    },
    "isForked": false,
    "kuid": "s674f3e255d342acb369382465e08312",
    "shadow": {
        "br": 0,
        "color": "000000",
        "inner": false,
        "x": 0,
        "y": 0
    },
    "text_shadow": {
        "br": 0,
        "color": "000000",
        "x": 0,
        "y": 0
    },
    "top_left_border_color": "000000ff",
    "top_left_border_radius": 10,
    "top_left_border_width": 0,
    "top_right_border_color": "000000ff",
    "top_right_border_radius": 10,
    "top_right_border_width": 0,
    "use_native": "false",
    "vizChannel": "default",
    "wType": "Segment"
}