{
    "AS_Button_d0b4f1654622443eae80bc95496aface": {
        "id": "AS_Button_d0b4f1654622443eae80bc95496aface",
        "type": "ACTION_SEQUENCE",
        "params": [{
            "datatype": "collection",
            "name": "eventobject"
        }],
        "contextObj": {
            "name": "frmHome",
            "type": "forms",
            "platform": "",
            "KUID": "b48f2095acae466494aa934626785ac7"
        },
        "language": "js",
        "actions": [{
            "id": "INVOKE_FUNCTION___c4d13a78141f4b69945827f47a4b8944",
            "type": "INVOKE_FUNCTION",
            "sequenceKUID": "save",
            "display": "save",
            "inputparams": [],
            "parentId": null,
            "callbackType": null,
            "disabled": null,
            "source": "controller"
        }]
    }
}