{
    "AS_Button_e4b5d71a0512417194f9bbe12d89a6b9": {
        "id": "AS_Button_e4b5d71a0512417194f9bbe12d89a6b9",
        "type": "ACTION_SEQUENCE",
        "params": [{
            "datatype": "collection",
            "name": "eventobject"
        }],
        "contextObj": {
            "name": "frmHome",
            "type": "forms",
            "platform": "",
            "KUID": "b48f2095acae466494aa934626785ac7"
        },
        "language": "js",
        "actions": [{
            "id": "INVOKE_FUNCTION___bc88f2fef02f408e841496ee5e67f468",
            "type": "INVOKE_FUNCTION",
            "sequenceKUID": "remove",
            "display": "remove",
            "inputparams": [],
            "parentId": null,
            "callbackType": null,
            "disabled": null,
            "source": "controller"
        }]
    }
}