{
    "AS_Button_i9da49e3f46a4826a49f4ce632e214e0": {
        "id": "AS_Button_i9da49e3f46a4826a49f4ce632e214e0",
        "type": "ACTION_SEQUENCE",
        "params": [{
            "datatype": "collection",
            "name": "eventobject"
        }],
        "contextObj": {
            "name": "frmHome",
            "type": "forms",
            "platform": "",
            "KUID": "b48f2095acae466494aa934626785ac7"
        },
        "language": "js",
        "actions": [{
            "id": "INVOKE_FUNCTION___d9448bf9f11b449a8954449a4311c06e",
            "type": "INVOKE_FUNCTION",
            "sequenceKUID": "retrieve",
            "display": "retrieve",
            "inputparams": [],
            "parentId": null,
            "callbackType": null,
            "disabled": null,
            "source": "controller"
        }]
    }
}