{
    "AS_Button_haf66be21f4b4abbb9c31b1fb7212043": {
        "id": "AS_Button_haf66be21f4b4abbb9c31b1fb7212043",
        "type": "ACTION_SEQUENCE",
        "params": [{
            "datatype": "collection",
            "name": "eventobject"
        }],
        "contextObj": {
            "name": "frmHome",
            "type": "forms",
            "platform": "",
            "KUID": "b48f2095acae466494aa934626785ac7"
        },
        "language": "js",
        "actions": [{
            "id": "INVOKE_FUNCTION___b5001b15abd44eb6a516a2209dd3de59",
            "type": "INVOKE_FUNCTION",
            "sequenceKUID": "remove",
            "display": "remove",
            "inputparams": [],
            "parentId": null,
            "callbackType": null,
            "disabled": null,
            "source": "controller"
        }]
    }
}