{
    "AS_Button_fff95e2e4941404c93f790f06dbcf442": {
        "id": "AS_Button_fff95e2e4941404c93f790f06dbcf442",
        "type": "ACTION_SEQUENCE",
        "params": [{
            "datatype": "collection",
            "name": "eventobject"
        }],
        "contextObj": {
            "name": "frmHome",
            "type": "forms",
            "platform": "",
            "KUID": "b48f2095acae466494aa934626785ac7"
        },
        "language": "js",
        "actions": [{
            "id": "INVOKE_FUNCTION___a4c7c7d1f1594828805c38404796e428",
            "type": "INVOKE_FUNCTION",
            "sequenceKUID": "save",
            "display": "save",
            "inputparams": [],
            "parentId": null,
            "callbackType": null,
            "disabled": null,
            "source": "controller"
        }]
    }
}