{
    "AS_Button_h0aa65b0b27540dc80c99ce25f001672": {
        "id": "AS_Button_h0aa65b0b27540dc80c99ce25f001672",
        "type": "ACTION_SEQUENCE",
        "params": [{
            "datatype": "collection",
            "name": "eventobject"
        }],
        "contextObj": {
            "name": "frmHome",
            "type": "forms",
            "platform": "",
            "KUID": "b48f2095acae466494aa934626785ac7"
        },
        "language": "js",
        "actions": [{
            "id": "INVOKE_FUNCTION___cbbdbc3356f741d998203a609e575d8c",
            "type": "INVOKE_FUNCTION",
            "sequenceKUID": "retrieve",
            "display": "retrieve",
            "inputparams": [],
            "parentId": null,
            "callbackType": null,
            "disabled": null,
            "source": "controller"
        }]
    }
}