{
    "AS_Button_fd3864ca96394624bd751663c05e6557": {
        "id": "AS_Button_fd3864ca96394624bd751663c05e6557",
        "type": "ACTION_SEQUENCE",
        "params": [{
            "datatype": "collection",
            "name": "eventobject"
        }],
        "contextObj": {
            "name": "frmHome",
            "type": "forms",
            "platform": null,
            "KUID": "gdf4b348002b456bb2480daa30908e3d"
        },
        "language": "js",
        "actions": [{
            "id": "INVOKE_FUNCTION___i4944a0c5efa4c8cb0248762c83847f8",
            "type": "INVOKE_FUNCTION",
            "sequenceKUID": "getBatteryState",
            "display": "getBatteryState",
            "inputparams": [],
            "parentId": null,
            "callbackType": null,
            "disabled": null,
            "source": "controller"
        }]
    }
}