{
    "AS_Button_db2abbef2d4c40b1ada92302d8ec1781": {
        "id": "AS_Button_db2abbef2d4c40b1ada92302d8ec1781",
        "type": "ACTION_SEQUENCE",
        "params": [{
            "datatype": "collection",
            "name": "eventobject"
        }],
        "contextObj": {
            "name": "frmHome",
            "type": "forms",
            "platform": null,
            "KUID": "gdf4b348002b456bb2480daa30908e3d"
        },
        "language": "js",
        "actions": [{
            "id": "INVOKE_FUNCTION___c2fcef4ae24746b3b0a8c97558238b34",
            "type": "INVOKE_FUNCTION",
            "sequenceKUID": "getBatteryLevel",
            "display": "getBatteryLevel",
            "inputparams": [],
            "parentId": null,
            "callbackType": null,
            "disabled": null,
            "source": "controller"
        }]
    }
}