{
    "AS_Button_a566a915f0d1459c8ef1138afbdfca2b": {
        "id": "AS_Button_a566a915f0d1459c8ef1138afbdfca2b",
        "type": "ACTION_SEQUENCE",
        "params": [{
            "datatype": "collection",
            "name": "eventobject"
        }, {
            "datatype": "string",
            "name": "x"
        }, {
            "datatype": "string",
            "name": "y"
        }],
        "contextObj": {
            "name": "frmHome",
            "type": "forms",
            "platform": null,
            "KUID": "gdf4b348002b456bb2480daa30908e3d"
        },
        "language": "js",
        "actions": [{
            "id": "INVOKE_FUNCTION___h6d836b0a6e5424ba94cbbacedb42ee2",
            "type": "INVOKE_FUNCTION",
            "sequenceKUID": "getBatteryState",
            "display": "getBatteryState",
            "inputparams": [],
            "parentId": null,
            "callbackType": null,
            "disabled": null,
            "source": "controller"
        }]
    }
}