{
    "AS_Button_ca8bbccd20924aecb12688f4c5df9053": {
        "id": "AS_Button_ca8bbccd20924aecb12688f4c5df9053",
        "type": "ACTION_SEQUENCE",
        "params": [{
            "datatype": "collection",
            "name": "eventobject"
        }],
        "contextObj": {
            "name": "frmHome",
            "type": "forms",
            "platform": null,
            "KUID": "gdf4b348002b456bb2480daa30908e3d"
        },
        "language": "js",
        "actions": [{
            "id": "INVOKE_FUNCTION___aa4ffca15d6d44f18d64232ba4ef708c",
            "type": "INVOKE_FUNCTION",
            "sequenceKUID": "registerBatteryService",
            "display": "registerBatteryService",
            "inputparams": [],
            "parentId": null,
            "callbackType": null,
            "disabled": null,
            "source": "controller"
        }]
    }
}