{
    "@class": "com.kony.gen.viz.model.component.KVizButton",
    "DNDConfig": null,
    "__parentReadjusting__": false,
    "_bottom_": {
        "type": "string",
        "value": "4%"
    },
    "_height_": {
        "type": "string",
        "value": "70dp"
    },
    "_margin_": [
        6,
        6,
        6,
        6
    ],
    "_padding_": [
        0,
        0,
        0,
        0
    ],
    "_right_": {
        "type": "string",
        "value": "4%"
    },
    "_skin_": "s8e9c08bc890473b831208ade988abbd",
    "_text_": "",
    "_width_": {
        "type": "string",
        "value": "70dp"
    },
    "canUpdateUI": true,
    "containerweight": 100,
    "contentalignment": 5,
    "displaytext": true,
    "focusskin": "s8e9c08bc890473b831208ade988abbd",
    "id": "btnFramework",
    "ide_onClick": "AS_Button_bf62bbe2d4714e2e85dce1d8d4bd5ec1",
    "info": null,
    "iscustomlayout": false,
    "isvisible": true,
    "kuid": "j41b87a2b7224c6c98881c01fcdfea0d",
    "name": "kony.ui.Button",
    "parent": "frmOptions",
    "pf": "frmOptions",
    "retaincontentalignment": false,
    "retainflexpositionproperties": false,
    "wType": "Button",
    "zindex": 10
}