{
    "@class": "com.kony.gen.viz.model.container.KVizSegment2",
    "DNDConfig": null,
    "__parentReadjusting__": false,
    "_data_": [
        {
            "lblTitle": {
                "@class": "com.viz.ide.model.segment.SimpleTextSegmentData",
                "text": "Current Position"
            }
        },
        {
            "lblTitle": {
                "@class": "com.viz.ide.model.segment.SimpleTextSegmentData",
                "text": "Watch Position"
            }
        }
    ],
    "_height_": {
        "type": "ref",
        "value": "preferred"
    },
    "_indicator_": "none",
    "_margin_": [
        0,
        0,
        0,
        0
    ],
    "_orientation_": 2,
    "_padding_": [
        0,
        0,
        0,
        0
    ],
    "_top_": {
        "type": "string",
        "value": "0dp"
    },
    "_width_": {
        "type": "string",
        "value": "100%"
    },
    "autogrowmode": 1,
    "canUpdateUI": true,
    "centerx": {
        "type": "string",
        "value": "50%"
    },
    "containerweight": 100,
    "counter": "01",
    "focusedindex": null,
    "focuseditem": null,
    "groupcells": false,
    "hasSections": false,
    "id": "segApi",
    "ide_onRowClick": "AS_Segment_if17425fd7244ef984e0c57c87e5f360",
    "info": null,
    "ipad": {
        "psp": {
            "indicator": "rowselect"
        }
    },
    "iphone": {
        "psp": {
            "indicator": "none"
        }
    },
    "isvisible": true,
    "kuid": "f4c01870260743a38e09c3c21d0f26ff",
    "masterdata": {},
    "name": "kony.ui.SegmentedUI2",
    "needpageindicator": true,
    "pageoffdotimage": "pageoffdot.png",
    "pageondotimage": "pageondot.png",
    "paginationconfig": {
        "position": "bottom"
    },
    "parent": "flxSegContainer",
    "pf": "frmOptions",
    "retainselection": false,
    "rowTemplateId": "dd89a9d435a0416ba4e1f4331a7e41ee",
    "rowcounter": 1,
    "rowfocusskin": "s1b49403b1774bc68018186ae3b9b401",
    "rowskin": "sde4b3b35c63445bb1757adddfd1342e",
    "rowtemplate": "flxSegTempRoot",
    "screenlevelwidget": false,
    "seccounter": 0,
    "sectionheaderskin": "s0717d1da9aa4a3bae02424799057815",
    "selectedRows": null,
    "selectedState": false,
    "selectedindex": null,
    "selectedindices": null,
    "selecteditems": null,
    "selectedsectionindex": 0,
    "selectionbehavior": "default",
    "separatorcolor": "4747473a",
    "separatorrequired": true,
    "separatorthickness": 1,
    "showscrollbars": false,
    "viewtype": "tableview",
    "wType": "Segment",
    "widgetalignment": 5,
    "widgetdatamap": {
        "flxSegTempRoot": "flxSegTempRoot",
        "lblTitle": "lblTitle"
    },
    "zindex": 1
}