{
    "@class": "com.kony.gen.viz.model.component.KVizButton",
    "DNDConfig": null,
    "__parentReadjusting__": false,
    "_height_": {
        "type": "string",
        "value": "60dp"
    },
    "_left_": {
        "type": "string",
        "value": "244dp"
    },
    "_margin_": [
        6,
        6,
        6,
        6
    ],
    "_padding_": [
        0,
        0,
        0,
        0
    ],
    "_skin_": "s0f9e83b8b634a7693440158a2d4ac5d",
    "_text_": "Add Bookmark State",
    "_top_": {
        "type": "string",
        "value": "326dp"
    },
    "_width_": {
        "type": "string",
        "value": "300dp"
    },
    "canUpdateUI": true,
    "centerx": {
        "type": "string",
        "value": "50.00%"
    },
    "centery": {
        "type": "string",
        "value": "24.05%"
    },
    "containerweight": 100,
    "contentalignment": 5,
    "displaytext": true,
    "focusskin": "s2d297a017ca4c3298ecc517fb994f34",
    "id": "btnAddState",
    "info": null,
    "iscustomlayout": false,
    "isvisible": true,
    "kuid": "a4e4f2acc755410880a5e5ed27af238c",
    "name": "kony.ui.Button",
    "onclick": "AS_Button_eb1dddf4be1e4f40968d582e11f1a2ff",
    "parent": "flxBody",
    "pf": "frmHome",
    "retaincontentalignment": false,
    "retainflexpositionproperties": false,
    "wType": "Button",
    "zindex": 1
}