{
    "@class": "com.kony.gen.viz.model.component.KVizButton",
    "DNDConfig": null,
    "__parentReadjusting__": false,
    "_height_": {
        "type": "string",
        "value": "60dp"
    },
    "_left_": {
        "type": "string",
        "value": "450dp"
    },
    "_margin_": [
        6,
        6,
        6,
        6
    ],
    "_padding_": [
        0,
        0,
        0,
        0
    ],
    "_skin_": "s86bf8a98d6241d6baeb6e8b25d57256",
    "_text_": "Get Bookmark State",
    "_top_": {
        "type": "string",
        "value": "215dp"
    },
    "_width_": {
        "type": "string",
        "value": "300dp"
    },
    "canUpdateUI": true,
    "centerx": {
        "type": "string",
        "value": "50.00%"
    },
    "centery": {
        "type": "string",
        "value": "38.75%"
    },
    "containerweight": 100,
    "contentalignment": 5,
    "displaytext": true,
    "focusskin": "sa9dfe4914a54fa18610b8332a2ec623",
    "id": "btnGetState",
    "info": null,
    "iscustomlayout": false,
    "isvisible": true,
    "kuid": "c42456f3b17646aea3d7f7e0dd078bba",
    "name": "kony.ui.Button",
    "onclick": "AS_Button_a8653c69f19843aea06e23594e685cf4",
    "parent": "flxBody",
    "pf": "frmHome",
    "retaincontentalignment": false,
    "retainflexpositionproperties": false,
    "wType": "Button",
    "zindex": 1
}