{
    "@class": "com.kony.gen.viz.model.component.KVizButton",
    "DNDConfig": null,
    "__parentReadjusting__": false,
    "_height_": {
        "type": "string",
        "value": "60dp"
    },
    "_left_": {
        "type": "string",
        "value": "450dp"
    },
    "_margin_": [
        6,
        6,
        6,
        6
    ],
    "_padding_": [
        0,
        0,
        0,
        0
    ],
    "_skin_": "sf9de0cd741f4e28b1c048c2efc1541a",
    "_text_": "Remove Bookmark State",
    "_top_": {
        "type": "string",
        "value": "290dp"
    },
    "_width_": {
        "type": "string",
        "value": "300dp"
    },
    "canUpdateUI": true,
    "centerx": {
        "type": "string",
        "value": "50.00%"
    },
    "centery": {
        "type": "string",
        "value": "54.59%"
    },
    "containerweight": 100,
    "contentalignment": 5,
    "displaytext": true,
    "focusskin": "sc6e37a01099431886fed5ca13050d4d",
    "id": "removeState",
    "info": null,
    "iscustomlayout": false,
    "isvisible": true,
    "kuid": "ad5115691a394256918893c11f8ede56",
    "name": "kony.ui.Button",
    "onclick": "AS_Button_f5d883423064444999a3cb9b61f10def",
    "parent": "flxBody",
    "pf": "frmHome",
    "retaincontentalignment": false,
    "retainflexpositionproperties": false,
    "wType": "Button",
    "zindex": 1
}