{
    "@class": "com.kony.gen.viz.model.component.KVizButton",
    "DNDConfig": null,
    "__parentReadjusting__": false,
    "_height_": {
        "type": "string",
        "value": "60dp"
    },
    "_left_": {
        "type": "string",
        "value": "450dp"
    },
    "_margin_": [
        6,
        6,
        6,
        6
    ],
    "_padding_": [
        0,
        0,
        0,
        0
    ],
    "_skin_": "sf3ebcd38130456a902a94efe44b75ee",
    "_text_": "Reset Bookmark State (JSON)",
    "_top_": {
        "type": "string",
        "value": "450dp"
    },
    "_width_": {
        "type": "string",
        "value": "300dp"
    },
    "canUpdateUI": true,
    "centerx": {
        "type": "string",
        "value": "50.00%"
    },
    "centery": {
        "type": "string",
        "value": "83.68%"
    },
    "containerweight": 100,
    "contentalignment": 5,
    "displaytext": true,
    "focusskin": "s4e747b0ad754dda9adbbf9735421c3f",
    "id": "resetState",
    "info": null,
    "iscustomlayout": false,
    "isvisible": true,
    "kuid": "f02670611c3d487786385146f84fd7b7",
    "name": "kony.ui.Button",
    "onclick": "AS_Button_d67bb570b8f5450db7afcffafbdd6b33",
    "parent": "flxBody",
    "pf": "frmHome",
    "retaincontentalignment": false,
    "retainflexpositionproperties": false,
    "wType": "Button",
    "zindex": 1
}