{
    "@class": "com.kony.gen.viz.model.component.KVizButton",
    "DNDConfig": null,
    "__parentReadjusting__": false,
    "_height_": {
        "type": "string",
        "value": "60dp"
    },
    "_left_": {
        "type": "string",
        "value": "450dp"
    },
    "_margin_": [
        6,
        6,
        6,
        6
    ],
    "_padding_": [
        0,
        0,
        0,
        0
    ],
    "_skin_": "sb0566cb3ea04ced86d310eb9eea98ff",
    "_text_": "Set Bookmark State (JSON)",
    "_top_": {
        "type": "string",
        "value": "370dp"
    },
    "_width_": {
        "type": "string",
        "value": "300dp"
    },
    "canUpdateUI": true,
    "centerx": {
        "type": "string",
        "value": "50.00%"
    },
    "centery": {
        "type": "string",
        "value": "69.62%"
    },
    "containerweight": 100,
    "contentalignment": 5,
    "displaytext": true,
    "focusskin": "s421c1a0639641eba1df3a3ba3f72ef8",
    "id": "setState",
    "info": null,
    "iscustomlayout": false,
    "isvisible": true,
    "kuid": "gc8315752f3f40e3901ed72b3345e09d",
    "name": "kony.ui.Button",
    "onclick": "AS_Button_b218628fff964b40a8a084589bc9b59a",
    "parent": "flxBody",
    "pf": "frmHome",
    "retaincontentalignment": false,
    "retainflexpositionproperties": false,
    "wType": "Button",
    "zindex": 1
}