{
    "AS_Button_i4e2591f86c846e8bf8c686726794e0f": {
        "id": "AS_Button_i4e2591f86c846e8bf8c686726794e0f",
        "type": "ACTION_SEQUENCE",
        "params": [{
            "datatype": "collection",
            "name": "eventobject"
        }],
        "contextObj": {
            "name": "frmBadge",
            "type": "forms",
            "platform": "",
            "KUID": "c624783df7d54f5cb95a0dc7a2000e40"
        },
        "language": "js",
        "actions": [{
            "id": "NAVIGATE_TO_FORM___b5b42b3c60884563aa172199ecef5ef6",
            "type": "NAVIGATE_TO_FORM",
            "formId": "Form1",
            "formKUID": "ba0d9df63b274f7c90ff7b21f7bd61e7",
            "mappings": {},
            "mappingsOrder": [],
            "parentId": "",
            "callbackType": null,
            "enableMappingEditor": true,
            "package": "",
            "navigationObj": "{\n    \"_meta_\": {\n        \"eventName\": \"onClick\",\n        \"widgetId\": \"btnAppMenu\"\n    }\n}",
            "isCustomInput": false
        }]
    }
}