{
    "AS_Button_ic9de8d8e3304a76a9ca36689d9d8c39": {
        "id": "AS_Button_ic9de8d8e3304a76a9ca36689d9d8c39",
        "type": "ACTION_SEQUENCE",
        "params": [{
            "datatype": "collection",
            "name": "eventobject"
        }],
        "contextObj": {
            "name": "Form1",
            "type": "forms",
            "platform": null,
            "KUID": "ba0d9df63b274f7c90ff7b21f7bd61e7"
        },
        "language": "js",
        "actions": [{
            "id": "INVOKE_FUNCTION___ba13314ba76b41ca90db59360248d5b1",
            "type": "INVOKE_FUNCTION",
            "sequenceKUID": "getappmenuid",
            "display": "getappmenuid",
            "inputparams": [],
            "parentId": null,
            "callbackType": null,
            "disabled": null,
            "source": "controller"
        }]
    }
}