{
    "AS_Button_h3fc4e97f2474658ae518428e15b63ea": {
        "id": "AS_Button_h3fc4e97f2474658ae518428e15b63ea",
        "type": "ACTION_SEQUENCE",
        "params": [{
            "datatype": "collection",
            "name": "eventobject"
        }],
        "contextObj": {
            "name": "Form1",
            "type": "forms",
            "platform": null,
            "KUID": "ba0d9df63b274f7c90ff7b21f7bd61e7"
        },
        "language": "js",
        "actions": [{
            "id": "INVOKE_FUNCTION___a7151be25e024354aeca8994c7465ed6",
            "type": "INVOKE_FUNCTION",
            "sequenceKUID": "createAppMenu",
            "display": "createAppMenu",
            "inputparams": [],
            "parentId": null,
            "callbackType": null,
            "disabled": null,
            "source": "controller"
        }]
    }
}