{
    "AS_Button_c5db1f23e5da40239ac38d0988d317ed": {
        "id": "AS_Button_c5db1f23e5da40239ac38d0988d317ed",
        "type": "ACTION_SEQUENCE",
        "params": [{
            "datatype": "collection",
            "name": "eventobject"
        }],
        "contextObj": {
            "name": "Form1",
            "type": "forms",
            "platform": null,
            "KUID": "ba0d9df63b274f7c90ff7b21f7bd61e7"
        },
        "language": "js",
        "actions": [{
            "id": "INVOKE_FUNCTION___b9b83ffb1f83463b873aec6c53a81238",
            "type": "INVOKE_FUNCTION",
            "sequenceKUID": "setappmenuid",
            "display": "setappmenuid",
            "inputparams": [],
            "parentId": null,
            "callbackType": null,
            "disabled": null,
            "source": "controller"
        }]
    }
}