{
    "AS_Button_a50574bf216f47d0bf3ef0f4575cf199": {
        "id": "AS_Button_a50574bf216f47d0bf3ef0f4575cf199",
        "type": "ACTION_SEQUENCE",
        "params": [{
            "datatype": "collection",
            "name": "eventobject"
        }],
        "contextObj": {
            "name": "frmBadge",
            "type": "forms",
            "platform": "",
            "KUID": "c624783df7d54f5cb95a0dc7a2000e40"
        },
        "language": "js",
        "actions": [{
            "id": "INVOKE_FUNCTION__onClick_fb15263c351e4a02b9fa5757efd846c2",
            "type": "INVOKE_FUNCTION",
            "sequenceKUID": "gettingBadge",
            "display": "gettingBadge",
            "inputparams": [],
            "callbackType": null,
            "disabled": null,
            "source": "controller"
        }]
    }
}