{
    "AS_Form_e917a66dc16b4e50aab21ad3f4d37b62": {
        "id": "AS_Form_e917a66dc16b4e50aab21ad3f4d37b62",
        "type": "ACTION_SEQUENCE",
        "params": [{
            "datatype": "collection",
            "name": "eventobject"
        }],
        "contextObj": {
            "name": "Form1",
            "type": "forms",
            "platform": "",
            "KUID": "ba0d9df63b274f7c90ff7b21f7bd61e7"
        },
        "language": "js",
        "actions": [{
            "id": "INVOKE_FUNCTION___df5c6c7b33114e5ba49612861a796811",
            "type": "INVOKE_FUNCTION",
            "sequenceKUID": "createAppMenu",
            "display": "createAppMenu",
            "inputparams": [],
            "parentId": null,
            "callbackType": null,
            "disabled": null,
            "source": "controller"
        }]
    }
}