{
    "AS_Form_ab9016699ede4d72a98984a74161bf1c": {
        "id": "AS_Form_ab9016699ede4d72a98984a74161bf1c",
        "type": "ACTION_SEQUENCE",
        "params": [{
            "datatype": "collection",
            "name": "eventobject"
        }],
        "contextObj": {
            "name": "Form1",
            "type": "forms",
            "platform": "",
            "KUID": "ba0d9df63b274f7c90ff7b21f7bd61e7"
        },
        "language": "js",
        "actions": [{
            "id": "INVOKE_FUNCTION___g9c70e1d5b3a4e148ef4624d2b29e9f7",
            "type": "INVOKE_FUNCTION",
            "sequenceKUID": "createAppMenu",
            "display": "createAppMenu",
            "inputparams": [],
            "parentId": null,
            "callbackType": null,
            "disabled": null,
            "source": "controller"
        }]
    }
}