{
    "AS_Form_e6574f3081df459f8403caa93f4b5193": {
        "id": "AS_Form_e6574f3081df459f8403caa93f4b5193",
        "type": "ACTION_SEQUENCE",
        "params": [{
            "datatype": "collection",
            "name": "eventobject"
        }],
        "contextObj": {
            "name": "Form1",
            "type": "forms",
            "platform": "",
            "KUID": "ba0d9df63b274f7c90ff7b21f7bd61e7"
        },
        "language": "js",
        "actions": [{
            "id": "INVOKE_FUNCTION___aabaa6f577e94873bf9193f81e90faa4",
            "type": "INVOKE_FUNCTION",
            "sequenceKUID": "createAppMenu",
            "display": "createAppMenu",
            "inputparams": [],
            "parentId": null,
            "callbackType": null,
            "disabled": null,
            "source": "controller"
        }]
    }
}