{
    "AS_Form_cb1d1164362a482795de38ab2dedf66c": {
        "id": "AS_Form_cb1d1164362a482795de38ab2dedf66c",
        "type": "ACTION_SEQUENCE",
        "params": [{
            "datatype": "collection",
            "name": "eventobject"
        }],
        "contextObj": {
            "name": "Form1",
            "type": "forms",
            "platform": "",
            "KUID": "ba0d9df63b274f7c90ff7b21f7bd61e7"
        },
        "language": "js",
        "actions": [{
            "id": "INVOKE_FUNCTION___b83e56e20aa343458cf7d1f20dca9101",
            "type": "INVOKE_FUNCTION",
            "sequenceKUID": "createAppMenu",
            "display": "createAppMenu",
            "inputparams": [],
            "parentId": null,
            "callbackType": null,
            "disabled": null,
            "source": "controller"
        }]
    }
}