{
    "AS_Button_cc8938cecffa4bcf91eaea8292768808": {
        "id": "AS_Button_cc8938cecffa4bcf91eaea8292768808",
        "type": "ACTION_SEQUENCE",
        "params": [{
            "datatype": "collection",
            "name": "eventobject"
        }],
        "contextObj": {
            "name": "frmHome",
            "type": "forms",
            "platform": null,
            "KUID": "b9bbda88cc9c4591affff6df781b1838"
        },
        "language": "js",
        "actions": [{
            "id": "ADD_SNIPPET__ibb343a5900942f3ac4bee308fb7df26",
            "type": "ADD_SNIPPET",
            "codeSnippet": "//To set a callback function for a scheduled timer, use the below code snippet.\nkony.timer.setCallBack(\"timer4\", this.callbackfunction);\n",
            "parentId": null,
            "callbackType": null
        }]
    }
}