{
    "@class": "com.kony.gen.viz.model.container.KVizSegment2",
    "DNDConfig": null,
    "__parentReadjusting__": false,
    "_data_": [
        {},
        {},
        {}
    ],
    "_height_": {
        "type": "string",
        "value": "100%"
    },
    "_indicator_": "none",
    "_left_": {
        "type": "string",
        "value": "0dp"
    },
    "_margin_": [
        0,
        0,
        0,
        0
    ],
    "_orientation_": 2,
    "_padding_": [
        0,
        0,
        0,
        0
    ],
    "_top_": {
        "type": "string",
        "value": "0dp"
    },
    "_width_": {
        "type": "string",
        "value": "100%"
    },
    "autogrowmode": 0,
    "canUpdateUI": true,
    "containerweight": 100,
    "counter": "02",
    "focusedindex": null,
    "focuseditem": null,
    "groupcells": false,
    "hasSections": false,
    "id": "segProductList",
    "ide_onRowClick": "AS_Segment_g9cde260521841d5a2e2ec22c93ffdd6",
    "info": null,
    "ipad": {
        "psp": {
            "indicator": "rowselect"
        }
    },
    "iphone": {
        "psp": {
            "indicator": "rowselect"
        }
    },
    "isvisible": true,
    "kuid": "aad0b41a88dd4681b29b280913b6f9f3",
    "masterdata": {},
    "mobile": {
        "_data_": [
            {},
            {},
            {}
        ],
        "rowtemplate": null,
        "widgetdatamap": {}
    },
    "name": "kony.ui.SegmentedUI2",
    "needpageindicator": true,
    "pageoffdotimage": "pageoffdot.png",
    "pageondotimage": "pageondot.png",
    "paginationconfig": {
        "position": "bottom"
    },
    "parent": "ProductList",
    "pf": "userwidgetmodel",
    "retainselection": false,
    "rowcounter": 2,
    "rowfocusskin": null,
    "rowskin": "sae225df84c54aa889b4c89152b10a9f",
    "rowtemplate": "flxProductRow",
    "screenlevelwidget": false,
    "seccounter": 0,
    "sectionheaderskin": "scff7a9efe5a4878be3c0f5b53dafc49",
    "selectedRows": null,
    "selectedState": false,
    "selectedindex": null,
    "selectedindices": null,
    "selecteditems": null,
    "selectedsectionindex": null,
    "selectionbehavior": "default",
    "separatorcolor": "64646400",
    "separatorrequired": true,
    "separatorthickness": 1,
    "showscrollbars": false,
    "viewtype": "tableview",
    "wType": "Segment",
    "widgetalignment": 5,
    "widgetdatamap": {},
    "zindex": 1
}