{
	"AS_FlexContainer_jf582ae16db246a8aa7078364c207959": {
		"id": "AS_FlexContainer_jf582ae16db246a8aa7078364c207959",
		"type": "ACTION_SEQUENCE",
		"params": [
			{
				"datatype": "collection",
				"name": "eventobject"
			}
		],
		"contextObj": {
			"KUID": "ub62824ff58045dbb695239958d997a0",
			"type": "userwidgets"
		},
		"language": "js",
		"actions": [
			{
				"id": "ADD_SNIPPET__d38b800e76f34706b809101c2c5c92ff",
				"type": "ADD_SNIPPET",
				"codeSnippet": "this.closeWhenDone();",
				"parentId": null,
				"callbackType": null
			}
		]
	}
}