{
	"AS_FlexContainer_eb36dc9d1d454a4db5a8ee39a0e85b9b": {
		"id": "AS_FlexContainer_eb36dc9d1d454a4db5a8ee39a0e85b9b",
		"type": "ACTION_SEQUENCE",
		"params": [
			{
				"datatype": "collection",
				"name": "eventobject"
			}
		],
		"contextObj": {
			"KUID": "ub62824ff58045dbb695239958d997a0",
			"type": "userwidgets"
		},
		"language": "js",
		"actions": [
			{
				"id": "ADD_SNIPPET__a5e238f56e114ef997a73074d05c4db8",
				"type": "ADD_SNIPPET",
				"codeSnippet": "this.onClickBack();",
				"parentId": null,
				"callbackType": null
			}
		]
	}
}