{
	"AS_FlexContainer_e007ca5e942e474fa13735d61e8be717": {
		"id": "AS_FlexContainer_e007ca5e942e474fa13735d61e8be717",
		"type": "ACTION_SEQUENCE",
		"params": [
			{
				"datatype": "collection",
				"name": "eventobject"
			}
		],
		"contextObj": {
			"KUID": "ub62824ff58045dbb695239958d997a0",
			"type": "userwidgets"
		},
		"language": "js",
		"actions": [
			{
				"id": "ADD_SNIPPET__ee3db4bdf009401bbda37393f91bda01",
				"type": "ADD_SNIPPET",
				"codeSnippet": "// if(this.view.rchTextDesc.isVisible === true)\n//   this.onClickDisappear(eventobject);\n// else\n//   this.onClickDisplay(eventobject);\nthis.showAccord(eventobject.id);",
				"parentId": null,
				"callbackType": null
			}
		]
	}
}