{
	"AS_Segment_d3e09723a5254b45ac9431b7e4bdbb06": {
		"id": "AS_Segment_d3e09723a5254b45ac9431b7e4bdbb06",
		"type": "ACTION_SEQUENCE",
		"params": [
			{
				"datatype": "collection",
				"name": "eventobject"
			},
			{
				"datatype": "number",
				"name": "sectionNumber"
			},
			{
				"datatype": "number",
				"name": "rowNumber"
			}
		],
		"contextObj": {
			"KUID": "ub62824ff58045dbb695239958d997a0",
			"type": "userwidgets"
		},
		"language": "js",
		"actions": [
			{
				"id": "ADD_SNIPPET__ea3b9c1701fd40cb87283afb2e8585fd",
				"type": "ADD_SNIPPET",
				"codeSnippet": "this.onRowClick();",
				"parentId": null,
				"callbackType": null
			}
		]
	}
}