{
    "AS_Button_f8ac8ea3185748a88719f0fd083045de": {
        "id": "AS_Button_f8ac8ea3185748a88719f0fd083045de",
        "type": "ACTION_SEQUENCE",
        "params": [{
            "datatype": "collection",
            "name": "eventobject"
        }],
        "contextObj": {
            "name": "frmHome",
            "type": "forms",
            "platform": null,
            "KUID": "ce05723c001645ceb6db391f85c76dc7"
        },
        "language": "js",
        "actions": [{
            "id": "INVOKE_FUNCTION___a9154cca8d334ce3afea355b816b589b",
            "type": "INVOKE_FUNCTION",
            "sequenceKUID": "enableDynQAItems",
            "display": "enableDynQAItems",
            "inputparams": [],
            "parentId": null,
            "callbackType": null,
            "disabled": null,
            "source": "controller"
        }]
    }
}