{
    "AS_Button_ffbb795605dc48319d175741b6375734": {
        "id": "AS_Button_ffbb795605dc48319d175741b6375734",
        "type": "ACTION_SEQUENCE",
        "params": [{
            "datatype": "collection",
            "name": "eventobject"
        }],
        "contextObj": {
            "name": "frmHome",
            "type": "forms",
            "platform": null,
            "KUID": "ce05723c001645ceb6db391f85c76dc7"
        },
        "language": "js",
        "actions": [{
            "id": "INVOKE_FUNCTION___ac4580b0004e4f93a507fb5fd9f785cb",
            "type": "INVOKE_FUNCTION",
            "sequenceKUID": "removeDynQAItems",
            "display": "removeDynQAItems",
            "inputparams": [],
            "parentId": null,
            "callbackType": null,
            "disabled": null,
            "source": "controller"
        }]
    }
}