{
    "AS_Button_d3c0cae5ee544a249be27a414072b09b": {
        "id": "AS_Button_d3c0cae5ee544a249be27a414072b09b",
        "type": "ACTION_SEQUENCE",
        "params": [{
            "datatype": "collection",
            "name": "eventobject"
        }],
        "contextObj": {
            "name": "frmHome",
            "type": "forms",
            "platform": null,
            "KUID": "ce05723c001645ceb6db391f85c76dc7"
        },
        "language": "js",
        "actions": [{
            "id": "INVOKE_FUNCTION___f5943cfa4a4e47e2b170159ed8b71864",
            "type": "INVOKE_FUNCTION",
            "sequenceKUID": "setDynQANormalTitle",
            "display": "setDynQANormalTitle",
            "inputparams": [],
            "parentId": null,
            "callbackType": null,
            "disabled": null,
            "source": "controller"
        }]
    }
}