{
    "AS_Button_cfa90c136ea94f90bf9e7121c0252ab8": {
        "id": "AS_Button_cfa90c136ea94f90bf9e7121c0252ab8",
        "type": "ACTION_SEQUENCE",
        "params": [{
            "datatype": "collection",
            "name": "eventobject"
        }],
        "contextObj": {
            "name": "frmHome",
            "type": "forms",
            "platform": null,
            "KUID": "ce05723c001645ceb6db391f85c76dc7"
        },
        "language": "js",
        "actions": [{
            "id": "INVOKE_FUNCTION___e836abb7f21c434db47028cc01c520d3",
            "type": "INVOKE_FUNCTION",
            "sequenceKUID": "disableDynQAItems",
            "display": "disableDynQAItems",
            "inputparams": [],
            "parentId": null,
            "callbackType": null,
            "disabled": null,
            "source": "controller"
        }]
    }
}