{
    "AS_Button_efc93581008041d2b1f270b971519a2f": {
        "id": "AS_Button_efc93581008041d2b1f270b971519a2f",
        "type": "ACTION_SEQUENCE",
        "params": [{
            "datatype": "collection",
            "name": "eventobject"
        }],
        "contextObj": {
            "name": "frmHome",
            "type": "forms",
            "platform": null,
            "KUID": "ce05723c001645ceb6db391f85c76dc7"
        },
        "language": "js",
        "actions": [{
            "id": "INVOKE_FUNCTION___cd07be686c3b4aacbbd31ef6947aa62a",
            "type": "INVOKE_FUNCTION",
            "sequenceKUID": "getDynQAItems",
            "display": "getDynQAItems",
            "inputparams": [],
            "parentId": null,
            "callbackType": null,
            "disabled": null,
            "source": "controller"
        }]
    }
}