{
    "AS_Button_f1203332e9844ae8ab94f54e9dce67fd": {
        "id": "AS_Button_f1203332e9844ae8ab94f54e9dce67fd",
        "type": "ACTION_SEQUENCE",
        "params": [{
            "datatype": "collection",
            "name": "eventobject"
        }],
        "contextObj": {
            "name": "frmHome",
            "type": "forms",
            "platform": null,
            "KUID": "ce05723c001645ceb6db391f85c76dc7"
        },
        "language": "js",
        "actions": [{
            "id": "INVOKE_FUNCTION___ed2888cab4e343dcb792cffde4775b5e",
            "type": "INVOKE_FUNCTION",
            "sequenceKUID": "getStaticDynQIItems",
            "display": "getStaticDynQIItems",
            "inputparams": [],
            "parentId": null,
            "callbackType": null,
            "disabled": null,
            "source": "controller"
        }]
    }
}