{
    "AS_Button_c34da7d1d824455c93732453e16b857b": {
        "id": "AS_Button_c34da7d1d824455c93732453e16b857b",
        "type": "ACTION_SEQUENCE",
        "params": [{
            "datatype": "collection",
            "name": "eventobject"
        }],
        "contextObj": {
            "name": "frmHome",
            "type": "forms",
            "platform": null,
            "KUID": "ce05723c001645ceb6db391f85c76dc7"
        },
        "language": "js",
        "actions": [{
            "id": "INVOKE_FUNCTION___gb1822433f794de8854944b2462eba26",
            "type": "INVOKE_FUNCTION",
            "sequenceKUID": "getPinnedDynQIItems",
            "display": "getPinnedDynQIItems",
            "inputparams": [],
            "parentId": null,
            "callbackType": null,
            "disabled": null,
            "source": "controller"
        }]
    }
}