{
  "operationConfig" : {
    "name" : "createDbConfig7395",
    "type" : "MappedToBackend",
    "cachable" : false,
    "smsEnabled" : false,
    "security" : "authorized_app_user",
    "responseEncoding" : "UTF-8",
    "httpMethod" : "GET",
    "decodeResponseBody" : false,
    "iMapping" : "<?xml version=\"1.0\" encoding=\"UTF-8\" standalone=\"yes\"?>\n<mapper xmlns=\"http://www.kony.com/ns/mapper\">\n    <map inputpath=\"request_in\" outputpath=\"request_out\">\n        <set-param inputpath=\"apiName\" outputpath=\"apiName\"/>\n        <set-param inputpath=\"description\" outputpath=\"description\"/>\n        <set-param inputpath=\"filePath\" outputpath=\"filePath\"/>\n    </map>\n</mapper>\n",
    "oMapping" : "<?xml version=\"1.0\" encoding=\"UTF-8\" standalone=\"yes\"?><mapper xmlns=\"http://www.kony.com/ns/mapper\"><map inputpath=\"response_in\" outputpath=\"response_out\"><set-param inputpath=\"apiName\" outputpath=\"apiName\"/><set-param inputpath=\"iconName\" outputpath=\"iconName\"/><set-param inputpath=\"filePath\" outputpath=\"filePath\"/><set-param inputpath=\"icon\" outputpath=\"icon\"/><set-param inputpath=\"description\" outputpath=\"description\"/><set-param inputpath=\"isActive\" outputpath=\"isActive\"/><set-param inputpath=\"allowDecryption\" outputpath=\"allowDecryption\"/><set-param inputpath=\"requireRevisionToUpdate\" outputpath=\"requireRevisionToUpdate\"/></map></mapper>",
    "iVisualMappingData" : "{\"nodeDataArray\":[{\"isGroup\":true,\"key\":\"request_in\",\"text\":\"databases\",\"xy\":\"150 100\"},{\"isGroup\":true,\"key\":\"request_out\",\"text\":\"KeepAPI (1.0).createDbConfig\",\"xy\":\"770 100\"}],\"linkDataArray\":[{\"category\":\"Mapping\",\"visible\":true,\"from\":\"source:databases:description:\",\"to\":\"target:description:\",\"fromPort\":\"source:databases:description:\",\"toPort\":\"target:description:\"},{\"category\":\"Mapping\",\"visible\":true,\"from\":\"source:databases:apiName:\",\"to\":\"target:apiName:\",\"fromPort\":\"source:databases:apiName:\",\"toPort\":\"target:apiName:\"},{\"category\":\"Mapping\",\"visible\":true,\"from\":\"source:databases:filePath:\",\"to\":\"target:filePath:\",\"fromPort\":\"source:databases:filePath:\",\"toPort\":\"target:filePath:\"}],\"blockCount\":{\"variableCount\":0},\"variableMap\":{},\"xmlMappingOverride\":false}",
    "applyCommonMapping" : false,
    "applyRequestCommonMapping" : false,
    "applyResponseCommonMapping" : true,
    "backendMeta" : {
      "serviceName" : "KeepAPI",
      "serviceVersion" : "1.0",
      "operationName" : "createDbConfig"
    },
    "relationshipHierarchyMapping" : {
      "children" : [ ],
      "name" : "databases",
      "actions" : {
        "create" : true,
        "update" : true,
        "partialupdate" : true
      },
      "selected" : true
    },
    "requestXmlMappingOverride" : false,
    "responseXmlMappingOverride" : false,
    "mapperData" : [ {
      "name" : "base mapper1",
      "order" : 1,
      "iMapping" : "<?xml version=\"1.0\" encoding=\"UTF-8\" standalone=\"yes\"?>\n<mapper xmlns=\"http://www.kony.com/ns/mapper\">\n    <map inputpath=\"request_in\" outputpath=\"request_out\">\n        <set-param inputpath=\"apiName\" outputpath=\"apiName\"/>\n        <set-param inputpath=\"description\" outputpath=\"description\"/>\n        <set-param inputpath=\"filePath\" outputpath=\"filePath\"/>\n    </map>\n</mapper>\n",
      "oMapping" : "<?xml version=\"1.0\" encoding=\"UTF-8\" standalone=\"yes\"?><mapper xmlns=\"http://www.kony.com/ns/mapper\"><map inputpath=\"response_in\" outputpath=\"response_out\"><set-param inputpath=\"apiName\" outputpath=\"apiName\"/><set-param inputpath=\"iconName\" outputpath=\"iconName\"/><set-param inputpath=\"filePath\" outputpath=\"filePath\"/><set-param inputpath=\"icon\" outputpath=\"icon\"/><set-param inputpath=\"description\" outputpath=\"description\"/><set-param inputpath=\"isActive\" outputpath=\"isActive\"/><set-param inputpath=\"allowDecryption\" outputpath=\"allowDecryption\"/><set-param inputpath=\"requireRevisionToUpdate\" outputpath=\"requireRevisionToUpdate\"/></map></mapper>",
      "iVisualMappingData" : "{\"nodeDataArray\":[{\"isGroup\":true,\"key\":\"request_in\",\"text\":\"databases\",\"xy\":\"150 100\"},{\"isGroup\":true,\"key\":\"request_out\",\"text\":\"KeepAPI (1.0).createDbConfig\",\"xy\":\"770 100\"}],\"linkDataArray\":[{\"category\":\"Mapping\",\"visible\":true,\"from\":\"source:databases:description:\",\"to\":\"target:description:\",\"fromPort\":\"source:databases:description:\",\"toPort\":\"target:description:\"},{\"category\":\"Mapping\",\"visible\":true,\"from\":\"source:databases:apiName:\",\"to\":\"target:apiName:\",\"fromPort\":\"source:databases:apiName:\",\"toPort\":\"target:apiName:\"},{\"category\":\"Mapping\",\"visible\":true,\"from\":\"source:databases:filePath:\",\"to\":\"target:filePath:\",\"fromPort\":\"source:databases:filePath:\",\"toPort\":\"target:filePath:\"}],\"blockCount\":{\"variableCount\":0},\"variableMap\":{},\"xmlMappingOverride\":false}",
      "requestXmlMappingOverride" : false,
      "responseXmlMappingOverride" : false,
      "disabled" : false,
      "applyCommonMapping" : false,
      "applyRequestCommonMapping" : false,
      "applyResponseCommonMapping" : true
    } ]
  }
}