{
    "@class": "com.kony.gen.viz.model.component.KVizButton",
    "DNDConfig": null,
    "__parentReadjusting__": false,
    "_height_": {
        "type": "string",
        "value": "50dp"
    },
    "_left_": {
        "type": "string",
        "value": "11.50%"
    },
    "_margin_": [
        6,
        6,
        6,
        6
    ],
    "_padding_": [
        0,
        0,
        0,
        0
    ],
    "_skin_": "s70f7ebf5095483e9f3fccb4ae1854d6",
    "_text_": "Get QA",
    "_top_": {
        "type": "string",
        "value": "40.02%"
    },
    "_width_": {
        "type": "string",
        "value": "300dp"
    },
    "canUpdateUI": true,
    "centerx": {
        "type": "string",
        "value": "50%"
    },
    "containerweight": 100,
    "contentalignment": 5,
    "displaytext": true,
    "focusskin": "s48d4bb76f2d4c94b21c45c5f0b6e651",
    "id": "Button0hbef34ffab7440",
    "info": null,
    "iscustomlayout": false,
    "isvisible": true,
    "kuid": "baccd23dab63439280e6c3ceaf48c859",
    "name": "kony.ui.Button",
    "onclick": "AS_Button_efc93581008041d2b1f270b971519a2f",
    "parent": "flxBody",
    "pf": "frmHome",
    "retaincontentalignment": false,
    "retainflexpositionproperties": false,
    "wType": "Button",
    "zindex": 1
}