{
    "@class": "com.kony.gen.viz.model.component.KVizButton",
    "DNDConfig": null,
    "__parentReadjusting__": false,
    "_height_": {
        "type": "string",
        "value": "50dp"
    },
    "_left_": {
        "type": "string",
        "value": "13.97%"
    },
    "_margin_": [
        6,
        6,
        6,
        6
    ],
    "_padding_": [
        0,
        0,
        0,
        0
    ],
    "_render_": true,
    "_skin_": "s6f890cee8f8482f90e036f92ecb6015",
    "_text_": "Get Static QA",
    "_top_": {
        "type": "string",
        "value": "92.85%"
    },
    "_width_": {
        "type": "string",
        "value": "300dp"
    },
    "android": {
        "render": true
    },
    "canUpdateUI": true,
    "centerx": {
        "type": "string",
        "value": "50%"
    },
    "containerweight": 100,
    "contentalignment": 5,
    "displaytext": true,
    "focusskin": "sf59f819aa1844e89411a6756b9a686c",
    "id": "Button0dfcff972a37c47",
    "info": null,
    "iphone": {
        "render": false
    },
    "iscustomlayout": false,
    "isvisible": true,
    "kuid": "d79e42280c384919838fc23d68c9e38c",
    "name": "kony.ui.Button",
    "onclick": "AS_Button_f1203332e9844ae8ab94f54e9dce67fd",
    "parent": "flxBody",
    "pf": "frmHome",
    "retaincontentalignment": false,
    "retainflexpositionproperties": false,
    "spaan": {
        "render": true
    },
    "spabb": {
        "render": true
    },
    "spaip": {
        "render": false
    },
    "spawinphone8": {
        "render": true
    },
    "wType": "Button",
    "winphone8": {
        "render": true
    },
    "zindex": 1
}