{
    "@class": "com.kony.gen.viz.model.component.KVizButton",
    "DNDConfig": null,
    "__parentReadjusting__": false,
    "_height_": {
        "type": "string",
        "value": "50dp"
    },
    "_left_": {
        "type": "string",
        "value": "11.45%"
    },
    "_margin_": [
        6,
        6,
        6,
        6
    ],
    "_padding_": [
        0,
        0,
        0,
        0
    ],
    "_skin_": "s40d63196cf54fca97fc386764e8a58d",
    "_text_": "Dyn QA - Normal Title and Subtitle",
    "_top_": {
        "type": "string",
        "value": "30.24%"
    },
    "_width_": {
        "type": "number",
        "value": "300"
    },
    "canUpdateUI": true,
    "centerx": {
        "type": "string",
        "value": "50%"
    },
    "containerweight": 100,
    "contentalignment": 5,
    "displaytext": true,
    "focusskin": "sc5c1cadc829447c975fe81010a57c45",
    "id": "Button0g7cec1fe79fa49",
    "info": null,
    "iscustomlayout": false,
    "isvisible": true,
    "kuid": "h9754d340cf74759b08ccecb16828265",
    "name": "kony.ui.Button",
    "onclick": "AS_Button_d3c0cae5ee544a249be27a414072b09b",
    "parent": "flxBody",
    "pf": "frmHome",
    "retaincontentalignment": false,
    "retainflexpositionproperties": false,
    "wType": "Button",
    "zindex": 1
}