{
    "@class": "com.kony.gen.viz.model.component.KVizButton",
    "DNDConfig": null,
    "__parentReadjusting__": false,
    "_height_": {
        "type": "string",
        "value": "50dp"
    },
    "_left_": {
        "type": "string",
        "value": "11.60%"
    },
    "_margin_": [
        6,
        6,
        6,
        6
    ],
    "_padding_": [
        0,
        0,
        0,
        0
    ],
    "_render_": true,
    "_skin_": "sda1dcbf7eb24ea6ab89472607243b2e",
    "_text_": "Enable QA",
    "_top_": {
        "type": "string",
        "value": "60.38%"
    },
    "_width_": {
        "type": "string",
        "value": "300dp"
    },
    "android": {
        "render": true
    },
    "canUpdateUI": true,
    "centerx": {
        "type": "string",
        "value": "50%"
    },
    "containerweight": 100,
    "contentalignment": 5,
    "displaytext": true,
    "focusskin": "s1d84d720eb94dbfb0e13c2f62077589",
    "id": "Button0fcb5161c94c042",
    "info": null,
    "iphone": {
        "render": false
    },
    "iscustomlayout": false,
    "isvisible": true,
    "kuid": "i47e08c285ba4a63aa97f4af3dd040f2",
    "name": "kony.ui.Button",
    "onclick": "AS_Button_f8ac8ea3185748a88719f0fd083045de",
    "parent": "flxBody",
    "pf": "frmHome",
    "retaincontentalignment": false,
    "retainflexpositionproperties": false,
    "spaan": {
        "render": true
    },
    "spabb": {
        "render": true
    },
    "spaip": {
        "render": false
    },
    "spawinphone8": {
        "render": true
    },
    "wType": "Button",
    "winphone8": {
        "render": true
    },
    "zindex": 1
}