{
    "@class": "com.kony.gen.viz.model.component.KVizButton",
    "DNDConfig": null,
    "__parentReadjusting__": false,
    "_height_": {
        "type": "string",
        "value": "50dp"
    },
    "_left_": {
        "type": "string",
        "value": "11.53%"
    },
    "_margin_": [
        6,
        6,
        6,
        6
    ],
    "_padding_": [
        0,
        0,
        0,
        0
    ],
    "_render_": true,
    "_skin_": "s1857bac28c04e3cafcb83016cb7c602",
    "_text_": "Get Pinned QA",
    "_top_": {
        "type": "string",
        "value": "81.68%"
    },
    "_width_": {
        "type": "string",
        "value": "300dp"
    },
    "android": {
        "render": true
    },
    "canUpdateUI": true,
    "centerx": {
        "type": "string",
        "value": "50%"
    },
    "containerweight": 100,
    "contentalignment": 5,
    "displaytext": true,
    "focusskin": "sda09c6894bf4ccc918174e7e711fc30",
    "id": "Button0gd0c7f263e8e42",
    "info": null,
    "iphone": {
        "render": false
    },
    "iscustomlayout": false,
    "isvisible": true,
    "kuid": "d5ffb17039d4409ba9ce8ec11a4b28f0",
    "name": "kony.ui.Button",
    "onclick": "AS_Button_c34da7d1d824455c93732453e16b857b",
    "parent": "flxBody",
    "pf": "frmHome",
    "retaincontentalignment": false,
    "retainflexpositionproperties": false,
    "spaan": {
        "render": true
    },
    "spabb": {
        "render": true
    },
    "spaip": {
        "render": false
    },
    "spawinphone8": {
        "render": true
    },
    "wType": "Button",
    "winphone8": {
        "render": true
    },
    "zindex": 1
}