{
    "@class": "com.kony.gen.viz.model.component.KVizButton",
    "DNDConfig": null,
    "__parentReadjusting__": false,
    "_height_": {
        "type": "string",
        "value": "50dp"
    },
    "_left_": {
        "type": "string",
        "value": "11.57%"
    },
    "_margin_": [
        6,
        6,
        6,
        6
    ],
    "_padding_": [
        0,
        0,
        0,
        0
    ],
    "_skin_": "s0dec2b0e70d4f57b0378dedf2aa8682",
    "_text_": "Remove QA",
    "_top_": {
        "type": "string",
        "value": "49.76%"
    },
    "_width_": {
        "type": "string",
        "value": "300dp"
    },
    "canUpdateUI": true,
    "centerx": {
        "type": "string",
        "value": "50%"
    },
    "containerweight": 100,
    "contentalignment": 5,
    "displaytext": true,
    "focusskin": "sa67e32446d74811940891b878092da5",
    "id": "Button0c50504d5000742",
    "info": null,
    "iscustomlayout": false,
    "isvisible": true,
    "kuid": "d0400e44feae41619ac59afe12e5b7d5",
    "name": "kony.ui.Button",
    "onclick": "AS_Button_ffbb795605dc48319d175741b6375734",
    "parent": "flxBody",
    "pf": "frmHome",
    "retaincontentalignment": false,
    "retainflexpositionproperties": false,
    "wType": "Button",
    "zindex": 1
}