<?xml version="1.0" encoding="UTF-8" standalone="yes"?>
<service serviceGroup="" cachable="false" cacheduration="" description="Get all groups with details" endpoint="default" groupType="" id="getGroups" passwordencrypted="false" security="authorized_app_user" type="jsonConnector" smscode="" smsenabled="false">
    <service-config>
        <config-param api-version="" appid="" name="preprocessorname" value=""/>
        <config-param api-version="" appid="" name="postprocessorname" value=""/>
        <config-param api-version="" appid="" name="preprocessorJS" value=""/>
        <config-param api-version="" appid="" name="postprocessorJS" value=""/>
        <config-param api-version="" appid="" name="preprocessorRules" value=""/>
        <config-param api-version="" appid="" name="postprocessorRules" value=""/>
        <config-param api-version="" appid="" name="kony_http_supported_methods" value="POST"/>
        <config-param api-version="" appid="" name="endpointUrl" value="http://KeepURL/api/admin-v1/access/groups"/>
        <config-param api-version="" appid="" name="ignorehttpproxy" value="true"/>
        <config-param api-version="" appid="" name="http.method" value="GET"/>
        <config-param api-version="" appid="" name="dataObjectName" value=""/>
        <config-param api-version="" appid="" name="sockettimeout" value=""/>
        <config-param api-version="" appid="" name="responseEncoding" value="UTF-8"/>
        <config-param api-version="" appid="" name="isembedxmlpresent" value="false"/>
        <config-param api-version="" appid="" name="retrycount" value="0"/>
        <config-param api-version="" appid="" name="urlprovider" value="com.hclvoltmx.urlprovider.KeepUrlProvider"/>
        <config-param api-version="" appid="" name="jsonpath" value="true"/>
        <config-param api-version="" appid="" name="identityProvider" value="KeepAuthentication"/>
        <config-param api-version="" appid="" name="identityProviderType" value="custom"/>
    </service-config>
    <service-input passthrough="false" isExtended="false">
        <header datatype="" name="" passthrough="false" isExtended="false">
            <param datatype="string" defaultvalue="" description="" encode="false" format="None" formatvalue="" name="Authorization" order="" paramOrder="0" parentOrder="0" sms-name="" src="identity" sourcevalue="KeepAuthentication.security.session_token" srcformatvalue="" target="" targetdatatype="" testvalue="" value="" isExtended="false">
                <accessType></accessType>
            </param>
        </header>
        <stub-param value=""/>
    </service-input>
    <service-output passthrough="false" isExtended="false">
        <dataset defaultvalue="" id="groups" order="" paramOrder="1" parentOrder="0" src="$.[*]" testvalue="" isExtended="false">
            <param datatype="record" defaultvalue="" description="" encode="true" format="None" formatvalue="" name="mailDomain" order="" paramOrder="2" parentOrder="1" passnull="false" sms-name="" src="mailDomain" sourcevalue="" srcformatvalue="" target="response" targetdatatype="java.lang.String" testvalue="" value="" isExtended="false">
                <accessType></accessType>
            </param>
            <param datatype="collection" defaultvalue="" description="" encode="true" format="None" formatvalue="" name="members" order="" paramOrder="3" parentOrder="1" passnull="false" sms-name="" src="members[*]" sourcevalue="" srcformatvalue="" target="response" targetdatatype="java.lang.String" testvalue="" value="" isExtended="false">
                <accessType></accessType>
            </param>
            <param datatype="string" defaultvalue="" description="" encode="true" format="None" formatvalue="" name="name" order="" paramOrder="4" parentOrder="1" passnull="false" sms-name="" src="name" sourcevalue="" srcformatvalue="" target="response" targetdatatype="java.lang.String" testvalue="" value="" isExtended="false">
                <accessType></accessType>
            </param>
            <param datatype="string" defaultvalue="" description="" encode="true" format="None" formatvalue="" name="@unid" order="" paramOrder="5" parentOrder="1" passnull="false" sms-name="" src="@unid" sourcevalue="" srcformatvalue="" target="response" targetdatatype="java.lang.String" testvalue="" value="" isExtended="false">
                <accessType></accessType>
            </param>
            <param datatype="string" defaultvalue="" description="" encode="true" format="None" formatvalue="" name="description" order="" paramOrder="6" parentOrder="1" passnull="false" sms-name="" src="description" sourcevalue="" srcformatvalue="" target="response" targetdatatype="java.lang.String" testvalue="" value="" isExtended="false">
                <accessType></accessType>
            </param>
            <param datatype="collection" defaultvalue="" description="" encode="true" format="None" formatvalue="" name="owners" order="" paramOrder="7" parentOrder="1" passnull="false" sms-name="" src="owners[*]" sourcevalue="" srcformatvalue="" target="response" targetdatatype="java.lang.String" testvalue="" value="" isExtended="false">
                <accessType></accessType>
            </param>
            <param datatype="string" defaultvalue="" description="" encode="true" format="None" formatvalue="" name="category" order="" paramOrder="8" parentOrder="1" passnull="false" sms-name="" src="category" sourcevalue="" srcformatvalue="" target="response" targetdatatype="java.lang.String" testvalue="" value="" isExtended="false">
                <accessType></accessType>
            </param>
            <param datatype="string" defaultvalue="" description="" encode="true" format="None" formatvalue="" name="type" order="" paramOrder="9" parentOrder="1" passnull="false" sms-name="" src="type" sourcevalue="" srcformatvalue="" target="response" targetdatatype="java.lang.String" testvalue="" value="" isExtended="false">
                <accessType></accessType>
            </param>
            <param datatype="record" defaultvalue="" description="" encode="true" format="None" formatvalue="" name="internetAddress" order="" paramOrder="10" parentOrder="1" passnull="false" sms-name="" src="internetAddress" sourcevalue="" srcformatvalue="" target="response" targetdatatype="java.lang.String" testvalue="" value="" isExtended="false">
                <accessType></accessType>
            </param>
            <param datatype="record" defaultvalue="" description="" encode="true" format="None" formatvalue="" name="administrators" order="" paramOrder="11" parentOrder="1" passnull="false" sms-name="" src="administrators" sourcevalue="" srcformatvalue="" target="response" targetdatatype="java.lang.String" testvalue="" value="" isExtended="false">
                <accessType></accessType>
            </param>
        </dataset>
    </service-output>
</service>
