<?xml version="1.0" encoding="UTF-8" standalone="yes"?>
<service serviceGroup="" cachable="false" cacheduration="" description="" endpoint="default" groupType="" id="getGroupByName" passwordencrypted="false" security="authorized_app_user" type="jsonConnector" smscode="" smsenabled="false">
    <service-config>
        <config-param api-version="" appid="" name="preprocessorname" value=""/>
        <config-param api-version="" appid="" name="postprocessorname" value=""/>
        <config-param api-version="" appid="" name="preprocessorJS" value=""/>
        <config-param api-version="" appid="" name="postprocessorJS" value=""/>
        <config-param api-version="" appid="" name="preprocessorRules" value=""/>
        <config-param api-version="" appid="" name="postprocessorRules" value=""/>
        <config-param api-version="" appid="" name="kony_http_supported_methods" value="POST"/>
        <config-param api-version="" appid="" name="endpointUrl" value="http://KeepURL/api/admin-v1/access/groups?dataSource=reports&amp;name="/>
        <config-param api-version="" appid="" name="ignorehttpproxy" value="true"/>
        <config-param api-version="" appid="" name="http.method" value="GET"/>
        <config-param api-version="" appid="" name="dataObjectName" value=""/>
        <config-param api-version="" appid="" name="sockettimeout" value=""/>
        <config-param api-version="" appid="" name="responseEncoding" value="UTF-8"/>
        <config-param api-version="" appid="" name="isembedxmlpresent" value="false"/>
        <config-param api-version="" appid="" name="retrycount" value="0"/>
        <config-param api-version="" appid="" name="urlprovider" value="com.hclvoltmx.urlprovider.KeepUrlProvider"/>
        <config-param api-version="" appid="" name="jsonpath" value="true"/>
        <config-param api-version="" appid="" name="jsonpath" value="true"/>
        <config-param api-version="" appid="" name="identityProvider" value="KeepAuthentication"/>
        <config-param api-version="" appid="" name="identityProviderType" value="custom"/>
    </service-config>
    <service-input passthrough="false" isExtended="false">
        <header datatype="" name="" passthrough="false" isExtended="false">
            <param datatype="string" defaultvalue="" description="" encode="false" format="None" formatvalue="" name="Authorization" order="" paramOrder="0" parentOrder="0" sms-name="" src="identity" sourcevalue="KeepAuthentication.security.session_token" srcformatvalue="" target="" targetdatatype="" testvalue="" value="" isExtended="false">
                <accessType></accessType>
            </param>
        </header>
        <stub-param value=""/>
    </service-input>
    <service-output passthrough="false" isExtended="false"/>
</service>
