<?xml version="1.0" encoding="UTF-8" standalone="yes"?>
<service serviceGroup="" cachable="false" cacheduration="" description="Get all users with details" endpoint="default" groupType="" id="getUsers" passwordencrypted="false" security="authorized_app_user" type="jsonConnector" smscode="" smsenabled="false">
    <service-config>
        <config-param api-version="" appid="" name="preprocessorname" value=""/>
        <config-param api-version="" appid="" name="postprocessorname" value=""/>
        <config-param api-version="" appid="" name="preprocessorJS" value=""/>
        <config-param api-version="" appid="" name="postprocessorJS" value="function getUsers_Postprocessor(){&#10;  var resultToModify = resultToJSON();&#10;  var users = [ ];&#10;  for (var i = 0 ; i &lt; resultToModify.users.length ; i++) {&#10;    var records = resultToModify.users[i];&#10;     var names = Object.keys(records);&#10;     for (var j = 0 ; j &lt; names.length ; j++) {&#10;      var name = names[j];&#10;       users.push({&#10;        name: name,&#10;        unid: records[name]['@unid'],&#10;        FirstName:records[name]['FirstName'],&#10;        LastName:records[name]['LastName'],&#10;        FullName:records[name]['FullName'],&#10;        InternetAddress: records[name]['InternetAddress'],&#10;        MailAddress: records[name]['MailAddress'],&#10;        MailFile: records[name]['MailFile'],&#10;        MailDomain: records[name]['MailDomain'],&#10;        MailServer: records[name]['MailServer'],&#10;      });&#10;    }&#10;  }&#10;resultToModify.users = users;&#10;return resultToModify;&#10;}&#10;getUsers_Postprocessor();"/>
        <config-param api-version="" appid="" name="preprocessorRules" value=""/>
        <config-param api-version="" appid="" name="postprocessorRules" value=""/>
        <config-param api-version="" appid="" name="kony_http_supported_methods" value="POST"/>
        <config-param api-version="" appid="" name="endpointUrl" value="http://KeepURL/api/admin-v1/access/users"/>
        <config-param api-version="" appid="" name="ignorehttpproxy" value="true"/>
        <config-param api-version="" appid="" name="http.method" value="GET"/>
        <config-param api-version="" appid="" name="dataObjectName" value=""/>
        <config-param api-version="" appid="" name="sockettimeout" value=""/>
        <config-param api-version="" appid="" name="responseEncoding" value="UTF-8"/>
        <config-param api-version="" appid="" name="isembedxmlpresent" value="false"/>
        <config-param api-version="" appid="" name="retrycount" value="0"/>
        <config-param api-version="" appid="" name="urlprovider" value="com.hclvoltmx.urlprovider.KeepUrlProvider"/>
        <config-param api-version="" appid="" name="jsonpath" value="true"/>
        <config-param api-version="" appid="" name="identityProvider" value="KeepAuthentication"/>
        <config-param api-version="" appid="" name="identityProviderType" value="custom"/>
    </service-config>
    <service-input passthrough="false" isExtended="false">
        <header datatype="" name="" passthrough="false" isExtended="false">
            <param datatype="string" defaultvalue="" description="" encode="false" format="None" formatvalue="" name="Authorization" order="" paramOrder="0" parentOrder="0" sms-name="" src="identity" sourcevalue="KeepAuthentication.security.session_token" srcformatvalue="" target="" targetdatatype="" testvalue="" value="" isExtended="false">
                <accessType></accessType>
            </param>
        </header>
        <stub-param value=""/>
    </service-input>
    <service-output passthrough="false" isExtended="false">
        <param datatype="collection" defaultvalue="" description="" encode="true" format="None" formatvalue="" name="users" order="" paramOrder="1" parentOrder="0" passnull="false" sms-name="" src="$.[*]" sourcevalue="" srcformatvalue="" target="response" targetdatatype="java.lang.String" testvalue="" value="" isExtended="false">
            <accessType></accessType>
        </param>
    </service-output>
</service>
