{
    "@class": "com.kony.gen.viz.model.component.KVizLabel",
    "DNDConfig": null,
    "__parentReadjusting__": false,
    "_height_": {
        "type": "string",
        "value": "100%"
    },
    "_left_": {
        "type": "string",
        "value": "72dp"
    },
    "_margin_": [
        1,
        1,
        1,
        1
    ],
    "_padding_": [
        0,
        0,
        0,
        0
    ],
    "_right_": {
        "type": "string",
        "value": "72dp"
    },
    "_skin_": "s7a841dab08e4a018f7b6a9ac5313019",
    "_text_": "addPin Methods",
    "_top_": {
        "type": "string",
        "value": "0dp"
    },
    "_wrapping_": 2,
    "android": {
        "contentAlignment": 4,
        "textStyle": {
            "letterSpacing": 0,
            "strikeThrough": false
        }
    },
    "canUpdateUI": true,
    "centerx": {
        "type": "string",
        "value": "50%"
    },
    "containerweight": 100,
    "contentalignment": 5,
    "id": "headerTitleLabel",
    "info": null,
    "ipad": {
        "psp": {
            "wrapping": 2
        }
    },
    "iphone": {
        "contentAlignment": 5,
        "psp": {
            "wrapping": 2
        }
    },
    "isvisible": true,
    "kuid": "a76dabdad6a341b2a21208e177d861bd",
    "masterType": 1,
    "name": "kony.ui.Label",
    "parent": "headerContainer08",
    "pf": "frmAddPin",
    "spa": {
        "contentAlignment": 5
    },
    "textstyle": {},
    "tooltip": "",
    "wType": "Label",
    "zindex": 1
}