{
    "@class": "com.kony.gen.viz.model.component.KVizUserWidget",
    "DNDConfig": null,
    "__parentReadjusting__": false,
    "_bottom_": {
        "type": "string",
        "value": ""
    },
    "_children_": [],
    "_height_": {
        "type": "string",
        "value": "100%"
    },
    "_left_": {
        "type": "string",
        "value": "0dp"
    },
    "_margin_": [
        0,
        0,
        0,
        0
    ],
    "_orientation_": 1,
    "_padding_": [
        0,
        0,
        0,
        0
    ],
    "_percent_": true,
    "_render_": true,
    "_right_": {
        "type": "string",
        "value": ""
    },
    "_skin_": "se1fc551727b4295abb388dc8c305c82",
    "_top_": {
        "type": "string",
        "value": "0dp"
    },
    "_width_": {
        "type": "string",
        "value": "100%"
    },
    "areflexpropsreferenced": false,
    "canUpdateUI": true,
    "centerx": {
        "type": "string",
        "value": ""
    },
    "centery": {
        "type": "string",
        "value": ""
    },
    "clipbounds": true,
    "containerweight": 0,
    "dataDiffs": {
        "map2": {
            "__events__": {},
            "__info__": {
                "isRoot": true,
                "kuid": "g70a11b17e1e42f2b88bff581341a656",
                "srcKUID": "id6e5788978b48d89e9f362999d2ec3a",
                "wType": "FlexContainer"
            },
            "bottom": {
                "Default": {
                    "type": "string",
                    "value": ""
                }
            },
            "centerX": {
                "Default": {
                    "type": "string",
                    "value": ""
                }
            },
            "centerY": {
                "Default": {
                    "type": "string",
                    "value": ""
                }
            },
            "left": {
                "Default": {
                    "type": "string",
                    "value": "0dp"
                }
            },
            "right": {
                "Default": {
                    "type": "string",
                    "value": ""
                }
            },
            "top": {
                "Default": {
                    "type": "string",
                    "value": "0dp"
                }
            }
        },
        "mapView": {
            "__events__": {},
            "__info__": {
                "kuid": "ebfe86392fbd4444ab9440d4fe77d1a7",
                "srcKUID": "d959f77503584e3db4c35280c4e949f8",
                "wType": "Map"
            }
        }
    },
    "id": "mapAddpin",
    "info": null,
    "iscustomlayout": false,
    "isdatareferenced": false,
    "isvisible": true,
    "kuid": "g70a11b17e1e42f2b88bff581341a656",
    "layouttype": 2,
    "masterType": 0,
    "name": "kony.ui.UserWidgetInstance",
    "parent": "frmAddPin",
    "pf": "frmAddPin",
    "retaincontentalignment": false,
    "retainflexpositionproperties": false,
    "snaptogrid": true,
    "sourceUserWidget": "id6e5788978b48d89e9f362999d2ec3a",
    "wType": "UserWidgetInstance"
}