{
    "@class": "com.kony.gen.viz.model.component.KVizButton",
    "DNDConfig": null,
    "__parentReadjusting__": false,
    "_height_": {
        "type": "string",
        "value": "50dp"
    },
    "_left_": {
        "type": "string",
        "value": "10.06%"
    },
    "_margin_": [
        6,
        6,
        6,
        6
    ],
    "_padding_": [
        0,
        0,
        0,
        0
    ],
    "_skin_": "s4298bf2cd7e4f408c38fa4c7c16ce95",
    "_text_": "Add Filter",
    "_top_": {
        "type": "string",
        "value": "80%"
    },
    "_width_": {
        "type": "string",
        "value": "300dp"
    },
    "canUpdateUI": true,
    "centerx": {
        "type": "string",
        "value": "50%"
    },
    "containerweight": 100,
    "contentalignment": 5,
    "displaytext": true,
    "focusskin": "s9d1c74df1114303be5f4536c7b4a7d8",
    "id": "btniOS",
    "info": null,
    "iscustomlayout": false,
    "isvisible": true,
    "kuid": "c985a694141a4f75b4f3a765c1fcfb6d",
    "name": "kony.ui.Button",
    "onclick": "AS_Button_ga8362c4c5844344b11f64001db54601",
    "parent": "flxBody",
    "pf": "Form1",
    "retaincontentalignment": false,
    "retainflexpositionproperties": false,
    "wType": "Button",
    "zindex": 1
}