{
    "@class": "com.kony.gen.viz.model.component.KVizCamera",
    "DNDConfig": null,
    "__parentReadjusting__": false,
    "_height_": {
        "type": "string",
        "value": "50dp"
    },
    "_left_": {
        "type": "string",
        "value": "10.02%"
    },
    "_margin_": [
        0,
        0,
        0,
        0
    ],
    "_padding_": [
        0,
        0,
        0,
        0
    ],
    "_skin_": "s5029b36924843a4affe3c161adfaf21",
    "_text_": "Camera",
    "_top_": {
        "type": "string",
        "value": "18.65%"
    },
    "_width_": {
        "type": "string",
        "value": "300dp"
    },
    "androidwearos": {
        "render": false
    },
    "canUpdateUI": true,
    "centerx": {
        "type": "string",
        "value": "50%"
    },
    "containerweight": 100,
    "contentalignment": 5,
    "desktopweb": {
        "render": false
    },
    "id": "camera1",
    "info": null,
    "iscustomlayout": false,
    "isvisible": true,
    "kuid": "e5b3b8ba68cd4979a55160874e1fb4da",
    "name": "kony.ui.Camera",
    "oncapture": "AS_Camera_c3d5abb65a244dbdb52899c946afd5cf",
    "parent": "flxBody",
    "pf": "Form1",
    "retaincontentalignment": false,
    "retainflexpositionproperties": false,
    "spaan": {
        "render": false
    },
    "spaandroidtablet": {
        "render": false
    },
    "spabb": {
        "render": false
    },
    "spaip": {
        "render": false
    },
    "spaipad": {
        "render": false
    },
    "spawindowstablet": {
        "render": false
    },
    "spawinphone8": {
        "render": false
    },
    "wType": "Camera",
    "watchos": {
        "render": false
    },
    "zindex": 1
}