{
    "@class": "com.kony.gen.viz.model.component.KVizImage2",
    "DNDConfig": null,
    "__parentReadjusting__": false,
    "_base64_": null,
    "_height_": {
        "type": "string",
        "value": "250dp"
    },
    "_left_": {
        "type": "string",
        "value": "10.67%"
    },
    "_margin_": [
        0,
        0,
        0,
        0
    ],
    "_padding_": [
        0,
        0,
        0,
        0
    ],
    "_skin_": "s27a2e08fb5a4774a0a4e95270b69e8b",
    "_src_": "imagedrag.png",
    "_top_": {
        "type": "string",
        "value": "29.91%"
    },
    "_width_": {
        "type": "string",
        "value": "300dp"
    },
    "canUpdateUI": true,
    "centerx": {
        "type": "string",
        "value": "50%"
    },
    "containerweight": 100,
    "context": {
        "channel": "mobile",
        "formID": "Form1",
        "platform": "android",
        "templateType": "forms",
        "topLevelBox": null
    },
    "id": "imgBrite",
    "imagescalemode": 1,
    "info": null,
    "invokedProperty": "src",
    "iscustomlayout": false,
    "isvisible": true,
    "kuid": "c866f7ffc6a24d9c9b6fd0f52a52f11d",
    "name": "kony.ui.Image2",
    "parent": "flxBody",
    "pf": "Form1",
    "retaincontentalignment": false,
    "retainflexpositionproperties": false,
    "srcType": 1,
    "wType": "Image",
    "widgetalignment": 5,
    "zindex": 1
}