{
    "@class": "com.kony.gen.viz.model.component.KVizSlider",
    "DNDConfig": null,
    "__parentReadjusting__": false,
    "_height_": {
        "type": "string",
        "value": "45dp"
    },
    "_left_": {
        "type": "string",
        "value": "10%"
    },
    "_margin_": [
        0,
        0,
        0,
        0
    ],
    "_max_": 25,
    "_min_": 0,
    "_padding_": [
        0,
        0,
        0,
        0
    ],
    "_step_": 2,
    "_thickness_": 15,
    "_top_": {
        "type": "string",
        "value": "80%"
    },
    "_width_": {
        "type": "string",
        "value": "300dp"
    },
    "android": {
        "thumbImage": "slider_android.png"
    },
    "androidwearos": {
        "thumbImage": "slider_android.png"
    },
    "canUpdateUI": true,
    "centerx": {
        "type": "string",
        "value": "49.97%"
    },
    "containerweight": 100,
    "desktopweb": {
        "psp": {
            "orientation": "horizontal",
            "viewType": "default"
        }
    },
    "id": "sliderBright",
    "imgwt": 86,
    "info": null,
    "ipad": {
        "psp": {
            "enableThumbTintColor": true,
            "thumbTintColor": "ffffff00"
        },
        "thumbImage": "slider_ios7.png"
    },
    "iphone": {
        "psp": {
            "enableThumbTintColor": true,
            "thumbTintColor": "ffffff00"
        },
        "thumbImage": "slider_ios7.png"
    },
    "iscustomlayout": false,
    "isvisible": true,
    "kuid": "fa99dfd040ba47aab8212d9223b67adb",
    "leftskin": "s8ce31000d7040c2a4c227929c55201a",
    "name": "kony.ui.Slider",
    "noofsteps": 12.5,
    "onslide": "AS_Slider_a06fdaad277c499f9b219c4cc1c83b3e",
    "osPlatform": "android",
    "osVersion": "iOS7",
    "parent": "flxBody",
    "pf": "Form1",
    "retaincontentalignment": false,
    "retainflexpositionproperties": false,
    "rightskin": "sa1ff6f50dde490698f0adb49183734d",
    "selectedvalue": 0,
    "stepwidth": 62.4,
    "tabrcandroid": {
        "thumbImage": "slider_android.png"
    },
    "thumbimage": "slider.png",
    "wType": "Slider",
    "widgetalignment": 5,
    "zindex": 1
}