{
    "@class": "com.kony.gen.viz.model.component.KVizButton",
    "DNDConfig": null,
    "__parentReadjusting__": false,
    "_bottom_": {
        "type": "string",
        "value": "100px"
    },
    "_height_": {
        "type": "string",
        "value": "50dp"
    },
    "_left_": {
        "type": "string",
        "value": "38dp"
    },
    "_margin_": [
        6,
        6,
        6,
        6
    ],
    "_padding_": [
        0,
        0,
        0,
        0
    ],
    "_skin_": "sbc1b9b8368d4daaa87d08ddbf0b41f3",
    "_text_": "Contains Location",
    "_width_": {
        "type": "string",
        "value": "300dp"
    },
    "canUpdateUI": true,
    "centerx": {
        "type": "string",
        "value": "50%"
    },
    "containerweight": 100,
    "contentalignment": 5,
    "displaytext": true,
    "focusskin": "sbb43346d94641d1a318d92e353a9bde",
    "id": "btnLocation",
    "info": null,
    "iscustomlayout": false,
    "isvisible": true,
    "kuid": "ac75272225bf4690bae53451022cb3d6",
    "name": "kony.ui.Button",
    "onclick": "AS_Button_fae3e424dd0d4dd0a4097a99412d6df7",
    "parent": "frmContainsLocation",
    "pf": "frmContainsLocation",
    "retaincontentalignment": false,
    "retainflexpositionproperties": false,
    "wType": "Button",
    "zindex": 1
}