{
    "AS_Calendar_aeba9d0491fa432392828c023a24ab7b": {
        "id": "AS_Calendar_aeba9d0491fa432392828c023a24ab7b",
        "type": "ACTION_SEQUENCE",
        "params": [{
            "datatype": "collection",
            "name": "eventobject"
        }, {
            "datatype": "string",
            "name": "x"
        }, {
            "datatype": "string",
            "name": "y"
        }],
        "contextObj": {
            "type": "forms",
            "platform": "",
            "KUID": "a9cf650fc40b4012a1a2813a5903f132"
        },
        "language": "js",
        "actions": [{
            "id": "ADD_SNIPPET_ccf3c83dc0ad4e96b85b8d8b5ba32004",
            "type": "ADD_SNIPPET",
            "codeSnippet": "this.pushSubscription()",
            "parentId": null
        }]
    }
}