{
    "AS_Form_c9258f4d0a4743bd91bd6bca584738f6": {
        "id": "AS_Form_c9258f4d0a4743bd91bd6bca584738f6",
        "type": "ACTION_SEQUENCE",
        "params": [{
            "datatype": "collection",
            "name": "eventobject"
        }],
        "contextObj": {
            "type": "forms",
            "platform": "",
            "KUID": "a9cf650fc40b4012a1a2813a5903f132"
        },
        "language": "js",
        "actions": [{
            "id": "ADD_SNIPPET_adc8e9d030c94c08b04ee7ac51ea0ea4",
            "type": "ADD_SNIPPET",
            "codeSnippet": "this.pushSubscription();",
            "parentId": null
        }]
    }
}