{
    "AS_Form_e3409396f3884733b9fb8b2b58a634b9": {
        "id": "AS_Form_e3409396f3884733b9fb8b2b58a634b9",
        "type": "ACTION_SEQUENCE",
        "params": [{
            "datatype": "collection",
            "name": "eventobject"
        }],
        "contextObj": {
            "type": "forms",
            "platform": "",
            "KUID": "a9cf650fc40b4012a1a2813a5903f132"
        },
        "language": "js",
        "actions": [{
            "id": "ADD_SNIPPET_ic5efccbbb2c483db757b96966f5b485",
            "type": "ADD_SNIPPET",
            "codeSnippet": "this.pushSubscription();",
            "parentId": null
        }]
    }
}