{
    "@class": "com.kony.gen.viz.model.component.KVizButton",
    "DNDConfig": null,
    "_bottom_": {
        "type": "string",
        "value": "5%"
    },
    "_height_": {
        "type": "string",
        "value": "70dp"
    },
    "_margin_": [
        6,
        6,
        6,
        6
    ],
    "_padding_": [
        0,
        0,
        0,
        0
    ],
    "_right_": {
        "type": "string",
        "value": "7%"
    },
    "_skin_": "s9051c38ca8a45a19c27a307e8868e31",
    "_text_": "",
    "_width_": {
        "type": "string",
        "value": "70dp"
    },
    "canUpdateUI": true,
    "containerweight": 100,
    "contentalignment": 5,
    "displaytext": true,
    "focusskin": "s9051c38ca8a45a19c27a307e8868e31",
    "id": "Button0ee25da74c4c14a",
    "ide_onClick": "AS_Button_b581e9fd1d8e4886a178cc7b4c515446",
    "info": null,
    "iscustomlayout": false,
    "isvisible": true,
    "kuid": "h2b8590ced1f40748a09071ba757d9ff",
    "name": "kony.ui.Button",
    "parent": "frmHome",
    "pf": "frmHome",
    "retaincontentalignment": false,
    "retainflexpositionproperties": false,
    "wType": "Button",
    "zindex": 1
}