{
    "@class": "com.kony.gen.viz.model.component.KVizButton",
    "DNDConfig": null,
    "__parentReadjusting__": false,
    "_height_": {
        "type": "string",
        "value": "57dp"
    },
    "_left_": {
        "type": "string",
        "value": "137dp"
    },
    "_margin_": [
        6,
        6,
        6,
        6
    ],
    "_padding_": [
        0,
        0,
        0,
        0
    ],
    "_skin_": "s95ac8d3f4614b82b011e646865556a7",
    "_text_": "Square",
    "_top_": {
        "type": "string",
        "value": "216dp"
    },
    "_width_": {
        "type": "string",
        "value": "103dp"
    },
    "canUpdateUI": true,
    "centerx": {
        "type": "string",
        "value": "50%"
    },
    "containerweight": 100,
    "contentalignment": 5,
    "displaytext": true,
    "focusskin": "s02005e0d4784b3fa7ba3f229695cf0c",
    "id": "btnSquare",
    "ide_onClick": "AS_Button_j0ef1a179fbf4d82af89854ee6376574",
    "info": null,
    "iscustomlayout": false,
    "isvisible": true,
    "kuid": "cb12d16689b847e09949e69b704dcf4c",
    "name": "kony.ui.Button",
    "onclick": "AS_Button_hd9f281aa59646168b486e798223be76",
    "parent": "flxHome",
    "pf": "frmHome",
    "retaincontentalignment": false,
    "retainflexpositionproperties": false,
    "wType": "Button",
    "zindex": 1
}