{
    "@class": "com.kony.gen.viz.model.component.KVizTextBox2",
    "DNDConfig": null,
    "__parentReadjusting__": false,
    "_height_": {
        "type": "string",
        "value": "40dp"
    },
    "_left_": {
        "type": "string",
        "value": "4.98%"
    },
    "_margin_": [
        0,
        0,
        0,
        0
    ],
    "_padding_": [
        3,
        0,
        0,
        0
    ],
    "_placeholder_": "Enter a number",
    "_skin_": "s64b52d2c6864cbcad225fd366543d4d",
    "_text_": "",
    "_top_": {
        "type": "string",
        "value": "357dp"
    },
    "_width_": {
        "type": "string",
        "value": "43%"
    },
    "autocapitalize": "none",
    "autocomplete": false,
    "autocorrect": false,
    "autofilter": false,
    "canUpdateUI": true,
    "containerheight": "",
    "containerheightmode": 1,
    "containerweight": 100,
    "contentalignment": 4,
    "focusskin": "s591daa3725946d9bb8773da55f0809e",
    "id": "tbxNumber1",
    "ide_onTextChange": "AS_TextField_cc7d26abb4c04b1ebb1cfd343dee2063",
    "info": null,
    "iscustomlayout": false,
    "isvisible": true,
    "keyboardtype": "A",
    "kuid": "d9e31816625f4941b729942cfc7ca465",
    "mode": "A",
    "name": "kony.ui.TextBox2",
    "parent": "flxHome",
    "pf": "frmHome",
    "placeholderskin": "s7edcacd19b945099dc98344bb5da1e8",
    "retaincontentalignment": false,
    "retainflexpositionproperties": false,
    "securetextentry": false,
    "textinputmode": "A",
    "tooltip": "",
    "viewtype": "default",
    "wType": "TextField",
    "zindex": 1
}