{
    "@class": "com.kony.gen.viz.model.component.KVizTextBox2",
    "DNDConfig": null,
    "__parentReadjusting__": false,
    "_height_": {
        "type": "string",
        "value": "40dp"
    },
    "_left_": {
        "type": "string",
        "value": "5.00%"
    },
    "_margin_": [
        0,
        0,
        0,
        0
    ],
    "_padding_": [
        3,
        0,
        0,
        0
    ],
    "_placeholder_": "Enter a number",
    "_skin_": "s1d8444a6aef4c6ead3a80d39d4475ef",
    "_text_": "",
    "_top_": {
        "type": "string",
        "value": "147dp"
    },
    "_width_": {
        "type": "string",
        "value": "90%"
    },
    "autocapitalize": "none",
    "autocomplete": false,
    "autocorrect": false,
    "autofilter": false,
    "canUpdateUI": true,
    "containerheight": "",
    "containerheightmode": 1,
    "containerweight": 100,
    "contentalignment": 5,
    "focusskin": "s591daa3725946d9bb8773da55f0809e",
    "id": "tbxOperations",
    "info": null,
    "iscustomlayout": false,
    "isvisible": true,
    "keyboardtype": "A",
    "kuid": "a03ea000bcae402c90141cfc2caf9d7c",
    "mode": "A",
    "name": "kony.ui.TextBox2",
    "parent": "flxHome",
    "pf": "frmHome",
    "placeholderskin": "s7edcacd19b945099dc98344bb5da1e8",
    "retaincontentalignment": false,
    "retainflexpositionproperties": false,
    "securetextentry": false,
    "textinputmode": "A",
    "tooltip": "",
    "viewtype": "default",
    "wType": "TextField",
    "zindex": 1
}