{
    "p2kwiet140781533154_button17218328914349_onClick_seq0": {
        "id": "p2kwiet140781533154_button17218328914349_onClick_seq0",
        "type": "ACTION_SEQUENCE",
        "params": [{
            "name": "eventobject",
            "value": "eventobject"
        }],
        "actions": [{
            "id": "customcode_onClick_852431407815331188",
            "type": "INVOKE_FUNCTION",
            "sequenceKUID": "saveDetailsResults",
            "display": "saveDetailsResults",
            "inputparams": []
        }]
    }
}