{
    "p2kwiet140781533147_button17218328914391_onClick_seq0": {
        "id": "p2kwiet140781533147_button17218328914391_onClick_seq0",
        "type": "ACTION_SEQUENCE",
        "params": [{
            "name": "eventobject",
            "value": "eventobject"
        }],
        "actions": [{
            "id": "customcode_onClick_401331407815332194",
            "type": "INVOKE_FUNCTION",
            "sequenceKUID": "readNutritionDetails",
            "display": "readNutritionDetails",
            "inputparams": []
        }]
    }
}