{
    "p2kwiet140781533134_fitness_postshow_seq0": {
        "id": "p2kwiet140781533134_fitness_postshow_seq0",
        "type": "ACTION_SEQUENCE",
        "params": [{
            "name": "eventobject",
            "value": "eventobject"
        }],
        "actions": [{
            "id": "customcode_postshow_226351407815337623",
            "type": "INVOKE_FUNCTION",
            "sequenceKUID": "initAuthFitness",
            "display": "initAuthFitness",
            "inputparams": []
        }]
    }
}