{
    "@class": "com.kony.gen.viz.model.component.KVizButton",
    "DNDConfig": null,
    "__parentReadjusting__": false,
    "_height_": {
        "type": "string",
        "value": "50dp"
    },
    "_left_": {
        "type": "string",
        "value": "37dp"
    },
    "_margin_": [
        6,
        6,
        6,
        6
    ],
    "_padding_": [
        0,
        0,
        0,
        0
    ],
    "_skin_": "sda204d36b704fe1ac1c9128b37cb085",
    "_text_": "Distance between points",
    "_top_": {
        "type": "string",
        "value": "99dp"
    },
    "_width_": {
        "type": "string",
        "value": "300dp"
    },
    "canUpdateUI": true,
    "centerx": {
        "type": "string",
        "value": "50%"
    },
    "containerweight": 100,
    "contentalignment": 5,
    "displaytext": true,
    "focusskin": "sbb43346d94641d1a318d92e353a9bde",
    "id": "btnDistance",
    "info": null,
    "iscustomlayout": false,
    "isvisible": true,
    "kuid": "b98c4df98b6e4e58acd37cf7ec6fca70",
    "name": "kony.ui.Button",
    "onclick": "AS_Button_c3b0bf516f8046d2ad71eda8da1fa80e",
    "parent": "flxBody",
    "pf": "frmAPIs",
    "retaincontentalignment": false,
    "retainflexpositionproperties": false,
    "wType": "Button",
    "zindex": 1
}