{
    "@class": "com.kony.gen.viz.model.component.KVizButton",
    "DNDConfig": null,
    "__parentReadjusting__": false,
    "_height_": {
        "type": "string",
        "value": "50dp"
    },
    "_left_": {
        "type": "string",
        "value": "37dp"
    },
    "_margin_": [
        6,
        6,
        6,
        6
    ],
    "_padding_": [
        0,
        0,
        0,
        0
    ],
    "_skin_": "s3fee0090b4b4f849d4f0df931fb7797",
    "_text_": "Contains Location",
    "_top_": {
        "type": "string",
        "value": "183dp"
    },
    "_width_": {
        "type": "string",
        "value": "300dp"
    },
    "canUpdateUI": true,
    "centerx": {
        "type": "string",
        "value": "50%"
    },
    "containerweight": 100,
    "contentalignment": 5,
    "displaytext": true,
    "focusskin": "sbb43346d94641d1a318d92e353a9bde",
    "id": "btnLocation",
    "info": null,
    "iscustomlayout": false,
    "isvisible": true,
    "kuid": "d037c68983724d38a0d20d6de9f6d44b",
    "name": "kony.ui.Button",
    "onclick": "AS_Button_b7f7f30c9fec401cb94519d359613475",
    "parent": "flxBody",
    "pf": "frmAPIs",
    "retaincontentalignment": false,
    "retainflexpositionproperties": false,
    "wType": "Button",
    "zindex": 1
}