{
    "@class": "com.kony.gen.viz.model.component.KVizButton",
    "DNDConfig": null,
    "__parentReadjusting__": false,
    "_height_": {
        "type": "string",
        "value": "50dp"
    },
    "_left_": {
        "type": "string",
        "value": "37dp"
    },
    "_margin_": [
        6,
        6,
        6,
        6
    ],
    "_padding_": [
        0,
        0,
        0,
        0
    ],
    "_skin_": "s3872e68ae22481290c84d7e4b2a0c98",
    "_text_": "Search Routes",
    "_top_": {
        "type": "string",
        "value": "271dp"
    },
    "_width_": {
        "type": "string",
        "value": "300dp"
    },
    "canUpdateUI": true,
    "centerx": {
        "type": "string",
        "value": "50%"
    },
    "containerweight": 100,
    "contentalignment": 5,
    "displaytext": true,
    "focusskin": "sbb43346d94641d1a318d92e353a9bde",
    "id": "btnSearchRoutes",
    "info": null,
    "iscustomlayout": false,
    "isvisible": true,
    "kuid": "g81e5eb4fc6246a790b5e8d6f478f47e",
    "name": "kony.ui.Button",
    "onclick": "AS_Button_d860c52e5f674962800edc72475b5516",
    "parent": "flxBody",
    "pf": "frmAPIs",
    "retaincontentalignment": false,
    "retainflexpositionproperties": false,
    "wType": "Button",
    "zindex": 1
}