{
    "@class": "com.kony.gen.viz.model.container.KVizSegment2",
    "DNDConfig": null,
    "__parentReadjusting__": false,
    "_bounces_": false,
    "_data_": [
        {},
        {},
        {}
    ],
    "_height_": {
        "type": "string",
        "value": "100%"
    },
    "_indicator_": "none",
    "_left_": {
        "type": "string",
        "value": "0%"
    },
    "_margin_": [
        0,
        0,
        0,
        0
    ],
    "_orientation_": 2,
    "_padding_": [
        0,
        0,
        0,
        0
    ],
    "_top_": {
        "type": "string",
        "value": "0%"
    },
    "_width_": {
        "type": "string",
        "value": "100%"
    },
    "autogrowmode": 0,
    "canUpdateUI": true,
    "containerweight": 100,
    "counter": "08",
    "focusedindex": null,
    "focuseditem": null,
    "groupcells": false,
    "hasSections": false,
    "hiddencolumns": {
        "curnt_view": "text"
    },
    "id": "segMessagesList",
    "info": null,
    "ipad": {
        "psp": {
            "indicator": "rowselect"
        }
    },
    "iphone": {
        "psp": {
            "bounces": false,
            "indicator": "none",
            "showProgressIndicator": false
        }
    },
    "isvisible": true,
    "kuid": "d04df990b928495d928da723577d76d4",
    "masterdata": {},
    "mobile": {
        "_data_": [
            {},
            {},
            {},
            {},
            {},
            {},
            {},
            {},
            {}
        ],
        "rowtemplate": null,
        "widgetdatamap": {}
    },
    "name": "kony.ui.SegmentedUI2",
    "needpageindicator": true,
    "pageoffdotimage": "pageoffdot.png",
    "pageondotimage": "pageondot.png",
    "paginationconfig": {
        "position": "bottom"
    },
    "parent": "smsMessage",
    "pf": "userwidgetmodel",
    "retainselection": false,
    "rowcounter": 8,
    "rowfocusskin": null,
    "rowskin": "sae225df84c54aa889b4c89152b10a9f",
    "rowtemplate": "flxSmsMessage",
    "screenlevelwidget": false,
    "seccounter": 0,
    "sectionheaderskin": "scff7a9efe5a4878be3c0f5b53dafc49",
    "selectedRows": null,
    "selectedState": false,
    "selectedindex": null,
    "selectedindices": null,
    "selecteditems": null,
    "selectedsectionindex": null,
    "selectionbehavior": "default",
    "separatorcolor": "64646400",
    "separatorrequired": true,
    "separatorthickness": 1,
    "showprogressindicator": false,
    "showscrollbars": false,
    "viewtype": "tableview",
    "wType": "Segment",
    "widgetalignment": 5,
    "widgetdatamap": {},
    "zindex": 1
}