{
    "@class": "com.kony.gen.viz.model.component.KVizButton",
    "DNDConfig": null,
    "__parentReadjusting__": false,
    "_height_": {
        "type": "string",
        "value": "50dp"
    },
    "_margin_": [
        6,
        6,
        6,
        6
    ],
    "_padding_": [
        0,
        0,
        0,
        0
    ],
    "_right_": {
        "type": "string",
        "value": "10dp"
    },
    "_skin_": "s5751c2a5fe64174a7bc63836d1ccfad",
    "_text_": "Pay",
    "_width_": {
        "type": "string",
        "value": "50dp"
    },
    "canUpdateUI": true,
    "centery": {
        "type": "string",
        "value": "50%"
    },
    "containerId": true,
    "containerweight": 100,
    "contentalignment": 5,
    "displaytext": true,
    "focusskin": "s3297972f4104dea9228614dd468b072",
    "id": "btnPayee",
    "ide_onClick": "AS_Button_ab0f524959364fc28ec3cc3949279ed0",
    "info": null,
    "iscustomlayout": false,
    "isvisible": true,
    "kuid": "ha4427db5b7e4b029148170a40566df6",
    "name": "kony.ui.Button",
    "parent": "flxContPayee",
    "pf": "tmpContacts",
    "retaincontentalignment": false,
    "retainflexpositionproperties": false,
    "wType": "Button",
    "zindex": 1
}