{
    "DNDConfig": null,
    "_height_": {
        "type": "string",
        "value": "68dp"
    },
    "_left_": {
        "type": "string",
        "value": "0dp"
    },
    "_margin_": [
        0,
        0,
        0,
        0
    ],
    "_orientation_": 6,
    "_padding_": [
        0,
        0,
        0,
        0
    ],
    "_percent_": true,
    "_skin_": "s0644e521cab4dbdbec91b00c9aa0bbb",
    "_top_": {
        "type": "string",
        "value": "0dp"
    },
    "_width_": {
        "type": "string",
        "value": "100%"
    },
    "allboxes": [],
    "autogrowmode": 0,
    "canUpdateUI": true,
    "children": [
        "flxContPayee",
        "lbNumber",
        "lblEmail",
        "lblAddress",
        "lmobile",
        "lEmail",
        "lPlace"
    ],
    "clipbounds": true,
    "containerId": true,
    "containerweight": 100,
    "controllerInfo": {
        "default": {
            "channel": "mobile",
            "name": "flxContactsController"
        }
    },
    "enablescrolling": true,
    "id": "flxContacts",
    "info": null,
    "isTemplate": true,
    "iscustomlayout": false,
    "isvisible": true,
    "kuid": "d0dc5bd5ab514771955bd77a5669e965",
    "layouttype": 2,
    "name": "kony.ui.FlexContainer",
    "parent": "tmpContacts",
    "pf": "tmpContacts",
    "retaincontentalignment": false,
    "retainflexpositionproperties": false,
    "snapgridsize": 10,
    "snaptogrid": true,
    "wType": "FlexContainer",
    "widgetalignment": 1
}