{
    "classname": "customAlert",
    "definitions": {
        "apis": {
            "custom": [
                {
                    "group": "General",
                    "kuid": "abe19817dc374fcb8ec22a9f248234d4",
                    "paramList": [
                        {
                            "name": "isRich"
                        },
                        {
                            "name": "title"
                        },
                        {
                            "name": "body"
                        }
                    ],
                    "propertyKey": "openPopUp",
                    "pw": {
                        "displayName": "openPopUp",
                        "uiRepresentation": "Label-Label-Button-Button"
                    },
                    "srcWgtKUID": "b4cdf73cee2744ab8cdb4538e94c40a3",
                    "type": "event"
                }
            ],
            "passthrough": []
        },
        "events": {
            "custom": [],
            "passthrough": [
                {
                    "access": "Enable",
                    "group": "General",
                    "kuid": "ac8faca135074059bb0c6f7820c648f1",
                    "originalPropertyKey": "onClick",
                    "propertyIndex": 1,
                    "propertyKey": "OnflxClick",
                    "pw": {
                        "access": "readwrite",
                        "category": "action",
                        "displayName": "OnflxClick",
                        "srcWidget": "flxMain",
                        "type": "action",
                        "uiRepresentation": "Label-Label-Button-Button",
                        "wType": "FlexContainer"
                    },
                    "srcWgtKUID": "d6def46965fa4851a2e265ef4343c8b8",
                    "translateAtInstance": false
                },
                {
                    "access": "Enable",
                    "group": "General",
                    "kuid": "ef349b8d8623408c8fa26666bf7fd2fc",
                    "originalPropertyKey": "onClick",
                    "propertyIndex": 2,
                    "propertyKey": "btnClose",
                    "pw": {
                        "access": "readwrite",
                        "category": "action",
                        "displayName": "btnClose",
                        "srcWidget": "btnClose",
                        "type": "action",
                        "uiRepresentation": "Label-Label-Button-Button",
                        "wType": "Button"
                    },
                    "srcWgtKUID": "jedbe8212f9840f9b5fba04fb58ecf10",
                    "translateAtInstance": false
                }
            ]
        },
        "groups": {
            "apis": [
                "General"
            ],
            "events": [],
            "properties": [],
            "widgets": []
        },
        "properties": {
            "custom": [],
            "passthrough": []
        },
        "widgets": {
            "expose": [],
            "passthrough": []
        }
    },
    "namespace": "com.voltmx",
    "version": "1.0.0"
}