{
    "@class": "com.kony.gen.viz.model.component.KVizButton",
    "DNDConfig": null,
    "__parentReadjusting__": false,
    "_bottom_": {
        "type": "string",
        "value": "4%"
    },
    "_height_": {
        "type": "string",
        "value": "70dp"
    },
    "_margin_": [
        6,
        6,
        6,
        6
    ],
    "_padding_": [
        0,
        0,
        0,
        0
    ],
    "_right_": {
        "type": "string",
        "value": "4%"
    },
    "_skin_": "s267010855c44d05b646f17757c6ceb1",
    "_text_": "",
    "_width_": {
        "type": "string",
        "value": "70dp"
    },
    "canUpdateUI": true,
    "containerweight": 100,
    "contentalignment": 5,
    "displaytext": true,
    "focusskin": "s267010855c44d05b646f17757c6ceb1",
    "id": "Button0c4ad1989651943",
    "ide_onClick": "AS_Button_d214db0a9e0b413380591c1435c18e25",
    "info": null,
    "iscustomlayout": false,
    "isvisible": true,
    "kuid": "jbb90c79f9804cba88afc437461771b2",
    "name": "kony.ui.Button",
    "parent": "frmRotation",
    "pf": "frmRotation",
    "retaincontentalignment": false,
    "retainflexpositionproperties": false,
    "wType": "Button",
    "zindex": 10
}