{
    "AS_Button_efc1db0cdde549c78b31071eaf8b1b38": {
        "id": "AS_Button_efc1db0cdde549c78b31071eaf8b1b38",
        "type": "ACTION_SEQUENCE",
        "params": [{
            "datatype": "collection",
            "name": "eventobject"
        }],
        "contextObj": {
            "name": "Form1",
            "type": "forms",
            "platform": "",
            "KUID": "f7fa2a2058694c57b4e03dd1c692e369"
        },
        "language": "js",
        "actions": [{
            "id": "INVOKE_FUNCTION___d81ec6bc5ac644d59658928d27b85900",
            "type": "INVOKE_FUNCTION",
            "sequenceKUID": "requestAppReview",
            "display": "requestAppReview",
            "inputparams": [],
            "parentId": null,
            "callbackType": null,
            "disabled": null,
            "source": "controller"
        }]
    }
}