{"FoundryIdentityMessageDemo":{"login":{"servicename":"FoundryIdentityMessageDemo","serviceid":"7b5d9ef8-cc67-4a0c-8f9e-543713ca93de","type":"integration","operationname":"login","operationid":"28598"},"logout":{"servicename":"FoundryIdentityMessageDemo","serviceid":"7b5d9ef8-cc67-4a0c-8f9e-543713ca93de","type":"integration","operationname":"logout","operationid":"28599"}},"MessagingService":{"createUpdateUser":{"servicename":"MessagingService","serviceid":"541e07a6-8be0-416c-ba82-da5a32c2c3b5","type":"integration","operationname":"createUpdateUser","operationid":"28602"},"getAllEvents":{"servicename":"MessagingService","serviceid":"541e07a6-8be0-416c-ba82-da5a32c2c3b5","type":"integration","operationname":"getAllEvents","operationid":"28603"},"triggerAdhocPush":{"servicename":"MessagingService","serviceid":"541e07a6-8be0-416c-ba82-da5a32c2c3b5","type":"integration","operationname":"triggerAdhocPush","operationid":"28604"},"triggerEvent":{"servicename":"MessagingService","serviceid":"541e07a6-8be0-416c-ba82-da5a32c2c3b5","type":"integration","operationname":"triggerEvent","operationid":"28605"}},"msgHistory":{"fetchPushMessages":{"servicename":"msgHistory","serviceid":"7285975d-7ca2-483b-84e2-2ff6a4f91147","type":"integration","operationname":"fetchPushMessages","operationid":"28611"},"getPushMessageFullContent":{"servicename":"msgHistory","serviceid":"7285975d-7ca2-483b-84e2-2ff6a4f91147","type":"integration","operationname":"getPushMessageFullContent","operationid":"28609"},"getPushPayloadAndroid":{"servicename":"msgHistory","serviceid":"7285975d-7ca2-483b-84e2-2ff6a4f91147","type":"integration","operationname":"getPushPayloadAndroid","operationid":"28607"},"getPushPayloadIOS":{"servicename":"msgHistory","serviceid":"7285975d-7ca2-483b-84e2-2ff6a4f91147","type":"integration","operationname":"getPushPayloadIOS","operationid":"28608"},"getRichPushMessageContent":{"servicename":"msgHistory","serviceid":"7285975d-7ca2-483b-84e2-2ff6a4f91147","type":"integration","operationname":"getRichPushMessageContent","operationid":"28610"}}}